{
"type": "FeatureCollection",
"name": "Butte MT PLSS Sections",
"features": [
{ "type": "Feature", "properties": { "PLSSID": "MT200030N0070W0", "FRSTDIVID": "MT200030N0070W0SN080", "FRSTDIVTYP": "SN", "FRSTDIVTXT": "Section", "FRSTDIVNO": "08", "FRSTDIVDUP": "0", "FRSTDIVLAB": "08", "SURVTYP": null, "SURVTYPTXT": null, "SOURCEDATE": null, "SOURCEREF": null, "RECRDAREAT": null, "RECRDAREAN": 0.0, "GISACRE": 646.76138233500001, "SHAPE_Leng": 6500.72959997, "SHAPE_Area": 2617350.4538599998 }, "geometry": { "type": "MultiPolygon", "coordinates": [ [ [ [ -112.4876377, 46.0187121 ], [ -112.487327, 46.0187132 ], [ -112.4873276, 46.0188145 ], [ -112.4873312, 46.020288 ], [ -112.4873329, 46.0210134 ], [ -112.4873337, 46.0211308 ], [ -112.4873441, 46.0219293 ], [ -112.4873513, 46.0224722 ], [ -112.4873514, 46.0224816 ], [ -112.4873551, 46.0227695 ], [ -112.4873729, 46.0241253 ], [ -112.4873755, 46.024324 ], [ -112.4873799, 46.0246547 ], [ -112.4873916, 46.0255509 ], [ -112.4873911, 46.0260281 ], [ -112.4873911, 46.0261299 ], [ -112.4873946, 46.0269899 ], [ -112.4873972, 46.0276064 ], [ -112.4874017, 46.0286906 ], [ -112.4874031, 46.0290339 ], [ -112.4874037, 46.029165 ], [ -112.4874062, 46.0297854 ], [ -112.4874095, 46.0305706 ], [ -112.4874153, 46.0319741 ], [ -112.487415, 46.0322092 ], [ -112.4874149, 46.0322835 ], [ -112.487414, 46.0327791 ], [ -112.4874125, 46.0334409 ], [ -112.4900113, 46.0334435 ], [ -112.4925733, 46.0334484 ], [ -112.4973781, 46.0334575 ], [ -112.4977341, 46.0334581 ], [ -112.5029496, 46.0333865 ], [ -112.5033219, 46.0333814 ], [ -112.5039144, 46.0333732 ], [ -112.504796, 46.0333611 ], [ -112.5049791, 46.0333586 ], [ -112.506044, 46.033344 ], [ -112.5081651, 46.0333148 ], [ -112.5081713, 46.0327902 ], [ -112.5081796, 46.0320769 ], [ -112.5081813, 46.0319274 ], [ -112.5081987, 46.0304405 ], [ -112.5082078, 46.0296625 ], [ -112.5082083, 46.0295439 ], [ -112.5082082, 46.0293931 ], [ -112.5081953, 46.0278898 ], [ -112.5082036, 46.0270818 ], [ -112.5081681, 46.0270778 ], [ -112.5082046, 46.0269871 ], [ -112.5082053, 46.0269136 ], [ -112.5082084, 46.026613 ], [ -112.5081582, 46.0260342 ], [ -112.5082143, 46.0260339 ], [ -112.5082176, 46.0253096 ], [ -112.5082185, 46.0249756 ], [ -112.5082186, 46.0249654 ], [ -112.5082165, 46.0238336 ], [ -112.5082165, 46.0238096 ], [ -112.5082159, 46.0235179 ], [ -112.5082158, 46.0233376 ], [ -112.5082201, 46.0223705 ], [ -112.5082242, 46.0218416 ], [ -112.5082264, 46.0215617 ], [ -112.5082357, 46.0203769 ], [ -112.5082348, 46.0201909 ], [ -112.5082335, 46.0199173 ], [ -112.5082334, 46.0198992 ], [ -112.5082292, 46.019003 ], [ -112.508225, 46.0189538 ], [ -112.508229, 46.018954 ], [ -112.508229, 46.0187372 ], [ -112.5082056, 46.0187375 ], [ -112.5080243, 46.0187409 ], [ -112.5056192, 46.0187671 ], [ -112.505032, 46.0187734 ], [ -112.5029746, 46.0187973 ], [ -112.5003535, 46.0188283 ], [ -112.4977373, 46.0188556 ], [ -112.4951352, 46.018844 ], [ -112.4925343, 46.0188343 ], [ -112.4899276, 46.0188239 ], [ -112.4899268, 46.0187032 ], [ -112.4876377, 46.0187121 ] ] ] ] } },
{ "type": "Feature", "properties": { "PLSSID": "MT200030N0080W0", "FRSTDIVID": "MT200030N0080W0SN110", "FRSTDIVTYP": "SN", "FRSTDIVTXT": "Section", "FRSTDIVNO": "11", "FRSTDIVDUP": "0", "FRSTDIVLAB": "11", "SURVTYP": null, "SURVTYPTXT": null, "SOURCEDATE": null, "SOURCEREF": null, "RECRDAREAT": null, "RECRDAREAN": 0.0, "GISACRE": 643.30477900699998, "SHAPE_Leng": 6461.9682575300003, "SHAPE_Area": 2603362.0764899999 }, "geometry": { "type": "MultiPolygon", "coordinates": [ [ [ [ -112.5495586, 46.0191149 ], [ -112.5495607, 46.0198556 ], [ -112.5495638, 46.020944 ], [ -112.5495639, 46.0209867 ], [ -112.5495662, 46.0217926 ], [ -112.5495673, 46.0221849 ], [ -112.5495679, 46.0223812 ], [ -112.549568, 46.0224313 ], [ -112.5495683, 46.022529 ], [ -112.5495726, 46.0240331 ], [ -112.5495731, 46.0242203 ], [ -112.5495776, 46.0258096 ], [ -112.5495776, 46.0258205 ], [ -112.5495806, 46.0268642 ], [ -112.5495807, 46.0268997 ], [ -112.549585, 46.0284308 ], [ -112.549585, 46.0284326 ], [ -112.5495862, 46.0288464 ], [ -112.5495879, 46.0294342 ], [ -112.5495908, 46.0304896 ], [ -112.5495914, 46.030681 ], [ -112.5495921, 46.0309364 ], [ -112.5495945, 46.0317608 ], [ -112.549595, 46.0319496 ], [ -112.5495965, 46.0324752 ], [ -112.5495978, 46.0329394 ], [ -112.5495981, 46.0330589 ], [ -112.5502235, 46.0330617 ], [ -112.5505977, 46.0330634 ], [ -112.5548393, 46.0330822 ], [ -112.5564271, 46.0330893 ], [ -112.5600805, 46.0331055 ], [ -112.5607058, 46.0331083 ], [ -112.560936, 46.0331094 ], [ -112.5632166, 46.0331195 ], [ -112.5653216, 46.0331289 ], [ -112.5664121, 46.0331337 ], [ -112.5705627, 46.0331522 ], [ -112.5705091, 46.0315442 ], [ -112.5705066, 46.0314739 ], [ -112.5704594, 46.0300427 ], [ -112.570449, 46.0295063 ], [ -112.5704428, 46.0291903 ], [ -112.5704308, 46.0285679 ], [ -112.570414, 46.0277073 ], [ -112.5704062, 46.0273018 ], [ -112.5703842, 46.0261728 ], [ -112.5703733, 46.0258603 ], [ -112.5703721, 46.0249612 ], [ -112.57037, 46.0233508 ], [ -112.5703685, 46.0222234 ], [ -112.5703676, 46.0215818 ], [ -112.5703675, 46.0214986 ], [ -112.5703668, 46.0209674 ], [ -112.5703663, 46.0205575 ], [ -112.5703641, 46.0189232 ], [ -112.5703636, 46.0185866 ], [ -112.5690556, 46.0185849 ], [ -112.5689899, 46.0185848 ], [ -112.565162, 46.01858 ], [ -112.5630562, 46.0185773 ], [ -112.5622916, 46.0185764 ], [ -112.5599603, 46.0185734 ], [ -112.559001, 46.0185722 ], [ -112.5555205, 46.0185678 ], [ -112.5547587, 46.0185668 ], [ -112.5521432, 46.0185635 ], [ -112.5495686, 46.0185602 ], [ -112.549557, 46.0185602 ], [ -112.5495586, 46.0191149 ] ] ] ] } },
{ "type": "Feature", "properties": { "PLSSID": "MT200030N0080W0", "FRSTDIVID": "MT200030N0080W0SN040", "FRSTDIVTYP": "SN", "FRSTDIVTXT": "Section", "FRSTDIVNO": "04", "FRSTDIVDUP": "0", "FRSTDIVLAB": "04", "SURVTYP": null, "SURVTYPTXT": null, "SOURCEDATE": null, "SOURCEREF": null, "RECRDAREAT": null, "RECRDAREAN": 0.0, "GISACRE": 629.03533309500006, "SHAPE_Leng": 6390.9130616700004, "SHAPE_Area": 2545615.67765 }, "geometry": { "type": "MultiPolygon", "coordinates": [ [ [ [ -112.5913457, 46.0344146 ], [ -112.5913212, 46.0360569 ], [ -112.5913129, 46.0366159 ], [ -112.591259, 46.0402292 ], [ -112.5912291, 46.0438451 ], [ -112.5912011, 46.0473255 ], [ -112.5963742, 46.0473311 ], [ -112.6015474, 46.0473367 ], [ -112.6067205, 46.0473423 ], [ -112.6118936, 46.0473479 ], [ -112.6119321, 46.0439234 ], [ -112.6119755, 46.0402994 ], [ -112.6120671, 46.0366694 ], [ -112.6121586, 46.0330394 ], [ -112.6102975, 46.0330455 ], [ -112.6088263, 46.0330518 ], [ -112.6069619, 46.033058 ], [ -112.6065151, 46.0330595 ], [ -112.6017642, 46.0330743 ], [ -112.6007899, 46.0330709 ], [ -112.596584, 46.0330508 ], [ -112.5947904, 46.0330342 ], [ -112.5913667, 46.0330026 ], [ -112.5913457, 46.0344146 ] ] ] ] } },
{ "type": "Feature", "properties": { "PLSSID": "MT200030N0070W0", "FRSTDIVID": "MT200030N0070W0SN110", "FRSTDIVTYP": "SN", "FRSTDIVTXT": "Section", "FRSTDIVNO": "11", "FRSTDIVDUP": "0", "FRSTDIVLAB": "11", "SURVTYP": null, "SURVTYPTXT": null, "SOURCEDATE": null, "SOURCEREF": null, "RECRDAREAT": null, "RECRDAREAN": 0.0, "GISACRE": 641.62714100999995, "SHAPE_Leng": 6597.4331898199998, "SHAPE_Area": 2596572.9163799998 }, "geometry": { "type": "MultiPolygon", "coordinates": [ [ [ [ -112.4406452, 46.0328264 ], [ -112.4414063, 46.0328266 ], [ -112.4435159, 46.0328271 ], [ -112.4436759, 46.0328272 ], [ -112.4458256, 46.0328278 ], [ -112.4458602, 46.0328102 ], [ -112.44585, 46.0318319 ], [ -112.4458468, 46.0315173 ], [ -112.4458431, 46.0311627 ], [ -112.4458377, 46.0306501 ], [ -112.446188, 46.0305892 ], [ -112.4459937, 46.0297393 ], [ -112.4458717, 46.02921 ], [ -112.4458204, 46.0289875 ], [ -112.4458141, 46.02896 ], [ -112.4458139, 46.0289591 ], [ -112.4457461, 46.0286644 ], [ -112.445817, 46.0286548 ], [ -112.4457996, 46.0269874 ], [ -112.4457996, 46.0269865 ], [ -112.445788, 46.0258714 ], [ -112.4457851, 46.0255924 ], [ -112.4457709, 46.0242322 ], [ -112.445765, 46.0236587 ], [ -112.4457495, 46.0221709 ], [ -112.4457474, 46.0219747 ], [ -112.4457454, 46.021775 ], [ -112.4457309, 46.020385 ], [ -112.4457239, 46.0197142 ], [ -112.4457121, 46.0185744 ], [ -112.4457112, 46.0184923 ], [ -112.4457111, 46.0184769 ], [ -112.4457098, 46.018357 ], [ -112.4434645, 46.0183526 ], [ -112.4420317, 46.0183499 ], [ -112.4409026, 46.0183477 ], [ -112.4405035, 46.0184222 ], [ -112.4405028, 46.0183469 ], [ -112.4398752, 46.0183457 ], [ -112.438678, 46.0183434 ], [ -112.4384626, 46.018343 ], [ -112.4352958, 46.0183369 ], [ -112.4352308, 46.0183367 ], [ -112.433737, 46.0183339 ], [ -112.4335901, 46.0183335 ], [ -112.4328201, 46.0183321 ], [ -112.4300888, 46.0183268 ], [ -112.4293566, 46.0183254 ], [ -112.4282218, 46.0183232 ], [ -112.4248818, 46.0183168 ], [ -112.4248839, 46.0188428 ], [ -112.424887, 46.0196052 ], [ -112.4248895, 46.0202279 ], [ -112.4248914, 46.0206876 ], [ -112.4248941, 46.0213427 ], [ -112.4248965, 46.0219348 ], [ -112.424898, 46.0222875 ], [ -112.4249055, 46.0239192 ], [ -112.4249102, 46.0246587 ], [ -112.4249159, 46.0255529 ], [ -112.4249237, 46.0261272 ], [ -112.4249656, 46.0291882 ], [ -112.4250039, 46.0319862 ], [ -112.4250153, 46.0328234 ], [ -112.4300784, 46.0328243 ], [ -112.4302226, 46.0328244 ], [ -112.4309871, 46.0328245 ], [ -112.4339453, 46.0328249 ], [ -112.4343605, 46.0327292 ], [ -112.4354268, 46.0324845 ], [ -112.43543, 46.0328251 ], [ -112.4361914, 46.0328251 ], [ -112.4401562, 46.0328262 ], [ -112.4401684, 46.0325034 ], [ -112.4406418, 46.0324855 ], [ -112.4406452, 46.0328264 ] ] ] ] } },
{ "type": "Feature", "properties": { "PLSSID": "MT200040N0080W0", "FRSTDIVID": "MT200040N0080W0SN140", "FRSTDIVTYP": "SN", "FRSTDIVTXT": "Section", "FRSTDIVNO": "14", "FRSTDIVDUP": "0", "FRSTDIVLAB": "14", "SURVTYP": null, "SURVTYPTXT": null, "SOURCEDATE": null, "SOURCEREF": null, "RECRDAREAT": null, "RECRDAREAN": 0.0, "GISACRE": 634.64063266100004, "SHAPE_Leng": 6410.80748141, "SHAPE_Area": 2568299.5202000001 }, "geometry": { "type": "MultiPolygon", "coordinates": [ [ [ [ -112.549214, 46.0944628 ], [ -112.5491715, 46.0980611 ], [ -112.5491289, 46.1016594 ], [ -112.5490864, 46.1052578 ], [ -112.5542754, 46.1052333 ], [ -112.5594645, 46.1052088 ], [ -112.5646536, 46.1051843 ], [ -112.5698426, 46.1051597 ], [ -112.5699004, 46.1015632 ], [ -112.5699582, 46.0979666 ], [ -112.570016, 46.0943701 ], [ -112.5700738, 46.0907735 ], [ -112.5648695, 46.0907962 ], [ -112.5596652, 46.090819 ], [ -112.5544609, 46.0908417 ], [ -112.5492565, 46.0908645 ], [ -112.549214, 46.0944628 ] ] ] ] } },
{ "type": "Feature", "properties": { "PLSSID": "MT200030N0070W0", "FRSTDIVID": "MT200030N0070W0SN070", "FRSTDIVTYP": "SN", "FRSTDIVTXT": "Section", "FRSTDIVNO": "07", "FRSTDIVDUP": "0", "FRSTDIVLAB": "07", "SURVTYP": null, "SURVTYPTXT": null, "SOURCEDATE": null, "SOURCEREF": null, "RECRDAREAT": null, "RECRDAREAN": 0.0, "GISACRE": 633.67693004800003, "SHAPE_Leng": 6422.8256985500002, "SHAPE_Area": 2564399.5540900002 }, "geometry": { "type": "MultiPolygon", "coordinates": [ [ [ [ -112.5139061, 46.0332452 ], [ -112.5140985, 46.0332429 ], [ -112.516555, 46.0332131 ], [ -112.516819, 46.0332099 ], [ -112.518624, 46.033188 ], [ -112.5222643, 46.0331416 ], [ -112.5225331, 46.0331382 ], [ -112.5238605, 46.0331212 ], [ -112.5272975, 46.0330772 ], [ -112.5285006, 46.0330618 ], [ -112.5287291, 46.0330589 ], [ -112.5287278, 46.0321924 ], [ -112.5287274, 46.0318243 ], [ -112.5287274, 46.0318098 ], [ -112.5287189, 46.0304325 ], [ -112.5287188, 46.0303347 ], [ -112.5287161, 46.0295624 ], [ -112.528716, 46.0294863 ], [ -112.5287156, 46.0294163 ], [ -112.5287066, 46.0280447 ], [ -112.5287021, 46.0271305 ], [ -112.5287021, 46.0270363 ], [ -112.5286904, 46.0257737 ], [ -112.5286899, 46.0255073 ], [ -112.5286865, 46.0246556 ], [ -112.5286855, 46.0242792 ], [ -112.5286839, 46.0236824 ], [ -112.5286838, 46.0236045 ], [ -112.5286837, 46.0235156 ], [ -112.5286838, 46.0234629 ], [ -112.5286837, 46.0233434 ], [ -112.5286837, 46.0233326 ], [ -112.5286838, 46.0231189 ], [ -112.528678, 46.0221773 ], [ -112.528678, 46.0221515 ], [ -112.5286779, 46.0220687 ], [ -112.5286779, 46.0220181 ], [ -112.5286662, 46.0207716 ], [ -112.5286645, 46.0202519 ], [ -112.5286605, 46.0194691 ], [ -112.5286604, 46.0193985 ], [ -112.5286547, 46.0185294 ], [ -112.5268428, 46.0185462 ], [ -112.5267615, 46.018547 ], [ -112.5238296, 46.0185744 ], [ -112.5216486, 46.0185952 ], [ -112.5185805, 46.0186244 ], [ -112.5160382, 46.0186521 ], [ -112.5146194, 46.0186676 ], [ -112.5141795, 46.0186724 ], [ -112.5136213, 46.0186785 ], [ -112.5134048, 46.0186808 ], [ -112.5117379, 46.018699 ], [ -112.508229, 46.0187372 ], [ -112.508229, 46.018954 ], [ -112.508225, 46.0189538 ], [ -112.5082292, 46.019003 ], [ -112.5082334, 46.0198992 ], [ -112.5082335, 46.0199173 ], [ -112.5082348, 46.0201909 ], [ -112.5082357, 46.0203769 ], [ -112.5082264, 46.0215617 ], [ -112.5082242, 46.0218416 ], [ -112.5082201, 46.0223705 ], [ -112.5082158, 46.0233376 ], [ -112.5082159, 46.0235179 ], [ -112.5082165, 46.0238096 ], [ -112.5082165, 46.0238336 ], [ -112.5082186, 46.0249654 ], [ -112.5082185, 46.0249756 ], [ -112.5082176, 46.0253096 ], [ -112.5082143, 46.0260339 ], [ -112.5081582, 46.0260342 ], [ -112.5082084, 46.026613 ], [ -112.5082053, 46.0269136 ], [ -112.5082046, 46.0269871 ], [ -112.5081681, 46.0270778 ], [ -112.5082036, 46.0270818 ], [ -112.5081953, 46.0278898 ], [ -112.5082082, 46.0293931 ], [ -112.5082083, 46.0295439 ], [ -112.5082078, 46.0296625 ], [ -112.5081987, 46.0304405 ], [ -112.5081813, 46.0319274 ], [ -112.5081796, 46.0320769 ], [ -112.5081713, 46.0327902 ], [ -112.5081651, 46.0333148 ], [ -112.5092045, 46.0333022 ], [ -112.509472, 46.033299 ], [ -112.5133946, 46.0332514 ], [ -112.5133947, 46.0331784 ], [ -112.5139061, 46.0332452 ] ] ] ] } },
{ "type": "Feature", "properties": { "PLSSID": "MT200040N0090W0", "FRSTDIVID": "MT200040N0090W0SN240", "FRSTDIVTYP": "SN", "FRSTDIVTXT": "Section", "FRSTDIVNO": "24", "FRSTDIVDUP": "0", "FRSTDIVLAB": "24", "SURVTYP": null, "SURVTYPTXT": null, "SOURCEDATE": null, "SOURCEREF": null, "RECRDAREAT": null, "RECRDAREAN": 0.0, "GISACRE": 635.10780310400003, "SHAPE_Leng": 6413.3247950200002, "SHAPE_Area": 2570190.09191 }, "geometry": { "type": "MultiPolygon", "coordinates": [ [ [ [ -112.6681309, 46.0763193 ], [ -112.662941, 46.0763178 ], [ -112.6577464, 46.0763181 ], [ -112.6528113, 46.0763185 ], [ -112.6528154, 46.0764776 ], [ -112.6527379, 46.0799393 ], [ -112.6526568, 46.0835601 ], [ -112.6526535, 46.0837066 ], [ -112.6525757, 46.0871809 ], [ -112.6524946, 46.0908017 ], [ -112.657746, 46.0907993 ], [ -112.662943, 46.0907969 ], [ -112.6681362, 46.0907944 ], [ -112.6733294, 46.0907918 ], [ -112.6733273, 46.087174 ], [ -112.6733251, 46.0835563 ], [ -112.673323, 46.0799385 ], [ -112.6733209, 46.0763208 ], [ -112.6681309, 46.0763193 ] ] ] ] } },
{ "type": "Feature", "properties": { "PLSSID": "MT200040N0090W0", "FRSTDIVID": "MT200040N0090W0SN260", "FRSTDIVTYP": "SN", "FRSTDIVTXT": "Section", "FRSTDIVNO": "26", "FRSTDIVDUP": "0", "FRSTDIVLAB": "26", "SURVTYP": null, "SURVTYPTXT": null, "SOURCEDATE": null, "SOURCEREF": null, "RECRDAREAT": null, "RECRDAREAN": 0.0, "GISACRE": 637.76917554500005, "SHAPE_Leng": 6426.1563597599998, "SHAPE_Area": 2580960.28406 }, "geometry": { "type": "MultiPolygon", "coordinates": [ [ [ [ -112.6732933, 46.065469 ], [ -112.6733025, 46.0690863 ], [ -112.6733117, 46.0727036 ], [ -112.6733209, 46.0763208 ], [ -112.6785159, 46.0763183 ], [ -112.6837109, 46.0763158 ], [ -112.6889059, 46.0763133 ], [ -112.6941009, 46.0763108 ], [ -112.6940888, 46.0726976 ], [ -112.6940767, 46.0690845 ], [ -112.6940647, 46.0654713 ], [ -112.6940526, 46.0618582 ], [ -112.6888605, 46.0618566 ], [ -112.6836684, 46.0618549 ], [ -112.6784763, 46.0618533 ], [ -112.6732842, 46.0618517 ], [ -112.6732933, 46.065469 ] ] ] ] } },
{ "type": "Feature", "properties": { "PLSSID": "MT200030N0080W0", "FRSTDIVID": "MT200030N0080W0SN240", "FRSTDIVTYP": "SN", "FRSTDIVTXT": "Section", "FRSTDIVNO": "24", "FRSTDIVDUP": "0", "FRSTDIVLAB": "24", "SURVTYP": null, "SURVTYPTXT": null, "SOURCEDATE": null, "SOURCEREF": null, "RECRDAREAT": null, "RECRDAREAN": 0.0, "GISACRE": 645.99287251400006, "SHAPE_Leng": 6466.0886908000002, "SHAPE_Area": 2614240.40496 }, "geometry": { "type": "MultiPolygon", "coordinates": [ [ [ [ -112.5474386, 46.0040159 ], [ -112.5479617, 46.0040159 ], [ -112.5493469, 46.0040159 ], [ -112.5495534, 46.0040158 ], [ -112.5495541, 46.0037749 ], [ -112.5495547, 46.0035706 ], [ -112.5495573, 46.0027186 ], [ -112.5495616, 46.0013407 ], [ -112.5495645, 46.0003829 ], [ -112.5495646, 46.0001089 ], [ -112.5495646, 45.9997847 ], [ -112.5495646, 45.9996872 ], [ -112.5495646, 45.9995506 ], [ -112.5495631, 45.9992292 ], [ -112.5495602, 45.9985937 ], [ -112.5495568, 45.9978467 ], [ -112.5495567, 45.9977101 ], [ -112.5495557, 45.9969641 ], [ -112.5495557, 45.9967614 ], [ -112.549542, 45.9931092 ], [ -112.5494956, 45.9894928 ], [ -112.54688, 45.9894848 ], [ -112.5442834, 45.989471 ], [ -112.5391048, 45.9894443 ], [ -112.5338875, 45.9894602 ], [ -112.5286701, 45.9894761 ], [ -112.5286635, 45.9931221 ], [ -112.5286569, 45.9967681 ], [ -112.5286536, 46.0004006 ], [ -112.5286528, 46.0022134 ], [ -112.528652, 46.0040262 ], [ -112.5295564, 46.0040225 ], [ -112.530434, 46.004019 ], [ -112.5338819, 46.0040051 ], [ -112.5350051, 46.0040005 ], [ -112.5366912, 46.004009 ], [ -112.5391118, 46.0040158 ], [ -112.5392223, 46.0040161 ], [ -112.542695, 46.004016 ], [ -112.542918, 46.004016 ], [ -112.5443326, 46.004016 ], [ -112.545509, 46.004016 ], [ -112.5460836, 46.0040159 ], [ -112.5471342, 46.0040159 ], [ -112.5474383, 46.0039751 ], [ -112.5474386, 46.0040159 ] ] ] ] } },
{ "type": "Feature", "properties": { "PLSSID": "MT200030N0090W0", "FRSTDIVID": "MT200030N0090W0SN230", "FRSTDIVTYP": "SN", "FRSTDIVTXT": "Section", "FRSTDIVNO": "23", "FRSTDIVDUP": "0", "FRSTDIVLAB": "23", "SURVTYP": null, "SURVTYPTXT": null, "SOURCEDATE": null, "SOURCEREF": null, "RECRDAREAT": null, "RECRDAREAN": 0.0, "GISACRE": 644.87620053099999, "SHAPE_Leng": 6461.9098054599999, "SHAPE_Area": 2609721.39377 }, "geometry": { "type": "MultiPolygon", "coordinates": [ [ [ [ -112.6743919, 45.9936733 ], [ -112.674355, 45.9972815 ], [ -112.6743181, 46.0008898 ], [ -112.6742997, 46.0026939 ], [ -112.6742812, 46.0044981 ], [ -112.676913, 46.0045096 ], [ -112.6795447, 46.0045212 ], [ -112.6848083, 46.0045443 ], [ -112.6900718, 46.0045675 ], [ -112.6953354, 46.0045906 ], [ -112.6953315, 46.0009667 ], [ -112.6953276, 45.9973427 ], [ -112.6953237, 45.9937188 ], [ -112.6953187, 45.9900948 ], [ -112.6900971, 45.9900874 ], [ -112.6848743, 45.9900799 ], [ -112.6796515, 45.9900725 ], [ -112.6744288, 45.990065 ], [ -112.6743919, 45.9936733 ] ] ] ] } },
{ "type": "Feature", "properties": { "PLSSID": "MT200030N0090W0", "FRSTDIVID": "MT200030N0090W0SN150", "FRSTDIVTYP": "SN", "FRSTDIVTXT": "Section", "FRSTDIVNO": "15", "FRSTDIVDUP": "0", "FRSTDIVLAB": "15", "SURVTYP": null, "SURVTYPTXT": null, "SOURCEDATE": null, "SOURCEREF": null, "RECRDAREAT": null, "RECRDAREAN": 0.0, "GISACRE": 645.17391535700006, "SHAPE_Leng": 6464.6523958199996, "SHAPE_Area": 2610926.2029300001 }, "geometry": { "type": "MultiPolygon", "coordinates": [ [ [ [ -112.6953644, 46.0082448 ], [ -112.6953934, 46.011899 ], [ -112.6954224, 46.0155532 ], [ -112.6954488, 46.0192097 ], [ -112.7006711, 46.0191762 ], [ -112.7058906, 46.0191451 ], [ -112.7110688, 46.0191224 ], [ -112.7162469, 46.0190998 ], [ -112.7162454, 46.0154724 ], [ -112.7162439, 46.0118449 ], [ -112.7162425, 46.0084364 ], [ -112.7162424, 46.0082174 ], [ -112.7162417, 46.0066287 ], [ -112.7162408, 46.00459 ], [ -112.7110145, 46.0045901 ], [ -112.7057881, 46.0045903 ], [ -112.7005618, 46.0045904 ], [ -112.6953354, 46.0045906 ], [ -112.6953644, 46.0082448 ] ] ] ] } },
{ "type": "Feature", "properties": { "PLSSID": "MT200030N0070W0", "FRSTDIVID": "MT200030N0070W0SN240", "FRSTDIVTYP": "SN", "FRSTDIVTXT": "Section", "FRSTDIVNO": "24", "FRSTDIVDUP": "0", "FRSTDIVLAB": "24", "SURVTYP": null, "SURVTYPTXT": null, "SOURCEDATE": null, "SOURCEREF": null, "RECRDAREAT": null, "RECRDAREAN": 0.0, "GISACRE": 633.77828443400006, "SHAPE_Leng": 6406.6129654799997, "SHAPE_Area": 2564809.7207399998 }, "geometry": { "type": "MultiPolygon", "coordinates": [ [ [ [ -112.4246932, 45.9931499 ], [ -112.4246912, 45.9929194 ], [ -112.4246877, 45.9925017 ], [ -112.424673, 45.9907814 ], [ -112.4246644, 45.9895124 ], [ -112.4195022, 45.9895017 ], [ -112.4143401, 45.989491 ], [ -112.4091779, 45.9894803 ], [ -112.4040157, 45.9894696 ], [ -112.4040199, 45.990537 ], [ -112.4040314, 45.9930893 ], [ -112.4040362, 45.9941495 ], [ -112.4040477, 45.996709 ], [ -112.4040519, 45.997762 ], [ -112.4040647, 46.0003275 ], [ -112.40407, 46.0013741 ], [ -112.4040828, 46.0039459 ], [ -112.4092611, 46.0039276 ], [ -112.4144395, 46.0039092 ], [ -112.4196178, 46.0038908 ], [ -112.4247962, 46.0038724 ], [ -112.4247571, 46.0003299 ], [ -112.4247459, 45.9993215 ], [ -112.4247366, 45.9981594 ], [ -112.424726, 45.9967874 ], [ -112.4247216, 45.9963296 ], [ -112.4247059, 45.9946422 ], [ -112.4246932, 45.9931499 ] ] ] ] } },
{ "type": "Feature", "properties": { "PLSSID": "MT200020N0080W0", "FRSTDIVID": "MT200020N0080W0SN040", "FRSTDIVTYP": "SN", "FRSTDIVTXT": "Section", "FRSTDIVNO": "04", "FRSTDIVDUP": "0", "FRSTDIVLAB": "04", "SURVTYP": null, "SURVTYPTXT": null, "SOURCEDATE": null, "SOURCEREF": null, "RECRDAREAT": null, "RECRDAREAN": 0.0, "GISACRE": 647.99617327, "SHAPE_Leng": 6477.4098469399996, "SHAPE_Area": 2622347.4754900001 }, "geometry": { "type": "MultiPolygon", "coordinates": [ [ [ [ -112.591267, 45.9495278 ], [ -112.5912453, 45.9531331 ], [ -112.5912225, 45.956745 ], [ -112.5911988, 45.9604831 ], [ -112.5963817, 45.960492 ], [ -112.5964362, 45.9604921 ], [ -112.6015645, 45.960501 ], [ -112.6016735, 45.960501 ], [ -112.6067253, 45.9605096 ], [ -112.6069095, 45.9605099 ], [ -112.6118861, 45.9605185 ], [ -112.6121455, 45.9605177 ], [ -112.6121391, 45.9567874 ], [ -112.6121328, 45.953166 ], [ -112.6121265, 45.9495417 ], [ -112.61212, 45.9459174 ], [ -112.6069122, 45.9459187 ], [ -112.6017043, 45.94592 ], [ -112.5964965, 45.9459213 ], [ -112.5912886, 45.9459226 ], [ -112.591267, 45.9495278 ] ] ] ] } },
{ "type": "Feature", "properties": { "PLSSID": "MT200040N0070W0", "FRSTDIVID": "MT200040N0070W0SN230", "FRSTDIVTYP": "SN", "FRSTDIVTXT": "Section", "FRSTDIVNO": "23", "FRSTDIVDUP": "0", "FRSTDIVLAB": "23", "SURVTYP": null, "SURVTYPTXT": null, "SOURCEDATE": null, "SOURCEREF": null, "RECRDAREAT": null, "RECRDAREAN": 0.0, "GISACRE": 622.855402035, "SHAPE_Leng": 6364.4540751300001, "SHAPE_Area": 2520606.3839500002 }, "geometry": { "type": "MultiPolygon", "coordinates": [ [ [ [ -112.4253523, 46.0807087 ], [ -112.4255214, 46.0843308 ], [ -112.4255301, 46.0880141 ], [ -112.4255387, 46.0916975 ], [ -112.4307488, 46.0916912 ], [ -112.4359589, 46.0916849 ], [ -112.4407646, 46.0916795 ], [ -112.4455703, 46.0916741 ], [ -112.4455695, 46.0913465 ], [ -112.4455685, 46.0909718 ], [ -112.4455649, 46.0895776 ], [ -112.445561, 46.0880284 ], [ -112.4455604, 46.087809 ], [ -112.4455593, 46.0873479 ], [ -112.4455591, 46.0873024 ], [ -112.4455548, 46.0855338 ], [ -112.4455519, 46.0843827 ], [ -112.4455503, 46.083724 ], [ -112.4455485, 46.083344 ], [ -112.4455411, 46.0816967 ], [ -112.4455368, 46.0807381 ], [ -112.445534, 46.0801107 ], [ -112.445528, 46.0787944 ], [ -112.4455207, 46.0771785 ], [ -112.4455203, 46.0770935 ], [ -112.4412527, 46.0770921 ], [ -112.4407106, 46.077092 ], [ -112.4359009, 46.0770904 ], [ -112.430542, 46.0770885 ], [ -112.4251833, 46.0770866 ], [ -112.4253523, 46.0807087 ] ] ] ] } },
{ "type": "Feature", "properties": { "PLSSID": "MT200030N0080W0", "FRSTDIVID": "MT200030N0080W0SN090", "FRSTDIVTYP": "SN", "FRSTDIVTXT": "Section", "FRSTDIVNO": "09", "FRSTDIVDUP": "0", "FRSTDIVLAB": "09", "SURVTYP": null, "SURVTYPTXT": null, "SOURCEDATE": null, "SOURCEREF": null, "RECRDAREAT": null, "RECRDAREAN": 0.0, "GISACRE": 641.543961147, "SHAPE_Leng": 6443.2422723899999, "SHAPE_Area": 2596236.2994200001 }, "geometry": { "type": "MultiPolygon", "coordinates": [ [ [ [ -112.5986375, 46.0185007 ], [ -112.5979541, 46.0185004 ], [ -112.5965764, 46.0184997 ], [ -112.5949299, 46.0184989 ], [ -112.5923221, 46.0184975 ], [ -112.5922698, 46.0184975 ], [ -112.5921002, 46.0184973 ], [ -112.5913796, 46.0184966 ], [ -112.5913817, 46.0187516 ], [ -112.5913848, 46.0200297 ], [ -112.5913885, 46.0215445 ], [ -112.59139, 46.022131 ], [ -112.5913904, 46.0223015 ], [ -112.5913905, 46.0223605 ], [ -112.5913942, 46.0238511 ], [ -112.5913967, 46.0248624 ], [ -112.591398, 46.0250369 ], [ -112.5914038, 46.0257655 ], [ -112.5913934, 46.0265541 ], [ -112.5913901, 46.0268018 ], [ -112.5913683, 46.0284516 ], [ -112.5913563, 46.029368 ], [ -112.5913596, 46.0311824 ], [ -112.5913667, 46.0330026 ], [ -112.5947904, 46.0330342 ], [ -112.596584, 46.0330508 ], [ -112.6007899, 46.0330709 ], [ -112.6017642, 46.0330743 ], [ -112.6065151, 46.0330595 ], [ -112.6069619, 46.033058 ], [ -112.6088263, 46.0330518 ], [ -112.6102975, 46.0330455 ], [ -112.6121586, 46.0330394 ], [ -112.6121527, 46.0321274 ], [ -112.6121349, 46.029393 ], [ -112.6121119, 46.0257475 ], [ -112.6121058, 46.022108 ], [ -112.6120998, 46.0184684 ], [ -112.6069336, 46.0184855 ], [ -112.6030421, 46.0184982 ], [ -112.6022106, 46.0185009 ], [ -112.6017699, 46.0185022 ], [ -112.5986375, 46.0185007 ] ] ] ] } },
{ "type": "Feature", "properties": { "PLSSID": "MT200030N0090W0", "FRSTDIVID": "MT200030N0090W0SN340", "FRSTDIVTYP": "SN", "FRSTDIVTXT": "Section", "FRSTDIVNO": "34", "FRSTDIVDUP": "0", "FRSTDIVLAB": "34", "SURVTYP": null, "SURVTYPTXT": null, "SOURCEDATE": null, "SOURCEREF": null, "RECRDAREAT": null, "RECRDAREAN": 0.0, "GISACRE": 641.86407711000004, "SHAPE_Leng": 6451.7965538199996, "SHAPE_Area": 2597531.7627599998 }, "geometry": { "type": "MultiPolygon", "coordinates": [ [ [ [ -112.7161166, 45.9646935 ], [ -112.7159938, 45.9611318 ], [ -112.7108499, 45.9610757 ], [ -112.7057059, 45.9610196 ], [ -112.7005295, 45.9609627 ], [ -112.695353, 45.9609058 ], [ -112.6954225, 45.9645727 ], [ -112.695492, 45.9682396 ], [ -112.6955112, 45.9719068 ], [ -112.6955303, 45.9755741 ], [ -112.7007702, 45.9755604 ], [ -112.7060101, 45.9755466 ], [ -112.71125, 45.9755329 ], [ -112.7164899, 45.9755192 ], [ -112.7163659, 45.9719224 ], [ -112.7163655, 45.9719107 ], [ -112.7162419, 45.9683256 ], [ -112.7162411, 45.9683021 ], [ -112.7161179, 45.9647288 ], [ -112.7161166, 45.9646935 ] ] ] ] } },
{ "type": "Feature", "properties": { "PLSSID": "MT200030N0070W0", "FRSTDIVID": "MT200030N0070W0SN330", "FRSTDIVTYP": "SN", "FRSTDIVTXT": "Section", "FRSTDIVNO": "33", "FRSTDIVDUP": "0", "FRSTDIVLAB": "33", "SURVTYP": null, "SURVTYPTXT": null, "SOURCEDATE": null, "SOURCEREF": null, "RECRDAREAT": null, "RECRDAREAN": 0.0, "GISACRE": 645.95876594799995, "SHAPE_Leng": 6467.6112310500002, "SHAPE_Area": 2614102.3805800001 }, "geometry": { "type": "MultiPolygon", "coordinates": [ [ [ [ -112.4661271, 45.9609244 ], [ -112.4661301, 45.9619886 ], [ -112.4661348, 45.963636 ], [ -112.466135, 45.9637128 ], [ -112.4661362, 45.9641351 ], [ -112.46614, 45.965461 ], [ -112.4661449, 45.9671812 ], [ -112.4661465, 45.9677541 ], [ -112.4661482, 45.9683438 ], [ -112.4661497, 45.9688993 ], [ -112.4661527, 45.9699315 ], [ -112.4661568, 45.9713731 ], [ -112.466157, 45.9714435 ], [ -112.4661588, 45.972104 ], [ -112.466162, 45.9732118 ], [ -112.4661662, 45.9747184 ], [ -112.466167, 45.9749922 ], [ -112.4686291, 45.9750008 ], [ -112.4714248, 45.9750106 ], [ -112.4718998, 45.9750123 ], [ -112.4730963, 45.9750156 ], [ -112.4745988, 45.9750196 ], [ -112.4766825, 45.975025 ], [ -112.4819139, 45.975038 ], [ -112.4871452, 45.9750511 ], [ -112.4871237, 45.9714233 ], [ -112.4871021, 45.9677954 ], [ -112.4870806, 45.9641676 ], [ -112.487059, 45.9605398 ], [ -112.4818257, 45.9605371 ], [ -112.4765923, 45.9605344 ], [ -112.4713591, 45.9605251 ], [ -112.4704926, 45.9605235 ], [ -112.4680901, 45.9605192 ], [ -112.466126, 45.960516 ], [ -112.4661271, 45.9609244 ] ] ] ] } },
{ "type": "Feature", "properties": { "PLSSID": "MT200040N0080W0", "FRSTDIVID": "MT200040N0080W0SN330", "FRSTDIVTYP": "SN", "FRSTDIVTXT": "Section", "FRSTDIVNO": "33", "FRSTDIVDUP": "0", "FRSTDIVLAB": "33", "SURVTYP": null, "SURVTYPTXT": null, "SOURCEDATE": null, "SOURCEREF": null, "RECRDAREAT": null, "RECRDAREAN": 0.0, "GISACRE": 634.35471516200005, "SHAPE_Leng": 6409.8349206100002, "SHAPE_Area": 2567142.4531299998 }, "geometry": { "type": "MultiPolygon", "coordinates": [ [ [ [ -112.5912034, 46.0516897 ], [ -112.5912038, 46.0524539 ], [ -112.5912048, 46.054541 ], [ -112.5912067, 46.0581488 ], [ -112.5912086, 46.0617565 ], [ -112.596372, 46.0617735 ], [ -112.6015354, 46.0617905 ], [ -112.6066988, 46.0618075 ], [ -112.6118623, 46.0618245 ], [ -112.6118645, 46.058207 ], [ -112.6118665, 46.0545889 ], [ -112.6118801, 46.0509684 ], [ -112.6118936, 46.0473479 ], [ -112.6067205, 46.0473423 ], [ -112.6015474, 46.0473367 ], [ -112.5963742, 46.0473311 ], [ -112.5912011, 46.0473255 ], [ -112.591203, 46.0509332 ], [ -112.5912034, 46.0516897 ] ] ] ] } },
{ "type": "Feature", "properties": { "PLSSID": "MT200030N0080W0", "FRSTDIVID": "MT200030N0080W0SN100", "FRSTDIVTYP": "SN", "FRSTDIVTXT": "Section", "FRSTDIVNO": "10", "FRSTDIVDUP": "0", "FRSTDIVLAB": "10", "SURVTYP": null, "SURVTYPTXT": null, "SOURCEDATE": null, "SOURCEREF": null, "RECRDAREAT": null, "RECRDAREAN": 0.0, "GISACRE": 648.54509966399996, "SHAPE_Leng": 6466.6937721100003, "SHAPE_Area": 2624568.90179 }, "geometry": { "type": "MultiPolygon", "coordinates": [ [ [ [ -112.5808897, 46.0185382 ], [ -112.5791036, 46.0185464 ], [ -112.5756267, 46.0185624 ], [ -112.5755761, 46.0185626 ], [ -112.5749541, 46.0185655 ], [ -112.5703636, 46.0185866 ], [ -112.5703641, 46.0189232 ], [ -112.5703663, 46.0205575 ], [ -112.5703668, 46.0209674 ], [ -112.5703675, 46.0214986 ], [ -112.5703676, 46.0215818 ], [ -112.5703685, 46.0222234 ], [ -112.57037, 46.0233508 ], [ -112.5703721, 46.0249612 ], [ -112.5703733, 46.0258603 ], [ -112.5703842, 46.0261728 ], [ -112.5704062, 46.0273018 ], [ -112.570414, 46.0277073 ], [ -112.5704308, 46.0285679 ], [ -112.5704428, 46.0291903 ], [ -112.570449, 46.0295063 ], [ -112.5704594, 46.0300427 ], [ -112.5705066, 46.0314739 ], [ -112.5705091, 46.0315442 ], [ -112.5705627, 46.0331522 ], [ -112.5710601, 46.0331509 ], [ -112.5711032, 46.0331508 ], [ -112.5724753, 46.0331472 ], [ -112.5757565, 46.0331386 ], [ -112.5809361, 46.0331162 ], [ -112.5861514, 46.0330594 ], [ -112.5913667, 46.0330026 ], [ -112.5913596, 46.0311824 ], [ -112.5913563, 46.029368 ], [ -112.5913683, 46.0284516 ], [ -112.5913901, 46.0268018 ], [ -112.5913934, 46.0265541 ], [ -112.5914038, 46.0257655 ], [ -112.591398, 46.0250369 ], [ -112.5913967, 46.0248624 ], [ -112.5913942, 46.0238511 ], [ -112.5913905, 46.0223605 ], [ -112.5913904, 46.0223015 ], [ -112.59139, 46.022131 ], [ -112.5913885, 46.0215445 ], [ -112.5913848, 46.0200297 ], [ -112.5913817, 46.0187516 ], [ -112.5913796, 46.0184966 ], [ -112.5909951, 46.0184981 ], [ -112.5861347, 46.0185174 ], [ -112.5858303, 46.0185186 ], [ -112.5851733, 46.0185212 ], [ -112.5839921, 46.0185259 ], [ -112.5814734, 46.0185358 ], [ -112.5811027, 46.0185373 ], [ -112.5808897, 46.0185382 ] ] ] ] } },
{ "type": "Feature", "properties": { "PLSSID": "MT200040N0070W0", "FRSTDIVID": "MT200040N0070W0SN080", "FRSTDIVTYP": "SN", "FRSTDIVTXT": "Section", "FRSTDIVNO": "08", "FRSTDIVDUP": "0", "FRSTDIVLAB": "08", "SURVTYP": null, "SURVTYPTXT": null, "SOURCEDATE": null, "SOURCEREF": null, "RECRDAREAT": null, "RECRDAREAN": 0.0, "GISACRE": 639.92295464100005, "SHAPE_Leng": 6436.9933516700003, "SHAPE_Area": 2589676.3188299998 }, "geometry": { "type": "MultiPolygon", "coordinates": [ [ [ [ -112.487219, 46.1091155 ], [ -112.4872258, 46.1127343 ], [ -112.4872327, 46.1163531 ], [ -112.4872396, 46.1199719 ], [ -112.4924441, 46.1199734 ], [ -112.4976486, 46.1199749 ], [ -112.502853, 46.1199763 ], [ -112.5080574, 46.1199777 ], [ -112.5080621, 46.1163591 ], [ -112.5080667, 46.1127404 ], [ -112.5080714, 46.1091218 ], [ -112.5080761, 46.1055031 ], [ -112.5028602, 46.1055016 ], [ -112.4976442, 46.1055 ], [ -112.4924281, 46.1054983 ], [ -112.4872121, 46.1054967 ], [ -112.487219, 46.1091155 ] ] ] ] } },
{ "type": "Feature", "properties": { "PLSSID": "MT200040N0070W0", "FRSTDIVID": "MT200040N0070W0SN330", "FRSTDIVTYP": "SN", "FRSTDIVTXT": "Section", "FRSTDIVNO": "33", "FRSTDIVDUP": "0", "FRSTDIVLAB": "33", "SURVTYP": null, "SURVTYPTXT": null, "SOURCEDATE": null, "SOURCEREF": null, "RECRDAREAT": null, "RECRDAREAN": 0.0, "GISACRE": 638.19757076300004, "SHAPE_Leng": 6431.273113, "SHAPE_Area": 2582693.938 }, "geometry": { "type": "MultiPolygon", "coordinates": [ [ [ [ -112.4664384, 46.0478556 ], [ -112.4664373, 46.0480339 ], [ -112.4664283, 46.049499 ], [ -112.4664177, 46.0512294 ], [ -112.4664119, 46.0521712 ], [ -112.4663956, 46.0548407 ], [ -112.4663734, 46.058452 ], [ -112.4663513, 46.0620632 ], [ -112.4715556, 46.0620869 ], [ -112.473567, 46.0620961 ], [ -112.4755309, 46.0621052 ], [ -112.4767599, 46.062111 ], [ -112.4813611, 46.0621091 ], [ -112.4816036, 46.062109 ], [ -112.481961, 46.0621089 ], [ -112.4829824, 46.0621085 ], [ -112.4857777, 46.0621075 ], [ -112.4858345, 46.0621075 ], [ -112.4871622, 46.062107 ], [ -112.4871566, 46.060989 ], [ -112.4871552, 46.0607591 ], [ -112.4871449, 46.0590206 ], [ -112.4871444, 46.0589355 ], [ -112.4871415, 46.0584974 ], [ -112.4871332, 46.0572287 ], [ -112.4871303, 46.056666 ], [ -112.4871301, 46.0566376 ], [ -112.487119, 46.055127 ], [ -112.4871173, 46.0548877 ], [ -112.4871221, 46.0545407 ], [ -112.4871316, 46.0537083 ], [ -112.4871328, 46.0536026 ], [ -112.4871424, 46.0527606 ], [ -112.487147, 46.0518931 ], [ -112.4871474, 46.0518115 ], [ -112.4871505, 46.0512375 ], [ -112.487155, 46.0503818 ], [ -112.4871608, 46.0492897 ], [ -112.4871638, 46.0487265 ], [ -112.4871659, 46.0483416 ], [ -112.4871699, 46.0475873 ], [ -112.4862154, 46.0475915 ], [ -112.4860411, 46.0475923 ], [ -112.4856718, 46.0475941 ], [ -112.4846854, 46.0475987 ], [ -112.4844956, 46.0475996 ], [ -112.4822759, 46.0476056 ], [ -112.4820146, 46.0476062 ], [ -112.4798495, 46.0476116 ], [ -112.4795834, 46.0476128 ], [ -112.4791073, 46.0476149 ], [ -112.4775041, 46.0476212 ], [ -112.4771245, 46.047623 ], [ -112.4768592, 46.0476242 ], [ -112.4751697, 46.0476239 ], [ -112.4749173, 46.0476241 ], [ -112.4719095, 46.0476219 ], [ -112.4716496, 46.0476217 ], [ -112.4704599, 46.0476209 ], [ -112.4666946, 46.047618 ], [ -112.4664398, 46.0476181 ], [ -112.4664384, 46.0478556 ] ] ] ] } },
{ "type": "Feature", "properties": { "PLSSID": "MT200020N0090W0", "FRSTDIVID": "MT200020N0090W0SN120", "FRSTDIVTYP": "SN", "FRSTDIVTXT": "Section", "FRSTDIVNO": "12", "FRSTDIVDUP": "0", "FRSTDIVLAB": "12", "SURVTYP": null, "SURVTYPTXT": null, "SOURCEDATE": null, "SOURCEREF": null, "RECRDAREAT": null, "RECRDAREAN": 0.0, "GISACRE": 649.69062848500005, "SHAPE_Leng": 6486.4693811200004, "SHAPE_Area": 2629204.69246 }, "geometry": { "type": "MultiPolygon", "coordinates": [ [ [ [ -112.6667886, 45.9292645 ], [ -112.6615673, 45.9291606 ], [ -112.6563461, 45.9290567 ], [ -112.6511249, 45.9289528 ], [ -112.6511436, 45.9313765 ], [ -112.6511617, 45.9326426 ], [ -112.6511958, 45.9350176 ], [ -112.6512147, 45.9363324 ], [ -112.6512345, 45.9386588 ], [ -112.6512543, 45.9400214 ], [ -112.6512874, 45.9422986 ], [ -112.651308, 45.9437104 ], [ -112.6564686, 45.9437852 ], [ -112.6616293, 45.94386 ], [ -112.6667899, 45.9439348 ], [ -112.6719505, 45.9440096 ], [ -112.6719653, 45.9403493 ], [ -112.6719802, 45.936689 ], [ -112.671995, 45.9330288 ], [ -112.6720098, 45.9293685 ], [ -112.6667886, 45.9292645 ] ] ] ] } },
{ "type": "Feature", "properties": { "PLSSID": "MT200040N0070W0", "FRSTDIVID": "MT200040N0070W0SN150", "FRSTDIVTYP": "SN", "FRSTDIVTXT": "Section", "FRSTDIVNO": "15", "FRSTDIVDUP": "0", "FRSTDIVLAB": "15", "SURVTYP": null, "SURVTYPTXT": null, "SOURCEDATE": null, "SOURCEREF": null, "RECRDAREAT": null, "RECRDAREAN": 0.0, "GISACRE": 638.92468346099997, "SHAPE_Leng": 6433.6877150299997, "SHAPE_Area": 2585636.4586900002 }, "geometry": { "type": "MultiPolygon", "coordinates": [ [ [ [ -112.4455695, 46.0913465 ], [ -112.4455703, 46.0916741 ], [ -112.4455711, 46.0945892 ], [ -112.4455705, 46.0953451 ], [ -112.4455712, 46.0982139 ], [ -112.4455705, 46.0990159 ], [ -112.4455712, 46.1018384 ], [ -112.4455705, 46.1026866 ], [ -112.4455711, 46.1054628 ], [ -112.4507749, 46.1054679 ], [ -112.4559787, 46.105473 ], [ -112.4611824, 46.1054781 ], [ -112.4663861, 46.1054832 ], [ -112.4663846, 46.1018684 ], [ -112.4663831, 46.0982536 ], [ -112.4663815, 46.0946386 ], [ -112.4663803, 46.0916349 ], [ -112.46638, 46.0910237 ], [ -112.4628207, 46.091018 ], [ -112.4611693, 46.0910164 ], [ -112.4569414, 46.0910121 ], [ -112.4559586, 46.0910103 ], [ -112.451053, 46.0909956 ], [ -112.4508804, 46.0909948 ], [ -112.4507635, 46.0909943 ], [ -112.4455685, 46.0909718 ], [ -112.4455695, 46.0913465 ] ] ] ] } },
{ "type": "Feature", "properties": { "PLSSID": "MT200020N0070W0", "FRSTDIVID": "MT200020N0070W0SN160", "FRSTDIVTYP": "SN", "FRSTDIVTXT": "Section", "FRSTDIVNO": "16", "FRSTDIVDUP": "0", "FRSTDIVLAB": "16", "SURVTYP": null, "SURVTYPTXT": null, "SOURCEDATE": null, "SOURCEREF": null, "RECRDAREAT": null, "RECRDAREAN": 0.0, "GISACRE": 649.30898340500005, "SHAPE_Leng": 6484.06260372, "SHAPE_Area": 2627660.2296099998 }, "geometry": { "type": "MultiPolygon", "coordinates": [ [ [ [ -112.4660167, 45.9203605 ], [ -112.4660562, 45.9240028 ], [ -112.4660956, 45.9276451 ], [ -112.4661351, 45.9312874 ], [ -112.4713364, 45.9312791 ], [ -112.4765377, 45.9312708 ], [ -112.4817391, 45.9312625 ], [ -112.4869404, 45.9312542 ], [ -112.4869455, 45.9275973 ], [ -112.4869506, 45.9239403 ], [ -112.4869558, 45.9202834 ], [ -112.4869609, 45.9166265 ], [ -112.4817117, 45.9166495 ], [ -112.4764625, 45.9166724 ], [ -112.4712199, 45.9166953 ], [ -112.4659772, 45.9167183 ], [ -112.4660167, 45.9203605 ] ] ] ] } },
{ "type": "Feature", "properties": { "PLSSID": "MT200040N0080W0", "FRSTDIVID": "MT200040N0080W0SN210", "FRSTDIVTYP": "SN", "FRSTDIVTXT": "Section", "FRSTDIVNO": "21", "FRSTDIVDUP": "0", "FRSTDIVLAB": "21", "SURVTYP": null, "SURVTYPTXT": null, "SOURCEDATE": null, "SOURCEREF": null, "RECRDAREAT": null, "RECRDAREAN": 0.0, "GISACRE": 637.28784355899995, "SHAPE_Leng": 6423.7382457800004, "SHAPE_Area": 2579012.4026199998 }, "geometry": { "type": "MultiPolygon", "coordinates": [ [ [ [ -112.6117343, 46.0907758 ], [ -112.6117648, 46.0871489 ], [ -112.6117952, 46.0835219 ], [ -112.6118256, 46.079895 ], [ -112.6118561, 46.076268 ], [ -112.6066741, 46.0762503 ], [ -112.6014921, 46.0762326 ], [ -112.5963101, 46.0762148 ], [ -112.5911282, 46.0761971 ], [ -112.5910857, 46.0798044 ], [ -112.5910433, 46.0834117 ], [ -112.5910009, 46.0870191 ], [ -112.5909584, 46.0906264 ], [ -112.5961524, 46.0906637 ], [ -112.6013464, 46.0907011 ], [ -112.6065404, 46.0907385 ], [ -112.6117343, 46.0907758 ] ] ] ] } },
{ "type": "Feature", "properties": { "PLSSID": "MT200020N0080W0", "FRSTDIVID": "MT200020N0080W0SN050", "FRSTDIVTYP": "SN", "FRSTDIVTXT": "Section", "FRSTDIVNO": "05", "FRSTDIVDUP": "0", "FRSTDIVLAB": "05", "SURVTYP": null, "SURVTYPTXT": null, "SOURCEDATE": null, "SOURCEREF": null, "RECRDAREAT": null, "RECRDAREAN": 0.0, "GISACRE": 647.72882860699997, "SHAPE_Leng": 6477.7096703200004, "SHAPE_Area": 2621265.57002 }, "geometry": { "type": "MultiPolygon", "coordinates": [ [ [ [ -112.6330024, 45.9459343 ], [ -112.6277818, 45.9459301 ], [ -112.6225612, 45.9459258 ], [ -112.6173406, 45.9459216 ], [ -112.61212, 45.9459174 ], [ -112.6121265, 45.9495417 ], [ -112.6121328, 45.953166 ], [ -112.6121391, 45.9567874 ], [ -112.6121455, 45.9605177 ], [ -112.6143892, 45.9605127 ], [ -112.6169902, 45.9605073 ], [ -112.6170217, 45.9605073 ], [ -112.61735, 45.9605069 ], [ -112.6221573, 45.9605016 ], [ -112.6225544, 45.9605005 ], [ -112.6273699, 45.9605041 ], [ -112.6277904, 45.9605044 ], [ -112.6325826, 45.9605079 ], [ -112.6330264, 45.960508 ], [ -112.6330198, 45.9568229 ], [ -112.6330133, 45.9531976 ], [ -112.6330079, 45.949566 ], [ -112.6330024, 45.9459343 ] ] ] ] } },
{ "type": "Feature", "properties": { "PLSSID": "MT200030N0070W0", "FRSTDIVID": "MT200030N0070W0SN010", "FRSTDIVTYP": "SN", "FRSTDIVTXT": "Section", "FRSTDIVNO": "01", "FRSTDIVDUP": "0", "FRSTDIVLAB": "01", "SURVTYP": null, "SURVTYPTXT": null, "SOURCEDATE": null, "SOURCEREF": null, "RECRDAREAT": null, "RECRDAREAN": 0.0, "GISACRE": 650.93767452899999, "SHAPE_Leng": 6535.5082110200001, "SHAPE_Area": 2634251.3087499999 }, "geometry": { "type": "MultiPolygon", "coordinates": [ [ [ [ -112.4042451, 46.033945 ], [ -112.4042652, 46.0364985 ], [ -112.4042736, 46.0375604 ], [ -112.4042937, 46.040114 ], [ -112.4042984, 46.0411759 ], [ -112.4043124, 46.0437312 ], [ -112.4043172, 46.0447931 ], [ -112.4043328, 46.0475781 ], [ -112.4095338, 46.0475798 ], [ -112.4095379, 46.0475798 ], [ -112.4098638, 46.0475798 ], [ -112.4147429, 46.0475818 ], [ -112.4199551, 46.0475863 ], [ -112.4251673, 46.0475908 ], [ -112.4251538, 46.0462357 ], [ -112.4251319, 46.0440161 ], [ -112.4254373, 46.0439705 ], [ -112.4251314, 46.0439705 ], [ -112.425131, 46.0439305 ], [ -112.4251286, 46.0436898 ], [ -112.4251186, 46.0426285 ], [ -112.4251064, 46.0413352 ], [ -112.4250971, 46.0403501 ], [ -112.4250952, 46.0400743 ], [ -112.4250951, 46.0400697 ], [ -112.4250804, 46.0387305 ], [ -112.425062, 46.0370646 ], [ -112.4250568, 46.0365868 ], [ -112.4250552, 46.0364466 ], [ -112.4250242, 46.0336311 ], [ -112.4250153, 46.0328234 ], [ -112.4240361, 46.0328262 ], [ -112.4198216, 46.0328383 ], [ -112.4146279, 46.0328532 ], [ -112.4094341, 46.032868 ], [ -112.4042404, 46.0328829 ], [ -112.4042451, 46.033945 ] ] ] ] } },
{ "type": "Feature", "properties": { "PLSSID": "MT200040N0070W0", "FRSTDIVID": "MT200040N0070W0SN100", "FRSTDIVTYP": "SN", "FRSTDIVTXT": "Section", "FRSTDIVNO": "10", "FRSTDIVDUP": "0", "FRSTDIVLAB": "10", "SURVTYP": null, "SURVTYPTXT": null, "SOURCEDATE": null, "SOURCEREF": null, "RECRDAREAT": null, "RECRDAREAN": 0.0, "GISACRE": 639.67532274099995, "SHAPE_Leng": 6435.1285791700002, "SHAPE_Area": 2588674.1880800002 }, "geometry": { "type": "MultiPolygon", "coordinates": [ [ [ [ -112.4455703, 46.1063572 ], [ -112.4455701, 46.109085 ], [ -112.4455694, 46.1099792 ], [ -112.4455692, 46.1127071 ], [ -112.4455761, 46.1163361 ], [ -112.4455829, 46.1199651 ], [ -112.4507935, 46.1199565 ], [ -112.4560041, 46.119948 ], [ -112.4612147, 46.1199394 ], [ -112.4664253, 46.1199308 ], [ -112.4664155, 46.1163189 ], [ -112.4664057, 46.112707 ], [ -112.4663959, 46.1090951 ], [ -112.4663861, 46.1054832 ], [ -112.4611824, 46.1054781 ], [ -112.4559787, 46.105473 ], [ -112.4507749, 46.1054679 ], [ -112.4455711, 46.1054628 ], [ -112.4455703, 46.1063572 ] ] ] ] } },
{ "type": "Feature", "properties": { "PLSSID": "MT200020N0080W0", "FRSTDIVID": "MT200020N0080W0SN060", "FRSTDIVTYP": "SN", "FRSTDIVTXT": "Section", "FRSTDIVNO": "06", "FRSTDIVDUP": "0", "FRSTDIVLAB": "06", "SURVTYP": null, "SURVTYPTXT": null, "SOURCEDATE": null, "SOURCEREF": null, "RECRDAREAT": null, "RECRDAREAN": 0.0, "GISACRE": 587.29702928100005, "SHAPE_Leng": 6221.715654, "SHAPE_Area": 2376706.7548000002 }, "geometry": { "type": "MultiPolygon", "coordinates": [ [ [ [ -112.6486192, 45.9459383 ], [ -112.6434208, 45.9459375 ], [ -112.6382116, 45.9459359 ], [ -112.6330024, 45.9459343 ], [ -112.6330079, 45.949566 ], [ -112.6330133, 45.9531976 ], [ -112.6330198, 45.9568229 ], [ -112.6330264, 45.960508 ], [ -112.6377923, 45.9605313 ], [ -112.6382361, 45.9605334 ], [ -112.643002, 45.9605567 ], [ -112.6434458, 45.9605568 ], [ -112.6481998, 45.9605678 ], [ -112.6486435, 45.9605679 ], [ -112.6530174, 45.9605773 ], [ -112.6523694, 45.9568193 ], [ -112.6519935, 45.9545871 ], [ -112.6517619, 45.9531937 ], [ -112.651386, 45.9509615 ], [ -112.6513676, 45.9495661 ], [ -112.6513381, 45.947336 ], [ -112.6513197, 45.9459385 ], [ -112.6486192, 45.9459383 ] ] ] ] } },
{ "type": "Feature", "properties": { "PLSSID": "MT200020N0070W0", "FRSTDIVID": "MT200020N0070W0SN120", "FRSTDIVTYP": "SN", "FRSTDIVTXT": "Section", "FRSTDIVNO": "12", "FRSTDIVDUP": "0", "FRSTDIVLAB": "12", "SURVTYP": null, "SURVTYPTXT": null, "SOURCEDATE": null, "SOURCEREF": null, "RECRDAREAT": null, "RECRDAREAN": 0.0, "GISACRE": 636.557805229, "SHAPE_Leng": 6419.7583501299996, "SHAPE_Area": 2576058.04232 }, "geometry": { "type": "MultiPolygon", "coordinates": [ [ [ [ -112.4049045, 45.9307637 ], [ -112.404904, 45.9319176 ], [ -112.4049023, 45.9343761 ], [ -112.4049016, 45.9355299 ], [ -112.4048999, 45.9379884 ], [ -112.4048998, 45.9391422 ], [ -112.4048982, 45.9416007 ], [ -112.4048974, 45.9427544 ], [ -112.4048958, 45.945213 ], [ -112.410071, 45.9452238 ], [ -112.4152461, 45.9452345 ], [ -112.4204275, 45.9452411 ], [ -112.4256088, 45.9452477 ], [ -112.4256074, 45.9416362 ], [ -112.425606, 45.9380247 ], [ -112.4256065, 45.9344176 ], [ -112.4256071, 45.9308104 ], [ -112.4204315, 45.9307987 ], [ -112.4152558, 45.930787 ], [ -112.4100801, 45.9307754 ], [ -112.4049045, 45.9307637 ] ] ] ] } },
{ "type": "Feature", "properties": { "PLSSID": "MT200030N0070W0", "FRSTDIVID": "MT200030N0070W0SN290", "FRSTDIVTYP": "SN", "FRSTDIVTXT": "Section", "FRSTDIVNO": "29", "FRSTDIVDUP": "0", "FRSTDIVLAB": "29", "SURVTYP": null, "SURVTYPTXT": null, "SOURCEDATE": null, "SOURCEREF": null, "RECRDAREAT": null, "RECRDAREAN": 0.0, "GISACRE": 650.94243602500001, "SHAPE_Leng": 6492.1974762500004, "SHAPE_Area": 2634270.5778399999 }, "geometry": { "type": "MultiPolygon", "coordinates": [ [ [ [ -112.4924045, 45.9896108 ], [ -112.4976575, 45.9896066 ], [ -112.5029104, 45.9896022 ], [ -112.5081632, 45.9895979 ], [ -112.5081581, 45.9859518 ], [ -112.508153, 45.9823057 ], [ -112.5081479, 45.9786596 ], [ -112.5081428, 45.9750135 ], [ -112.5028935, 45.9750229 ], [ -112.4976441, 45.9750323 ], [ -112.4923947, 45.9750417 ], [ -112.4871452, 45.9750511 ], [ -112.4871468, 45.9786921 ], [ -112.4871484, 45.9823331 ], [ -112.4871499, 45.9859741 ], [ -112.4871515, 45.9896151 ], [ -112.4924045, 45.9896108 ] ] ] ] } },
{ "type": "Feature", "properties": { "PLSSID": "MT200040N0080W0", "FRSTDIVID": "MT200040N0080W0SN310", "FRSTDIVTYP": "SN", "FRSTDIVTXT": "Section", "FRSTDIVNO": "31", "FRSTDIVDUP": "0", "FRSTDIVLAB": "31", "SURVTYP": null, "SURVTYPTXT": null, "SOURCEDATE": null, "SOURCEREF": null, "RECRDAREAT": null, "RECRDAREAN": 0.0, "GISACRE": 607.67552530099999, "SHAPE_Leng": 6273.4609932800004, "SHAPE_Area": 2459175.6023 }, "geometry": { "type": "MultiPolygon", "coordinates": [ [ [ [ -112.6327008, 46.0510343 ], [ -112.632689, 46.054639 ], [ -112.6326772, 46.0582438 ], [ -112.6326654, 46.0618485 ], [ -112.6378701, 46.0618511 ], [ -112.6430748, 46.0618537 ], [ -112.6482762, 46.0618471 ], [ -112.6525773, 46.0618403 ], [ -112.6525708, 46.0582459 ], [ -112.6525643, 46.0546516 ], [ -112.6525577, 46.0510573 ], [ -112.6525518, 46.0474684 ], [ -112.6483327, 46.0474607 ], [ -112.6431299, 46.0474562 ], [ -112.6379212, 46.0474429 ], [ -112.6327126, 46.0474296 ], [ -112.6327008, 46.0510343 ] ] ] ] } },
{ "type": "Feature", "properties": { "PLSSID": "MT200040N0080W0", "FRSTDIVID": "MT200040N0080W0SN150", "FRSTDIVTYP": "SN", "FRSTDIVTXT": "Section", "FRSTDIVNO": "15", "FRSTDIVDUP": "0", "FRSTDIVLAB": "15", "SURVTYP": null, "SURVTYPTXT": null, "SOURCEDATE": null, "SOURCEREF": null, "RECRDAREAT": null, "RECRDAREAN": 0.0, "GISACRE": 638.73062392400004, "SHAPE_Leng": 6431.64502318, "SHAPE_Area": 2584851.1276099999 }, "geometry": { "type": "MultiPolygon", "coordinates": [ [ [ [ -112.570016, 46.0943701 ], [ -112.5699582, 46.0979666 ], [ -112.5699004, 46.1015632 ], [ -112.5698426, 46.1051597 ], [ -112.5750653, 46.1051363 ], [ -112.5802881, 46.1051129 ], [ -112.5855107, 46.1050894 ], [ -112.5907335, 46.105066 ], [ -112.5907897, 46.1014561 ], [ -112.5908459, 46.0978462 ], [ -112.5909022, 46.0942363 ], [ -112.5909584, 46.0906264 ], [ -112.5857373, 46.0906632 ], [ -112.5805161, 46.0907 ], [ -112.575295, 46.0907367 ], [ -112.5700738, 46.0907735 ], [ -112.570016, 46.0943701 ] ] ] ] } },
{ "type": "Feature", "properties": { "PLSSID": "MT200040N0070W0", "FRSTDIVID": "MT200040N0070W0SN060", "FRSTDIVTYP": "SN", "FRSTDIVTXT": "Section", "FRSTDIVNO": "06", "FRSTDIVDUP": "0", "FRSTDIVLAB": "06", "SURVTYP": null, "SURVTYPTXT": null, "SOURCEDATE": null, "SOURCEREF": null, "RECRDAREAT": null, "RECRDAREAN": 0.0, "GISACRE": 670.28025239900001, "SHAPE_Leng": 6599.0113839599999, "SHAPE_Area": 2712527.94423 }, "geometry": { "type": "MultiPolygon", "coordinates": [ [ [ [ -112.5080533, 46.1235957 ], [ -112.5080493, 46.1272136 ], [ -112.5080473, 46.1308319 ], [ -112.5080437, 46.1356566 ], [ -112.5098214, 46.1356564 ], [ -112.5132403, 46.1356558 ], [ -112.5150172, 46.1356555 ], [ -112.5184368, 46.1356554 ], [ -112.5202175, 46.1356553 ], [ -112.5236358, 46.135655 ], [ -112.5254177, 46.1356549 ], [ -112.5281096, 46.1356548 ], [ -112.5281559, 46.1307892 ], [ -112.5281574, 46.1305866 ], [ -112.5281878, 46.1271714 ], [ -112.5281894, 46.1269688 ], [ -112.5282249, 46.1235542 ], [ -112.528227, 46.1233516 ], [ -112.5282624, 46.119937 ], [ -112.52367, 46.1199463 ], [ -112.5229842, 46.1199477 ], [ -112.5184691, 46.1199568 ], [ -112.5184661, 46.1199568 ], [ -112.5132617, 46.1199673 ], [ -112.5080574, 46.1199777 ], [ -112.5080533, 46.1235957 ] ] ] ] } },
{ "type": "Feature", "properties": { "PLSSID": "MT200030N0070W0", "FRSTDIVID": "MT200030N0070W0SN160", "FRSTDIVTYP": "SN", "FRSTDIVTXT": "Section", "FRSTDIVNO": "16", "FRSTDIVDUP": "0", "FRSTDIVLAB": "16", "SURVTYP": null, "SURVTYPTXT": null, "SOURCEDATE": null, "SOURCEREF": null, "RECRDAREAT": null, "RECRDAREAN": 0.0, "GISACRE": 640.92839963200004, "SHAPE_Leng": 6420.40316282, "SHAPE_Area": 2593745.2103499998 }, "geometry": { "type": "MultiPolygon", "coordinates": [ [ [ [ -112.474071, 46.0183225 ], [ -112.4740723, 46.0183225 ], [ -112.4752481, 46.0183212 ], [ -112.4764037, 46.0183199 ], [ -112.476752, 46.0183196 ], [ -112.476814, 46.0183195 ], [ -112.4815422, 46.0183142 ], [ -112.4816535, 46.0183141 ], [ -112.4819437, 46.0183138 ], [ -112.4820693, 46.0183136 ], [ -112.4842419, 46.0183112 ], [ -112.4843755, 46.0183111 ], [ -112.4850209, 46.0183104 ], [ -112.4865968, 46.0183086 ], [ -112.4873246, 46.0183078 ], [ -112.4873163, 46.0170653 ], [ -112.4873152, 46.0168915 ], [ -112.4873033, 46.0152446 ], [ -112.4873028, 46.0151903 ], [ -112.4873026, 46.0151698 ], [ -112.4872984, 46.0146938 ], [ -112.48729, 46.0137336 ], [ -112.4872805, 46.0126524 ], [ -112.4872706, 46.011525 ], [ -112.4872692, 46.0110799 ], [ -112.4872558, 46.0078733 ], [ -112.4872557, 46.0078407 ], [ -112.4872539, 46.0074648 ], [ -112.4872388, 46.0042115 ], [ -112.4844928, 46.0038522 ], [ -112.4843786, 46.0038523 ], [ -112.4820435, 46.0038544 ], [ -112.4819773, 46.0038545 ], [ -112.481058, 46.0038553 ], [ -112.4775526, 46.0038586 ], [ -112.4774472, 46.0038587 ], [ -112.4773834, 46.0038587 ], [ -112.4768491, 46.0038592 ], [ -112.4767167, 46.0038592 ], [ -112.4752752, 46.0038599 ], [ -112.4716556, 46.0038615 ], [ -112.4715231, 46.0038615 ], [ -112.4693308, 46.0038626 ], [ -112.4692555, 46.0038626 ], [ -112.4664201, 46.003864 ], [ -112.4663295, 46.003864 ], [ -112.4663347, 46.0045091 ], [ -112.4663384, 46.0049722 ], [ -112.466353, 46.0067885 ], [ -112.4663553, 46.0070798 ], [ -112.4663586, 46.0074807 ], [ -112.4663655, 46.0083507 ], [ -112.466379, 46.010031 ], [ -112.4663818, 46.010382 ], [ -112.4663843, 46.0106928 ], [ -112.4663876, 46.0110974 ], [ -112.466392, 46.0116463 ], [ -112.4664005, 46.012711 ], [ -112.4664022, 46.0129182 ], [ -112.466411, 46.0140092 ], [ -112.4664166, 46.0147142 ], [ -112.4664224, 46.0154372 ], [ -112.4664298, 46.016362 ], [ -112.4664343, 46.0169208 ], [ -112.4664347, 46.0169656 ], [ -112.4664412, 46.0177756 ], [ -112.4664457, 46.0183309 ], [ -112.4675165, 46.0183297 ], [ -112.4693949, 46.0183277 ], [ -112.4704075, 46.0183265 ], [ -112.4716123, 46.0183252 ], [ -112.4716298, 46.0183187 ], [ -112.4716298, 46.0183243 ], [ -112.4716298, 46.0183252 ], [ -112.4716304, 46.0183799 ], [ -112.4717942, 46.018325 ], [ -112.474071, 46.0183225 ] ] ] ] } },
{ "type": "Feature", "properties": { "PLSSID": "MT200020N0070W0", "FRSTDIVID": "MT200020N0070W0SN140", "FRSTDIVTYP": "SN", "FRSTDIVTXT": "Section", "FRSTDIVNO": "14", "FRSTDIVDUP": "0", "FRSTDIVLAB": "14", "SURVTYP": null, "SURVTYPTXT": null, "SOURCEDATE": null, "SOURCEREF": null, "RECRDAREAT": null, "RECRDAREAN": 0.0, "GISACRE": 644.49187190700002, "SHAPE_Leng": 6441.3689276200002, "SHAPE_Area": 2608166.0710100001 }, "geometry": { "type": "MultiPolygon", "coordinates": [ [ [ [ -112.4255357, 45.9199613 ], [ -112.4255595, 45.9235777 ], [ -112.4255833, 45.927194 ], [ -112.4256071, 45.9308104 ], [ -112.4308168, 45.9309067 ], [ -112.4308855, 45.930908 ], [ -112.4360265, 45.9310031 ], [ -112.4361639, 45.9310053 ], [ -112.4412355, 45.9309301 ], [ -112.4413042, 45.9309291 ], [ -112.4464446, 45.9308528 ], [ -112.4464077, 45.9276318 ], [ -112.4464032, 45.9272359 ], [ -112.4463661, 45.9239945 ], [ -112.4463655, 45.9236191 ], [ -112.446328, 45.9203573 ], [ -112.4463239, 45.9200022 ], [ -112.4462861, 45.9167201 ], [ -112.4462847, 45.9163853 ], [ -112.4410915, 45.9163752 ], [ -112.4409043, 45.9163749 ], [ -112.4390947, 45.9163713 ], [ -112.4358983, 45.9163651 ], [ -112.4307051, 45.9163551 ], [ -112.4255119, 45.916345 ], [ -112.4255357, 45.9199613 ] ] ] ] } },
{ "type": "Feature", "properties": { "PLSSID": "MT200040N0090W0", "FRSTDIVID": "MT200040N0090W0SN110", "FRSTDIVTYP": "SN", "FRSTDIVTXT": "Section", "FRSTDIVNO": "11", "FRSTDIVDUP": "0", "FRSTDIVLAB": "11", "SURVTYP": null, "SURVTYPTXT": null, "SOURCEDATE": null, "SOURCEREF": null, "RECRDAREAT": null, "RECRDAREAN": 0.0, "GISACRE": 638.47439739900005, "SHAPE_Leng": 6429.6966059899996, "SHAPE_Area": 2583814.2156500001 }, "geometry": { "type": "MultiPolygon", "coordinates": [ [ [ [ -112.6733012, 46.1088227 ], [ -112.673302, 46.1124383 ], [ -112.6733028, 46.116054 ], [ -112.6733036, 46.1196696 ], [ -112.6785052, 46.1196717 ], [ -112.6837068, 46.1196739 ], [ -112.6889084, 46.119676 ], [ -112.69411, 46.1196782 ], [ -112.6941107, 46.1160618 ], [ -112.6941114, 46.1124455 ], [ -112.6941121, 46.1088292 ], [ -112.6941128, 46.1052128 ], [ -112.6889097, 46.1052114 ], [ -112.6837066, 46.1052099 ], [ -112.6785035, 46.1052085 ], [ -112.6733005, 46.105207 ], [ -112.6733012, 46.1088227 ] ] ] ] } },
{ "type": "Feature", "properties": { "PLSSID": "MT200030N0080W0", "FRSTDIVID": "MT200030N0080W0SN140", "FRSTDIVTYP": "SN", "FRSTDIVTXT": "Section", "FRSTDIVNO": "14", "FRSTDIVDUP": "0", "FRSTDIVLAB": "14", "SURVTYP": null, "SURVTYPTXT": null, "SOURCEDATE": null, "SOURCEREF": null, "RECRDAREAT": null, "RECRDAREAN": 0.0, "GISACRE": 641.95680143499999, "SHAPE_Leng": 6452.4539634499997, "SHAPE_Area": 2597907.0047900002 }, "geometry": { "type": "MultiPolygon", "coordinates": [ [ [ [ -112.5495537, 46.0053939 ], [ -112.549554, 46.0066782 ], [ -112.5495472, 46.0066794 ], [ -112.549554, 46.0066822 ], [ -112.5495543, 46.007652 ], [ -112.5495545, 46.0083669 ], [ -112.5495547, 46.0091957 ], [ -112.5495547, 46.0092824 ], [ -112.549555, 46.0104122 ], [ -112.5495551, 46.0107788 ], [ -112.5495551, 46.0110655 ], [ -112.5495552, 46.011288 ], [ -112.5495552, 46.0114317 ], [ -112.5495555, 46.0126757 ], [ -112.5495558, 46.0136971 ], [ -112.5495561, 46.0147144 ], [ -112.5495561, 46.0149241 ], [ -112.5495563, 46.0158759 ], [ -112.5495564, 46.0160779 ], [ -112.5495565, 46.0164076 ], [ -112.5495568, 46.0176196 ], [ -112.5495568, 46.0177651 ], [ -112.549557, 46.0183749 ], [ -112.549557, 46.0185045 ], [ -112.549557, 46.0185602 ], [ -112.5495686, 46.0185602 ], [ -112.5521432, 46.0185635 ], [ -112.5547587, 46.0185668 ], [ -112.5555205, 46.0185678 ], [ -112.559001, 46.0185722 ], [ -112.5599603, 46.0185734 ], [ -112.5622916, 46.0185764 ], [ -112.5630562, 46.0185773 ], [ -112.565162, 46.01858 ], [ -112.5689899, 46.0185848 ], [ -112.5690556, 46.0185849 ], [ -112.5703636, 46.0185866 ], [ -112.57036, 46.0176083 ], [ -112.5703598, 46.0175312 ], [ -112.5703539, 46.0159598 ], [ -112.5703502, 46.0149541 ], [ -112.5703498, 46.0148477 ], [ -112.5703441, 46.0132768 ], [ -112.5703438, 46.0132054 ], [ -112.5703413, 46.0125264 ], [ -112.5703396, 46.0120769 ], [ -112.5703381, 46.0116518 ], [ -112.5703368, 46.0113217 ], [ -112.5703352, 46.0108706 ], [ -112.570334, 46.0105532 ], [ -112.5703321, 46.0100355 ], [ -112.5703311, 46.0097704 ], [ -112.5703299, 46.0094452 ], [ -112.5703293, 46.0092792 ], [ -112.570326, 46.0083945 ], [ -112.5703243, 46.0079202 ], [ -112.5703235, 46.0077078 ], [ -112.5703234, 46.0076892 ], [ -112.570318, 46.0062043 ], [ -112.5703155, 46.0055302 ], [ -112.5703114, 46.0044235 ], [ -112.57031, 46.0040568 ], [ -112.567498, 46.0040512 ], [ -112.5654139, 46.004047 ], [ -112.5652665, 46.0040815 ], [ -112.5652605, 46.0040467 ], [ -112.5651153, 46.0040465 ], [ -112.564983, 46.0040463 ], [ -112.5646093, 46.004046 ], [ -112.5617323, 46.0040431 ], [ -112.5599302, 46.0040413 ], [ -112.5594991, 46.0040402 ], [ -112.5594711, 46.0040402 ], [ -112.5584893, 46.0040378 ], [ -112.5570189, 46.0040342 ], [ -112.5547418, 46.0040286 ], [ -112.5540164, 46.0040268 ], [ -112.5495534, 46.0040158 ], [ -112.5495537, 46.0053939 ] ] ] ] } },
{ "type": "Feature", "properties": { "PLSSID": "MT200040N0090W0", "FRSTDIVID": "MT200040N0090W0SN120", "FRSTDIVTYP": "SN", "FRSTDIVTXT": "Section", "FRSTDIVNO": "12", "FRSTDIVDUP": "0", "FRSTDIVLAB": "12", "SURVTYP": null, "SURVTYPTXT": null, "SOURCEDATE": null, "SOURCEREF": null, "RECRDAREAT": null, "RECRDAREAN": 0.0, "GISACRE": 637.619650675, "SHAPE_Leng": 6449.6549315900002, "SHAPE_Area": 2580355.1783799999 }, "geometry": { "type": "MultiPolygon", "coordinates": [ [ [ [ -112.6733036, 46.1196696 ], [ -112.6733028, 46.116054 ], [ -112.673302, 46.1124383 ], [ -112.6733012, 46.1088227 ], [ -112.6733005, 46.105207 ], [ -112.6680963, 46.1051929 ], [ -112.6628922, 46.1051789 ], [ -112.657689, 46.1051692 ], [ -112.6517963, 46.1051576 ], [ -112.6522347, 46.1088258 ], [ -112.6526731, 46.112494 ], [ -112.6528361, 46.1160676 ], [ -112.652999, 46.1196413 ], [ -112.6577194, 46.1196453 ], [ -112.6629176, 46.1196501 ], [ -112.6681106, 46.1196598 ], [ -112.6733036, 46.1196696 ] ] ] ] } },
{ "type": "Feature", "properties": { "PLSSID": "MT200040N0070W0", "FRSTDIVID": "MT200040N0070W0SN350", "FRSTDIVTYP": "SN", "FRSTDIVTXT": "Section", "FRSTDIVNO": "35", "FRSTDIVDUP": "0", "FRSTDIVLAB": "35", "SURVTYP": null, "SURVTYPTXT": null, "SOURCEDATE": null, "SOURCEREF": null, "RECRDAREAT": null, "RECRDAREAN": 0.0, "GISACRE": 668.17110903100001, "SHAPE_Leng": 6578.9189431900004, "SHAPE_Area": 2703992.5438399999 }, "geometry": { "type": "MultiPolygon", "coordinates": [ [ [ [ -112.4466198, 46.0548229 ], [ -112.4466136, 46.0512569 ], [ -112.4466135, 46.0512017 ], [ -112.4466073, 46.0475805 ], [ -112.4413212, 46.0475882 ], [ -112.4360351, 46.0475959 ], [ -112.4308341, 46.0475936 ], [ -112.4306012, 46.0475935 ], [ -112.4251673, 46.0475908 ], [ -112.4251798, 46.05121 ], [ -112.4251923, 46.0548292 ], [ -112.4251993, 46.0584481 ], [ -112.4251993, 46.0585512 ], [ -112.425206, 46.0620669 ], [ -112.4252061, 46.0622732 ], [ -112.4254842, 46.0622731 ], [ -112.4306416, 46.0622741 ], [ -112.4307807, 46.0622742 ], [ -112.4360772, 46.0622755 ], [ -112.4413548, 46.0622726 ], [ -112.4466325, 46.0622696 ], [ -112.4466322, 46.0620653 ], [ -112.4466262, 46.0586014 ], [ -112.4466259, 46.0584441 ], [ -112.4466199, 46.0549333 ], [ -112.4466198, 46.0548229 ] ] ] ] } },
{ "type": "Feature", "properties": { "PLSSID": "MT200030N0080W0", "FRSTDIVID": "MT200030N0080W0SN260", "FRSTDIVTYP": "SN", "FRSTDIVTXT": "Section", "FRSTDIVNO": "26", "FRSTDIVDUP": "0", "FRSTDIVLAB": "26", "SURVTYP": null, "SURVTYPTXT": null, "SOURCEDATE": null, "SOURCEREF": null, "RECRDAREAT": null, "RECRDAREAN": 0.0, "GISACRE": 641.86172593900005, "SHAPE_Leng": 6453.8142764800004, "SHAPE_Area": 2597522.2479099999 }, "geometry": { "type": "MultiPolygon", "coordinates": [ [ [ [ -112.5702623, 45.9808496 ], [ -112.5702599, 45.9797393 ], [ -112.5702575, 45.9785878 ], [ -112.5702564, 45.9780941 ], [ -112.570248, 45.9749466 ], [ -112.5650528, 45.9749713 ], [ -112.5615051, 45.9749881 ], [ -112.5598575, 45.9749843 ], [ -112.5575951, 45.9749846 ], [ -112.5576024, 45.9749681 ], [ -112.5575668, 45.9749846 ], [ -112.5574616, 45.9749846 ], [ -112.5547873, 45.9749834 ], [ -112.5546652, 45.9749833 ], [ -112.553525, 45.9749823 ], [ -112.5515378, 45.9749806 ], [ -112.5506596, 45.9749799 ], [ -112.5494748, 45.9749789 ], [ -112.549477, 45.9761709 ], [ -112.5494771, 45.9762797 ], [ -112.5494819, 45.9776092 ], [ -112.5494767, 45.9776077 ], [ -112.549482, 45.9776354 ], [ -112.5494822, 45.9777351 ], [ -112.5494845, 45.9786078 ], [ -112.5494866, 45.9793901 ], [ -112.5494866, 45.9794087 ], [ -112.5494905, 45.9808851 ], [ -112.549494, 45.9822367 ], [ -112.5494946, 45.9840512 ], [ -112.549494, 45.9856138 ], [ -112.5494931, 45.9858589 ], [ -112.5494956, 45.9894928 ], [ -112.5523517, 45.9895009 ], [ -112.5539039, 45.9894947 ], [ -112.5546809, 45.9894916 ], [ -112.5581681, 45.9895062 ], [ -112.5595424, 45.989512 ], [ -112.5598721, 45.9895123 ], [ -112.5643546, 45.9895103 ], [ -112.565075, 45.9895114 ], [ -112.5679356, 45.9895155 ], [ -112.5692775, 45.9895172 ], [ -112.5699853, 45.9895182 ], [ -112.5701393, 45.9895184 ], [ -112.5702779, 45.9895186 ], [ -112.5702774, 45.9893158 ], [ -112.5702763, 45.9889012 ], [ -112.5702738, 45.9877728 ], [ -112.5702729, 45.987284 ], [ -112.5702725, 45.9871274 ], [ -112.5702715, 45.9858738 ], [ -112.5702713, 45.9856833 ], [ -112.5702712, 45.9856472 ], [ -112.5702684, 45.9840966 ], [ -112.5702654, 45.9824398 ], [ -112.5702649, 45.982229 ], [ -112.5702623, 45.9808496 ] ] ] ] } },
{ "type": "Feature", "properties": { "PLSSID": "MT200030N0090W0", "FRSTDIVID": "MT200030N0090W0SN100", "FRSTDIVTYP": "SN", "FRSTDIVTXT": "Section", "FRSTDIVNO": "10", "FRSTDIVDUP": "0", "FRSTDIVLAB": "10", "SURVTYP": null, "SURVTYPTXT": null, "SOURCEDATE": null, "SOURCEREF": null, "RECRDAREAT": null, "RECRDAREAN": 0.0, "GISACRE": 636.55545177399995, "SHAPE_Leng": 6426.4112942900001, "SHAPE_Area": 2576048.51822 }, "geometry": { "type": "MultiPolygon", "coordinates": [ [ [ [ -112.6992738, 46.0336611 ], [ -112.7006739, 46.0336607 ], [ -112.7044687, 46.0336577 ], [ -112.7058246, 46.0336573 ], [ -112.7096636, 46.0336543 ], [ -112.7109754, 46.0336539 ], [ -112.7161258, 46.0336485 ], [ -112.7161251, 46.0299823 ], [ -112.7161245, 46.026316 ], [ -112.7161857, 46.0227079 ], [ -112.7162469, 46.0190998 ], [ -112.7110688, 46.0191224 ], [ -112.7058906, 46.0191451 ], [ -112.7006711, 46.0191762 ], [ -112.6954488, 46.0192097 ], [ -112.6954851, 46.0227991 ], [ -112.6955188, 46.0263907 ], [ -112.695521, 46.0300273 ], [ -112.6955231, 46.033664 ], [ -112.6992738, 46.0336611 ] ] ] ] } },
{ "type": "Feature", "properties": { "PLSSID": "MT200040N0080W0", "FRSTDIVID": "MT200040N0080W0SN090", "FRSTDIVTYP": "SN", "FRSTDIVTXT": "Section", "FRSTDIVNO": "09", "FRSTDIVDUP": "0", "FRSTDIVLAB": "09", "SURVTYP": null, "SURVTYPTXT": null, "SOURCEDATE": null, "SOURCEREF": null, "RECRDAREAT": null, "RECRDAREAN": 0.0, "GISACRE": 637.87398427799997, "SHAPE_Leng": 6426.9279552999997, "SHAPE_Area": 2581384.4299599999 }, "geometry": { "type": "MultiPolygon", "coordinates": [ [ [ [ -112.5957793, 46.119457 ], [ -112.6010317, 46.1195085 ], [ -112.6062841, 46.1195601 ], [ -112.6115365, 46.1196116 ], [ -112.6115571, 46.1160196 ], [ -112.6115777, 46.1124276 ], [ -112.6115982, 46.1088357 ], [ -112.6116188, 46.1052437 ], [ -112.6063974, 46.1051992 ], [ -112.6011761, 46.1051548 ], [ -112.5959548, 46.1051104 ], [ -112.5907335, 46.105066 ], [ -112.5906818, 46.1086509 ], [ -112.5906302, 46.1122357 ], [ -112.5905785, 46.1158206 ], [ -112.5905269, 46.1194055 ], [ -112.5957793, 46.119457 ] ] ] ] } },
{ "type": "Feature", "properties": { "PLSSID": "MT200020N0070W0", "FRSTDIVID": "MT200020N0070W0SN020", "FRSTDIVTYP": "SN", "FRSTDIVTXT": "Section", "FRSTDIVNO": "02", "FRSTDIVDUP": "0", "FRSTDIVLAB": "02", "SURVTYP": null, "SURVTYPTXT": null, "SOURCEDATE": null, "SOURCEREF": null, "RECRDAREAT": null, "RECRDAREAN": 0.0, "GISACRE": 674.88480301300001, "SHAPE_Leng": 6612.9964566400004, "SHAPE_Area": 2731161.8994499999 }, "geometry": { "type": "MultiPolygon", "coordinates": [ [ [ [ -112.4464035, 45.9605189 ], [ -112.4464019, 45.9561393 ], [ -112.4464002, 45.9525236 ], [ -112.4464, 45.9489109 ], [ -112.4463998, 45.9452982 ], [ -112.4412055, 45.9452887 ], [ -112.4360111, 45.9452792 ], [ -112.43081, 45.9452634 ], [ -112.4256088, 45.9452477 ], [ -112.4256004, 45.9488554 ], [ -112.425592, 45.9524631 ], [ -112.4255886, 45.9560762 ], [ -112.4255829, 45.9605242 ], [ -112.4298276, 45.960523 ], [ -112.4308146, 45.9605227 ], [ -112.4350113, 45.9605215 ], [ -112.4360463, 45.9605215 ], [ -112.4401951, 45.9605203 ], [ -112.4412249, 45.9605201 ], [ -112.4453789, 45.9605189 ], [ -112.4464035, 45.9605189 ] ] ] ] } },
{ "type": "Feature", "properties": { "PLSSID": "MT200020N0070W0", "FRSTDIVID": "MT200020N0070W0SN100", "FRSTDIVTYP": "SN", "FRSTDIVTXT": "Section", "FRSTDIVNO": "10", "FRSTDIVDUP": "0", "FRSTDIVLAB": "10", "SURVTYP": null, "SURVTYPTXT": null, "SOURCEDATE": null, "SOURCEREF": null, "RECRDAREAT": null, "RECRDAREAN": 0.0, "GISACRE": 587.59644311700004, "SHAPE_Leng": 6169.7284051200004, "SHAPE_Area": 2377918.4396099998 }, "geometry": { "type": "MultiPolygon", "coordinates": [ [ [ [ -112.4609617, 45.9312796 ], [ -112.4557883, 45.9312719 ], [ -112.4511167, 45.9312703 ], [ -112.4506051, 45.9312702 ], [ -112.4464452, 45.931269 ], [ -112.4464895, 45.9344544 ], [ -112.4464953, 45.9348706 ], [ -112.4465396, 45.9380561 ], [ -112.4465403, 45.9384722 ], [ -112.4465477, 45.9416772 ], [ -112.4465486, 45.9420949 ], [ -112.4465554, 45.9452983 ], [ -112.4505897, 45.9453246 ], [ -112.4515336, 45.9453308 ], [ -112.4555566, 45.945357 ], [ -112.4566675, 45.9453579 ], [ -112.4608461, 45.9453737 ], [ -112.461871, 45.9453776 ], [ -112.4661356, 45.9453908 ], [ -112.4661355, 45.9422455 ], [ -112.4661353, 45.9385934 ], [ -112.4661352, 45.9349404 ], [ -112.4661351, 45.9312874 ], [ -112.4609617, 45.9312796 ] ] ] ] } },
{ "type": "Feature", "properties": { "PLSSID": "MT200030N0090W0", "FRSTDIVID": "MT200030N0090W0SN020", "FRSTDIVTYP": "SN", "FRSTDIVTXT": "Section", "FRSTDIVNO": "02", "FRSTDIVDUP": "0", "FRSTDIVLAB": "02", "SURVTYP": null, "SURVTYPTXT": null, "SOURCEDATE": null, "SOURCEREF": null, "RECRDAREAT": null, "RECRDAREAN": 0.0, "GISACRE": 608.42963570999996, "SHAPE_Leng": 6470.2009858900001, "SHAPE_Area": 2462227.37885 }, "geometry": { "type": "MultiPolygon", "coordinates": [ [ [ [ -112.6732654, 46.0364904 ], [ -112.6732654, 46.0365881 ], [ -112.6732612, 46.0402046 ], [ -112.6732551, 46.0438194 ], [ -112.673249, 46.0474342 ], [ -112.6784389, 46.0474257 ], [ -112.6836288, 46.0474171 ], [ -112.6888187, 46.0474086 ], [ -112.6940086, 46.0474001 ], [ -112.6940231, 46.0437834 ], [ -112.6940376, 46.0401668 ], [ -112.6940599, 46.0365493 ], [ -112.694079, 46.0336642 ], [ -112.6901665, 46.0336657 ], [ -112.6888773, 46.0336659 ], [ -112.6848085, 46.0336676 ], [ -112.6836753, 46.0336677 ], [ -112.6794502, 46.0336695 ], [ -112.6784731, 46.0336696 ], [ -112.6740916, 46.0336716 ], [ -112.6740911, 46.0327763 ], [ -112.6732699, 46.0327763 ], [ -112.6732654, 46.0364904 ] ] ] ] } },
{ "type": "Feature", "properties": { "PLSSID": "MT200030N0080W0", "FRSTDIVID": "MT200030N0080W0SN020", "FRSTDIVTYP": "SN", "FRSTDIVTXT": "Section", "FRSTDIVNO": "02", "FRSTDIVDUP": "0", "FRSTDIVLAB": "02", "SURVTYP": null, "SURVTYPTXT": null, "SOURCEDATE": null, "SOURCEREF": null, "RECRDAREAT": null, "RECRDAREAN": 0.0, "GISACRE": 636.74975342000005, "SHAPE_Leng": 6427.9937340899996, "SHAPE_Area": 2576834.8290900001 }, "geometry": { "type": "MultiPolygon", "coordinates": [ [ [ [ -112.5496006, 46.0336003 ], [ -112.5496037, 46.034295 ], [ -112.5496046, 46.0344966 ], [ -112.54961, 46.0356951 ], [ -112.549612, 46.0361806 ], [ -112.5496121, 46.0362018 ], [ -112.5496143, 46.0367054 ], [ -112.5496151, 46.0368696 ], [ -112.5496157, 46.0370182 ], [ -112.549622, 46.038436 ], [ -112.549623, 46.0386583 ], [ -112.5496279, 46.039755 ], [ -112.5496282, 46.0398267 ], [ -112.5496306, 46.0403519 ], [ -112.5496293, 46.0407216 ], [ -112.5496279, 46.0411769 ], [ -112.549627, 46.0414251 ], [ -112.5496232, 46.0425975 ], [ -112.5496188, 46.0439379 ], [ -112.5496187, 46.0439643 ], [ -112.5496178, 46.0442504 ], [ -112.549613, 46.0457068 ], [ -112.549613, 46.0457321 ], [ -112.5496105, 46.0465054 ], [ -112.5496073, 46.047492 ], [ -112.5517375, 46.0474776 ], [ -112.5525923, 46.0474718 ], [ -112.5536781, 46.0474644 ], [ -112.5548372, 46.0474572 ], [ -112.5583133, 46.0474356 ], [ -112.5585393, 46.0474341 ], [ -112.5600672, 46.0474236 ], [ -112.5644597, 46.0474147 ], [ -112.5653011, 46.0474129 ], [ -112.570535, 46.0474017 ], [ -112.5705309, 46.0443496 ], [ -112.5705301, 46.0440243 ], [ -112.570529, 46.0434788 ], [ -112.5705285, 46.043248 ], [ -112.5705264, 46.0420072 ], [ -112.570524, 46.0407083 ], [ -112.5705233, 46.0403965 ], [ -112.5705234, 46.0403591 ], [ -112.5705248, 46.0398455 ], [ -112.5705325, 46.0386013 ], [ -112.5705403, 46.0373418 ], [ -112.5705438, 46.0367687 ], [ -112.5705496, 46.0356627 ], [ -112.5705569, 46.0342685 ], [ -112.5705572, 46.0342092 ], [ -112.570562, 46.0332897 ], [ -112.570562, 46.0332793 ], [ -112.5705627, 46.0331522 ], [ -112.5664121, 46.0331337 ], [ -112.5653216, 46.0331289 ], [ -112.5632166, 46.0331195 ], [ -112.560936, 46.0331094 ], [ -112.5607058, 46.0331083 ], [ -112.5600805, 46.0331055 ], [ -112.5564271, 46.0330893 ], [ -112.5548393, 46.0330822 ], [ -112.5505977, 46.0330634 ], [ -112.5502235, 46.0330617 ], [ -112.5495981, 46.0330589 ], [ -112.5496006, 46.0336003 ] ] ] ] } },
{ "type": "Feature", "properties": { "PLSSID": "MT200040N0080W0", "FRSTDIVID": "MT200040N0080W0SN280", "FRSTDIVTYP": "SN", "FRSTDIVTXT": "Section", "FRSTDIVNO": "28", "FRSTDIVDUP": "0", "FRSTDIVLAB": "28", "SURVTYP": null, "SURVTYPTXT": null, "SOURCEDATE": null, "SOURCEREF": null, "RECRDAREAT": null, "RECRDAREAN": 0.0, "GISACRE": 634.40210012299997, "SHAPE_Leng": 6409.1183640899999, "SHAPE_Area": 2567334.2132600001 }, "geometry": { "type": "MultiPolygon", "coordinates": [ [ [ [ -112.5911885, 46.0653667 ], [ -112.5911684, 46.0689768 ], [ -112.5911483, 46.072587 ], [ -112.5911282, 46.0761971 ], [ -112.5963101, 46.0762148 ], [ -112.6014921, 46.0762326 ], [ -112.6066741, 46.0762503 ], [ -112.6118561, 46.076268 ], [ -112.6118581, 46.0726606 ], [ -112.6118601, 46.0690533 ], [ -112.611861, 46.0654404 ], [ -112.6118623, 46.0618245 ], [ -112.6066988, 46.0618075 ], [ -112.6015354, 46.0617905 ], [ -112.596372, 46.0617735 ], [ -112.5912086, 46.0617565 ], [ -112.5911885, 46.0653667 ] ] ] ] } },
{ "type": "Feature", "properties": { "PLSSID": "MT200040N0070W0", "FRSTDIVID": "MT200040N0070W0SN140", "FRSTDIVTYP": "SN", "FRSTDIVTXT": "Section", "FRSTDIVNO": "14", "FRSTDIVDUP": "0", "FRSTDIVLAB": "14", "SURVTYP": null, "SURVTYPTXT": null, "SOURCEDATE": null, "SOURCEREF": null, "RECRDAREAT": null, "RECRDAREAN": 0.0, "GISACRE": 622.53784953299999, "SHAPE_Leng": 6350.9546446699997, "SHAPE_Area": 2519321.2945699999 }, "geometry": { "type": "MultiPolygon", "coordinates": [ [ [ [ -112.4255598, 46.095335 ], [ -112.4255809, 46.0989725 ], [ -112.4256023, 46.10267 ], [ -112.4256237, 46.1063675 ], [ -112.4308252, 46.1063655 ], [ -112.4351686, 46.1063641 ], [ -112.4360269, 46.106364 ], [ -112.4403695, 46.1063609 ], [ -112.4407986, 46.1063606 ], [ -112.4455703, 46.1063572 ], [ -112.4455711, 46.1054628 ], [ -112.4455705, 46.1026866 ], [ -112.4455712, 46.1018384 ], [ -112.4455705, 46.0990159 ], [ -112.4455712, 46.0982139 ], [ -112.4455705, 46.0953451 ], [ -112.4455711, 46.0945892 ], [ -112.4455703, 46.0916741 ], [ -112.4407646, 46.0916795 ], [ -112.4359589, 46.0916849 ], [ -112.4307488, 46.0916912 ], [ -112.4255387, 46.0916975 ], [ -112.4255598, 46.095335 ] ] ] ] } },
{ "type": "Feature", "properties": { "PLSSID": "MT200040N0080W0", "FRSTDIVID": "MT200040N0080W0SN050", "FRSTDIVTYP": "SN", "FRSTDIVTXT": "Section", "FRSTDIVNO": "05", "FRSTDIVDUP": "0", "FRSTDIVLAB": "05", "SURVTYP": null, "SURVTYPTXT": null, "SOURCEDATE": null, "SOURCEREF": null, "RECRDAREAT": null, "RECRDAREAN": 0.0, "GISACRE": 700.43567964900001, "SHAPE_Leng": 6745.8584982599996, "SHAPE_Area": 2834562.62867 }, "geometry": { "type": "MultiPolygon", "coordinates": [ [ [ [ -112.6115554, 46.1231837 ], [ -112.6115742, 46.1267557 ], [ -112.6115837, 46.1303507 ], [ -112.6116046, 46.1356674 ], [ -112.6148607, 46.135669 ], [ -112.616744, 46.13567 ], [ -112.6200459, 46.1356717 ], [ -112.6218834, 46.1356717 ], [ -112.6252236, 46.1356722 ], [ -112.6270157, 46.1356724 ], [ -112.6304013, 46.1356729 ], [ -112.632148, 46.1356729 ], [ -112.6321747, 46.1305338 ], [ -112.632188, 46.1269176 ], [ -112.6322145, 46.1233036 ], [ -112.632241, 46.1196895 ], [ -112.6270648, 46.11967 ], [ -112.6218887, 46.1196506 ], [ -112.6167127, 46.1196311 ], [ -112.6115365, 46.1196116 ], [ -112.6115554, 46.1231837 ] ] ] ] } },
{ "type": "Feature", "properties": { "PLSSID": "MT200040N0070W0", "FRSTDIVID": "MT200040N0070W0SN160", "FRSTDIVTYP": "SN", "FRSTDIVTXT": "Section", "FRSTDIVNO": "16", "FRSTDIVDUP": "0", "FRSTDIVLAB": "16", "SURVTYP": null, "SURVTYPTXT": null, "SOURCEDATE": null, "SOURCEREF": null, "RECRDAREAT": null, "RECRDAREAN": 0.0, "GISACRE": 639.04348488599999, "SHAPE_Leng": 6433.99365898, "SHAPE_Area": 2586117.231 }, "geometry": { "type": "MultiPolygon", "coordinates": [ [ [ [ -112.4872052, 46.098256 ], [ -112.4872018, 46.0946356 ], [ -112.4872013, 46.0941288 ], [ -112.4871998, 46.0925675 ], [ -112.4871984, 46.0910152 ], [ -112.4850656, 46.0910186 ], [ -112.4845698, 46.0910194 ], [ -112.481998, 46.0910235 ], [ -112.4767976, 46.0910317 ], [ -112.4754832, 46.0910309 ], [ -112.4728262, 46.0910292 ], [ -112.4715888, 46.0910284 ], [ -112.4686782, 46.0910265 ], [ -112.46638, 46.0910237 ], [ -112.4663803, 46.0916349 ], [ -112.4663815, 46.0946386 ], [ -112.4663831, 46.0982536 ], [ -112.4663846, 46.1018684 ], [ -112.4663861, 46.1054832 ], [ -112.4715926, 46.1054866 ], [ -112.4767991, 46.10549 ], [ -112.4820056, 46.1054933 ], [ -112.4872121, 46.1054967 ], [ -112.4872087, 46.1018763 ], [ -112.4872052, 46.098256 ] ] ] ] } },
{ "type": "Feature", "properties": { "PLSSID": "MT200040N0070W0", "FRSTDIVID": "MT200040N0070W0SN050", "FRSTDIVTYP": "SN", "FRSTDIVTXT": "Section", "FRSTDIVNO": "05", "FRSTDIVDUP": "0", "FRSTDIVLAB": "05", "SURVTYP": null, "SURVTYPTXT": null, "SOURCEDATE": null, "SOURCEREF": null, "RECRDAREAT": null, "RECRDAREAN": 0.0, "GISACRE": 691.98367249399996, "SHAPE_Leng": 6698.7356085399997, "SHAPE_Area": 2800358.56923 }, "geometry": { "type": "MultiPolygon", "coordinates": [ [ [ [ -112.48724, 46.1235908 ], [ -112.4872405, 46.1272096 ], [ -112.48724, 46.1308283 ], [ -112.4872397, 46.1356485 ], [ -112.4890012, 46.1356504 ], [ -112.4924395, 46.1356541 ], [ -112.494206, 46.135656 ], [ -112.4950386, 46.1356561 ], [ -112.4976393, 46.1356564 ], [ -112.4994159, 46.1356565 ], [ -112.5002403, 46.1356565 ], [ -112.5015408, 46.1356565 ], [ -112.5020049, 46.1356565 ], [ -112.5020207, 46.1356565 ], [ -112.5028415, 46.1356568 ], [ -112.5046256, 46.1356573 ], [ -112.5072235, 46.1356568 ], [ -112.5080437, 46.1356566 ], [ -112.5080473, 46.1308319 ], [ -112.5080493, 46.1272136 ], [ -112.5080533, 46.1235957 ], [ -112.5080574, 46.1199777 ], [ -112.502853, 46.1199763 ], [ -112.4976486, 46.1199749 ], [ -112.4924441, 46.1199734 ], [ -112.4872396, 46.1199719 ], [ -112.48724, 46.1235908 ] ] ] ] } },
{ "type": "Feature", "properties": { "PLSSID": "MT200040N0090W0", "FRSTDIVID": "MT200040N0090W0SN150", "FRSTDIVTYP": "SN", "FRSTDIVTXT": "Section", "FRSTDIVNO": "15", "FRSTDIVDUP": "0", "FRSTDIVLAB": "15", "SURVTYP": null, "SURVTYPTXT": null, "SOURCEDATE": null, "SOURCEREF": null, "RECRDAREAT": null, "RECRDAREAN": 0.0, "GISACRE": 637.21422913699996, "SHAPE_Leng": 6422.4401475100003, "SHAPE_Area": 2578714.4956299998 }, "geometry": { "type": "MultiPolygon", "coordinates": [ [ [ [ -112.7045245, 46.0908003 ], [ -112.699323, 46.0907878 ], [ -112.6941216, 46.0907753 ], [ -112.6941194, 46.0943847 ], [ -112.6941172, 46.097994 ], [ -112.694115, 46.1016034 ], [ -112.6941128, 46.1052128 ], [ -112.6993139, 46.1052217 ], [ -112.7045149, 46.1052306 ], [ -112.709716, 46.1052394 ], [ -112.7149171, 46.1052483 ], [ -112.7149257, 46.1016584 ], [ -112.7149343, 46.0980685 ], [ -112.7149309, 46.0944469 ], [ -112.7149275, 46.0908253 ], [ -112.709726, 46.0908128 ], [ -112.7045245, 46.0908003 ] ] ] ] } },
{ "type": "Feature", "properties": { "PLSSID": "MT200040N0070W0", "FRSTDIVID": "MT200040N0070W0SN180", "FRSTDIVTYP": "SN", "FRSTDIVTXT": "Section", "FRSTDIVNO": "18", "FRSTDIVDUP": "0", "FRSTDIVLAB": "18", "SURVTYP": null, "SURVTYPTXT": null, "SOURCEDATE": null, "SOURCEREF": null, "RECRDAREAT": null, "RECRDAREAN": 0.0, "GISACRE": 629.75549267899999, "SHAPE_Leng": 6382.3547115900001, "SHAPE_Area": 2548530.0600899998 }, "geometry": { "type": "MultiPolygon", "coordinates": [ [ [ [ -112.5132351, 46.0909879 ], [ -112.5095499, 46.0910007 ], [ -112.5091538, 46.091002 ], [ -112.5080363, 46.0910059 ], [ -112.5080365, 46.0910571 ], [ -112.5080463, 46.0946302 ], [ -112.5080562, 46.0982545 ], [ -112.5080662, 46.1018788 ], [ -112.5080761, 46.1055031 ], [ -112.5132788, 46.1054956 ], [ -112.5184814, 46.105488 ], [ -112.5236838, 46.105479 ], [ -112.5283894, 46.1054706 ], [ -112.528392, 46.1053042 ], [ -112.5284568, 46.1018389 ], [ -112.528459, 46.1017249 ], [ -112.5285248, 46.0982071 ], [ -112.5285251, 46.0981456 ], [ -112.5285516, 46.0945754 ], [ -112.5285523, 46.0944777 ], [ -112.5285786, 46.0909437 ], [ -112.523635, 46.0909574 ], [ -112.5211847, 46.0909633 ], [ -112.5184338, 46.0909699 ], [ -112.5152923, 46.0909808 ], [ -112.5150251, 46.0909817 ], [ -112.5132351, 46.0909879 ] ] ] ] } },
{ "type": "Feature", "properties": { "PLSSID": "MT200020N0070W0", "FRSTDIVID": "MT200020N0070W0SN080", "FRSTDIVTYP": "SN", "FRSTDIVTXT": "Section", "FRSTDIVNO": "08", "FRSTDIVDUP": "0", "FRSTDIVLAB": "08", "SURVTYP": null, "SURVTYPTXT": null, "SOURCEDATE": null, "SOURCEREF": null, "RECRDAREAT": null, "RECRDAREAN": 0.0, "GISACRE": 661.3900376, "SHAPE_Leng": 6544.0935425199996, "SHAPE_Area": 2676550.5213700002 }, "geometry": { "type": "MultiPolygon", "coordinates": [ [ [ [ -112.4869688, 45.9349214 ], [ -112.4869972, 45.9385887 ], [ -112.4870256, 45.9422559 ], [ -112.487054, 45.9459231 ], [ -112.4923264, 45.9459253 ], [ -112.4975989, 45.9459276 ], [ -112.5028713, 45.9459297 ], [ -112.5081436, 45.9459319 ], [ -112.5081344, 45.9422443 ], [ -112.5081252, 45.9385567 ], [ -112.508116, 45.9348691 ], [ -112.5081069, 45.9311815 ], [ -112.5028153, 45.9311997 ], [ -112.4975237, 45.9312179 ], [ -112.4922321, 45.931236 ], [ -112.4869404, 45.9312542 ], [ -112.4869688, 45.9349214 ] ] ] ] } },
{ "type": "Feature", "properties": { "PLSSID": "MT200040N0080W0", "FRSTDIVID": "MT200040N0080W0SN100", "FRSTDIVTYP": "SN", "FRSTDIVTXT": "Section", "FRSTDIVNO": "10", "FRSTDIVDUP": "0", "FRSTDIVLAB": "10", "SURVTYP": null, "SURVTYPTXT": null, "SOURCEDATE": null, "SOURCEREF": null, "RECRDAREAT": null, "RECRDAREAN": 0.0, "GISACRE": 638.96651417400005, "SHAPE_Leng": 6433.1296754100003, "SHAPE_Area": 2585805.7415800001 }, "geometry": { "type": "MultiPolygon", "coordinates": [ [ [ [ -112.5695099, 46.1195741 ], [ -112.5747642, 46.1195319 ], [ -112.5800184, 46.1194898 ], [ -112.5852726, 46.1194476 ], [ -112.5905269, 46.1194055 ], [ -112.5905785, 46.1158206 ], [ -112.5906302, 46.1122357 ], [ -112.5906818, 46.1086509 ], [ -112.5907335, 46.105066 ], [ -112.5855107, 46.1050894 ], [ -112.5802881, 46.1051129 ], [ -112.5750653, 46.1051363 ], [ -112.5698426, 46.1051597 ], [ -112.5697595, 46.1087633 ], [ -112.5696763, 46.1123669 ], [ -112.5695931, 46.1159705 ], [ -112.5695099, 46.1195741 ] ] ] ] } },
{ "type": "Feature", "properties": { "PLSSID": "MT200030N0080W0", "FRSTDIVID": "MT200030N0080W0SN340", "FRSTDIVTYP": "SN", "FRSTDIVTXT": "Section", "FRSTDIVNO": "34", "FRSTDIVDUP": "0", "FRSTDIVLAB": "34", "SURVTYP": null, "SURVTYPTXT": null, "SOURCEDATE": null, "SOURCEREF": null, "RECRDAREAT": null, "RECRDAREAN": 0.0, "GISACRE": 645.13865652799996, "SHAPE_Leng": 6463.2290340500003, "SHAPE_Area": 2610783.5155099998 }, "geometry": { "type": "MultiPolygon", "coordinates": [ [ [ [ -112.5911717, 45.9749189 ], [ -112.5911755, 45.9728849 ], [ -112.5911785, 45.9713099 ], [ -112.5911786, 45.971222 ], [ -112.5911853, 45.967701 ], [ -112.5911921, 45.964092 ], [ -112.5911988, 45.9604831 ], [ -112.5859476, 45.9604739 ], [ -112.5806964, 45.9604647 ], [ -112.5754452, 45.9604555 ], [ -112.570194, 45.9604463 ], [ -112.5702077, 45.9640714 ], [ -112.570215, 45.9660334 ], [ -112.5702213, 45.9676966 ], [ -112.5702213, 45.9677653 ], [ -112.5702345, 45.9713216 ], [ -112.570248, 45.9749466 ], [ -112.5754655, 45.9749399 ], [ -112.580683, 45.9749332 ], [ -112.5859274, 45.9749261 ], [ -112.5911717, 45.9749189 ] ] ] ] } },
{ "type": "Feature", "properties": { "PLSSID": "MT200020N0080W0", "FRSTDIVID": "MT200020N0080W0SN030", "FRSTDIVTYP": "SN", "FRSTDIVTXT": "Section", "FRSTDIVNO": "03", "FRSTDIVDUP": "0", "FRSTDIVLAB": "03", "SURVTYP": null, "SURVTYPTXT": null, "SOURCEDATE": null, "SOURCEREF": null, "RECRDAREAT": null, "RECRDAREAN": 0.0, "GISACRE": 650.111276234, "SHAPE_Leng": 6488.1845604500004, "SHAPE_Area": 2630906.9935 }, "geometry": { "type": "MultiPolygon", "coordinates": [ [ [ [ -112.5703807, 45.9494265 ], [ -112.570321, 45.9530502 ], [ -112.5702588, 45.9566712 ], [ -112.570194, 45.9604463 ], [ -112.5754452, 45.9604555 ], [ -112.5806964, 45.9604647 ], [ -112.5859476, 45.9604739 ], [ -112.5911988, 45.9604831 ], [ -112.5912225, 45.956745 ], [ -112.5912453, 45.9531331 ], [ -112.591267, 45.9495278 ], [ -112.5912886, 45.9459226 ], [ -112.5860765, 45.9458926 ], [ -112.5808645, 45.9458627 ], [ -112.5756524, 45.9458328 ], [ -112.5704403, 45.9458028 ], [ -112.5703807, 45.9494265 ] ] ] ] } },
{ "type": "Feature", "properties": { "PLSSID": "MT200030N0070W0", "FRSTDIVID": "MT200030N0070W0SN320", "FRSTDIVTYP": "SN", "FRSTDIVTXT": "Section", "FRSTDIVNO": "32", "FRSTDIVDUP": "0", "FRSTDIVLAB": "32", "SURVTYP": null, "SURVTYPTXT": null, "SOURCEDATE": null, "SOURCEREF": null, "RECRDAREAT": null, "RECRDAREAN": 0.0, "GISACRE": 649.17729108000003, "SHAPE_Leng": 6483.4220035199996, "SHAPE_Area": 2627127.2896799999 }, "geometry": { "type": "MultiPolygon", "coordinates": [ [ [ [ -112.4870806, 45.9641676 ], [ -112.4871021, 45.9677954 ], [ -112.4871237, 45.9714233 ], [ -112.4871452, 45.9750511 ], [ -112.4923947, 45.9750417 ], [ -112.4976441, 45.9750323 ], [ -112.5028935, 45.9750229 ], [ -112.5081428, 45.9750135 ], [ -112.5081251, 45.9713762 ], [ -112.5081075, 45.9677391 ], [ -112.5080899, 45.9641018 ], [ -112.5080723, 45.9604646 ], [ -112.5028191, 45.9604835 ], [ -112.4975658, 45.9605022 ], [ -112.4923124, 45.960521 ], [ -112.487059, 45.9605398 ], [ -112.4870806, 45.9641676 ] ] ] ] } },
{ "type": "Feature", "properties": { "PLSSID": "MT200040N0070W0", "FRSTDIVID": "MT200040N0070W0SN290", "FRSTDIVTYP": "SN", "FRSTDIVTXT": "Section", "FRSTDIVNO": "29", "FRSTDIVDUP": "0", "FRSTDIVLAB": "29", "SURVTYP": null, "SURVTYPTXT": null, "SOURCEDATE": null, "SOURCEREF": null, "RECRDAREAT": null, "RECRDAREAN": 0.0, "GISACRE": 639.78982513799997, "SHAPE_Leng": 6437.0836809100001, "SHAPE_Area": 2589137.5628399998 }, "geometry": { "type": "MultiPolygon", "coordinates": [ [ [ [ -112.4871629, 46.0624072 ], [ -112.4871645, 46.0631141 ], [ -112.4871651, 46.0633547 ], [ -112.4871653, 46.0634509 ], [ -112.4871683, 46.0647651 ], [ -112.4871705, 46.065723 ], [ -112.4871721, 46.0664118 ], [ -112.4871756, 46.0679198 ], [ -112.4871789, 46.069339 ], [ -112.4871791, 46.0694501 ], [ -112.4871793, 46.0695443 ], [ -112.4871809, 46.0702339 ], [ -112.4871811, 46.0703216 ], [ -112.4871827, 46.0710066 ], [ -112.4871828, 46.0710563 ], [ -112.4871852, 46.0720736 ], [ -112.4871865, 46.0726539 ], [ -112.4871867, 46.0727384 ], [ -112.4871872, 46.0729549 ], [ -112.4871891, 46.0737602 ], [ -112.4871902, 46.0742368 ], [ -112.487191, 46.074595 ], [ -112.4871948, 46.0762489 ], [ -112.4871949, 46.0762815 ], [ -112.4871955, 46.0765709 ], [ -112.4920121, 46.0765646 ], [ -112.4924063, 46.0765641 ], [ -112.497617, 46.0765574 ], [ -112.4983612, 46.0765567 ], [ -112.5002172, 46.0765551 ], [ -112.502826, 46.0765528 ], [ -112.5046069, 46.0765513 ], [ -112.5080349, 46.0765504 ], [ -112.5080347, 46.0760398 ], [ -112.5080341, 46.0744722 ], [ -112.5080322, 46.0729493 ], [ -112.5080322, 46.0729347 ], [ -112.508032, 46.0728252 ], [ -112.5080316, 46.0724961 ], [ -112.5080295, 46.0708076 ], [ -112.5080284, 46.0699577 ], [ -112.5080281, 46.0693191 ], [ -112.5080253, 46.0685877 ], [ -112.5080237, 46.0681878 ], [ -112.5080221, 46.0677755 ], [ -112.5080188, 46.0669324 ], [ -112.5080162, 46.0662624 ], [ -112.5080157, 46.0661266 ], [ -112.508014, 46.0657013 ], [ -112.5080094, 46.0645179 ], [ -112.5080036, 46.0630361 ], [ -112.5079999, 46.0620836 ], [ -112.5056297, 46.0620887 ], [ -112.5049861, 46.0620901 ], [ -112.5039072, 46.0620925 ], [ -112.5027857, 46.0620949 ], [ -112.4979896, 46.0621052 ], [ -112.4975714, 46.0621061 ], [ -112.4923668, 46.0621063 ], [ -112.4921294, 46.0621064 ], [ -112.488875, 46.0621065 ], [ -112.4871622, 46.062107 ], [ -112.4871629, 46.0624072 ] ] ] ] } },
{ "type": "Feature", "properties": { "PLSSID": "MT200040N0080W0", "FRSTDIVID": "MT200040N0080W0SN270", "FRSTDIVTYP": "SN", "FRSTDIVTXT": "Section", "FRSTDIVNO": "27", "FRSTDIVDUP": "0", "FRSTDIVLAB": "27", "SURVTYP": null, "SURVTYPTXT": null, "SOURCEDATE": null, "SOURCEREF": null, "RECRDAREAT": null, "RECRDAREAN": 0.0, "GISACRE": 637.74219025000002, "SHAPE_Leng": 6426.6194490500002, "SHAPE_Area": 2580851.0784499999 }, "geometry": { "type": "MultiPolygon", "coordinates": [ [ [ [ -112.5704228, 46.0655436 ], [ -112.5703732, 46.0691569 ], [ -112.5703235, 46.0727701 ], [ -112.5702739, 46.0763834 ], [ -112.5754875, 46.0763368 ], [ -112.580701, 46.0762903 ], [ -112.5859146, 46.0762437 ], [ -112.5911282, 46.0761971 ], [ -112.5911483, 46.072587 ], [ -112.5911684, 46.0689768 ], [ -112.5911885, 46.0653667 ], [ -112.5912086, 46.0617565 ], [ -112.5860246, 46.0618 ], [ -112.5808405, 46.0618435 ], [ -112.5756565, 46.0618869 ], [ -112.5704724, 46.0619304 ], [ -112.5704228, 46.0655436 ] ] ] ] } },
{ "type": "Feature", "properties": { "PLSSID": "MT200030N0070W0", "FRSTDIVID": "MT200030N0070W0SN250", "FRSTDIVTYP": "SN", "FRSTDIVTXT": "Section", "FRSTDIVNO": "25", "FRSTDIVDUP": "0", "FRSTDIVLAB": "25", "SURVTYP": null, "SURVTYPTXT": null, "SOURCEDATE": null, "SOURCEREF": null, "RECRDAREAT": null, "RECRDAREAN": 0.0, "GISACRE": 636.84832988999995, "SHAPE_Leng": 6421.39743937, "SHAPE_Area": 2577233.75391 }, "geometry": { "type": "MultiPolygon", "coordinates": [ [ [ [ -112.4039572, 45.9760595 ], [ -112.4039678, 45.9786148 ], [ -112.4039722, 45.9796795 ], [ -112.4039828, 45.9822339 ], [ -112.403987, 45.9832995 ], [ -112.4039989, 45.9858517 ], [ -112.4040038, 45.9869183 ], [ -112.4040157, 45.9894696 ], [ -112.4091779, 45.9894803 ], [ -112.4143401, 45.989491 ], [ -112.4195022, 45.9895017 ], [ -112.4246644, 45.9895124 ], [ -112.4246626, 45.9858887 ], [ -112.4246607, 45.982265 ], [ -112.4246589, 45.9786413 ], [ -112.424657, 45.9750176 ], [ -112.419481, 45.9750121 ], [ -112.414305, 45.9750066 ], [ -112.409129, 45.9750011 ], [ -112.4039531, 45.9749956 ], [ -112.4039572, 45.9760595 ] ] ] ] } },
{ "type": "Feature", "properties": { "PLSSID": "MT200040N0080W0", "FRSTDIVID": "MT200040N0080W0SN300", "FRSTDIVTYP": "SN", "FRSTDIVTXT": "Section", "FRSTDIVNO": "30", "FRSTDIVDUP": "0", "FRSTDIVLAB": "30", "SURVTYP": null, "SURVTYPTXT": null, "SOURCEDATE": null, "SOURCEREF": null, "RECRDAREAT": null, "RECRDAREAN": 0.0, "GISACRE": 613.72897253400004, "SHAPE_Leng": 6312.7949363999996, "SHAPE_Area": 2483673.0341099999 }, "geometry": { "type": "MultiPolygon", "coordinates": [ [ [ [ -112.6326478, 46.065451 ], [ -112.6326301, 46.0690536 ], [ -112.6326125, 46.0726561 ], [ -112.6325949, 46.0762587 ], [ -112.6377769, 46.076271 ], [ -112.6429588, 46.0762833 ], [ -112.6481494, 46.0763016 ], [ -112.6528113, 46.0763185 ], [ -112.6527139, 46.0726992 ], [ -112.6526179, 46.0691342 ], [ -112.6526176, 46.0690799 ], [ -112.6525975, 46.0654601 ], [ -112.6525773, 46.0618403 ], [ -112.6482762, 46.0618471 ], [ -112.6430748, 46.0618537 ], [ -112.6378701, 46.0618511 ], [ -112.6326654, 46.0618485 ], [ -112.6326478, 46.065451 ] ] ] ] } },
{ "type": "Feature", "properties": { "PLSSID": "MT200040N0070W0", "FRSTDIVID": "MT200040N0070W0SN270", "FRSTDIVTYP": "SN", "FRSTDIVTXT": "Section", "FRSTDIVNO": "27", "FRSTDIVDUP": "0", "FRSTDIVLAB": "27", "SURVTYP": null, "SURVTYPTXT": null, "SOURCEDATE": null, "SOURCEREF": null, "RECRDAREAT": null, "RECRDAREAN": 0.0, "GISACRE": 605.60070065599996, "SHAPE_Leng": 6264.8416938600003, "SHAPE_Area": 2450779.0848599998 }, "geometry": { "type": "MultiPolygon", "coordinates": [ [ [ [ -112.4663513, 46.0620632 ], [ -112.461142, 46.062047 ], [ -112.4559327, 46.0620309 ], [ -112.4528246, 46.0620423 ], [ -112.4521202, 46.0620452 ], [ -112.4518212, 46.0620465 ], [ -112.4507449, 46.0620509 ], [ -112.4466322, 46.0620653 ], [ -112.4466325, 46.0622696 ], [ -112.4466297, 46.0656762 ], [ -112.4466298, 46.0659783 ], [ -112.4466272, 46.0692872 ], [ -112.4466271, 46.069687 ], [ -112.4466167, 46.0728919 ], [ -112.4466153, 46.0733903 ], [ -112.4466098, 46.075171 ], [ -112.4466078, 46.0758254 ], [ -112.4466061, 46.0764966 ], [ -112.4466764, 46.0764967 ], [ -112.4495748, 46.0764965 ], [ -112.4507011, 46.0764964 ], [ -112.4510505, 46.0764964 ], [ -112.4551642, 46.0764961 ], [ -112.4558846, 46.076496 ], [ -112.4599777, 46.076523 ], [ -112.4610027, 46.0765298 ], [ -112.4611083, 46.0765305 ], [ -112.462014, 46.0765366 ], [ -112.466332, 46.0765652 ], [ -112.466332, 46.0765447 ], [ -112.4663326, 46.0761244 ], [ -112.4663347, 46.074477 ], [ -112.4663352, 46.0741342 ], [ -112.4663368, 46.0729397 ], [ -112.4663373, 46.0725656 ], [ -112.4663416, 46.0693143 ], [ -112.4663464, 46.0656887 ], [ -112.4663513, 46.0620632 ] ] ] ] } },
{ "type": "Feature", "properties": { "PLSSID": "MT200020N0090W0", "FRSTDIVID": "MT200020N0090W0SN150", "FRSTDIVTYP": "SN", "FRSTDIVTXT": "Section", "FRSTDIVNO": "15", "FRSTDIVDUP": "0", "FRSTDIVLAB": "15", "SURVTYP": null, "SURVTYPTXT": null, "SOURCEDATE": null, "SOURCEREF": null, "RECRDAREAT": null, "RECRDAREAN": 0.0, "GISACRE": 655.162597194, "SHAPE_Leng": 6510.5460536099999, "SHAPE_Area": 2651348.9641700001 }, "geometry": { "type": "MultiPolygon", "coordinates": [ [ [ [ -112.693073, 45.9187163 ], [ -112.6930518, 45.9223961 ], [ -112.6930306, 45.9260759 ], [ -112.6930094, 45.9297557 ], [ -112.6982558, 45.9297492 ], [ -112.7035023, 45.9297427 ], [ -112.7087488, 45.9297361 ], [ -112.7139952, 45.9297296 ], [ -112.7140061, 45.9286822 ], [ -112.7140327, 45.9261255 ], [ -112.7140702, 45.9225213 ], [ -112.7140734, 45.9188304 ], [ -112.7140766, 45.9151394 ], [ -112.708831, 45.9151137 ], [ -112.7035854, 45.915088 ], [ -112.6983398, 45.9150623 ], [ -112.6930942, 45.9150365 ], [ -112.693073, 45.9187163 ] ] ] ] } },
{ "type": "Feature", "properties": { "PLSSID": "MT200040N0080W0", "FRSTDIVID": "MT200040N0080W0SN320", "FRSTDIVTYP": "SN", "FRSTDIVTXT": "Section", "FRSTDIVNO": "32", "FRSTDIVDUP": "0", "FRSTDIVLAB": "32", "SURVTYP": null, "SURVTYPTXT": null, "SOURCEDATE": null, "SOURCEREF": null, "RECRDAREAT": null, "RECRDAREAN": 0.0, "GISACRE": 638.54815013899997, "SHAPE_Leng": 6429.8373906899997, "SHAPE_Area": 2584112.6823999998 }, "geometry": { "type": "MultiPolygon", "coordinates": [ [ [ [ -112.6118665, 46.0545889 ], [ -112.6118645, 46.058207 ], [ -112.6118623, 46.0618245 ], [ -112.6144599, 46.0618253 ], [ -112.6170574, 46.0618266 ], [ -112.6222483, 46.0618317 ], [ -112.6274569, 46.0618401 ], [ -112.6326654, 46.0618485 ], [ -112.6326772, 46.0582438 ], [ -112.632689, 46.054639 ], [ -112.6327008, 46.0510343 ], [ -112.6327126, 46.0474296 ], [ -112.6275078, 46.0474092 ], [ -112.6223031, 46.0473887 ], [ -112.6170984, 46.0473683 ], [ -112.6118936, 46.0473479 ], [ -112.6118801, 46.0509684 ], [ -112.6118665, 46.0545889 ] ] ] ] } },
{ "type": "Feature", "properties": { "PLSSID": "MT200030N0080W0", "FRSTDIVID": "MT200030N0080W0SN080", "FRSTDIVTYP": "SN", "FRSTDIVTXT": "Section", "FRSTDIVNO": "08", "FRSTDIVDUP": "0", "FRSTDIVLAB": "08", "SURVTYP": null, "SURVTYPTXT": null, "SOURCEDATE": null, "SOURCEREF": null, "RECRDAREAT": null, "RECRDAREAN": 0.0, "GISACRE": 637.33849099899999, "SHAPE_Leng": 6422.7601290700004, "SHAPE_Area": 2579217.3655400001 }, "geometry": { "type": "MultiPolygon", "coordinates": [ [ [ [ -112.6121058, 46.022108 ], [ -112.6121119, 46.0257475 ], [ -112.6121349, 46.029393 ], [ -112.6121527, 46.0321274 ], [ -112.6121586, 46.0330394 ], [ -112.6173259, 46.0330357 ], [ -112.6224932, 46.0330319 ], [ -112.6276605, 46.0330282 ], [ -112.6328278, 46.0330244 ], [ -112.6328316, 46.0294267 ], [ -112.6328353, 46.0258289 ], [ -112.6328391, 46.0222312 ], [ -112.6328428, 46.0186334 ], [ -112.627657, 46.0185922 ], [ -112.6224713, 46.0185509 ], [ -112.6172855, 46.0185097 ], [ -112.6120998, 46.0184684 ], [ -112.6121058, 46.022108 ] ] ] ] } },
{ "type": "Feature", "properties": { "PLSSID": "MT200020N0090W0", "FRSTDIVID": "MT200020N0090W0SN130", "FRSTDIVTYP": "SN", "FRSTDIVTXT": "Section", "FRSTDIVNO": "13", "FRSTDIVDUP": "0", "FRSTDIVLAB": "13", "SURVTYP": null, "SURVTYPTXT": null, "SOURCEDATE": null, "SOURCEREF": null, "RECRDAREAT": null, "RECRDAREAN": 0.0, "GISACRE": 650.55968713699997, "SHAPE_Leng": 6490.9631451300002, "SHAPE_Area": 2632721.64805 }, "geometry": { "type": "MultiPolygon", "coordinates": [ [ [ [ -112.6615673, 45.9291606 ], [ -112.6667886, 45.9292645 ], [ -112.6720098, 45.9293685 ], [ -112.6720156, 45.9257155 ], [ -112.6720213, 45.9220625 ], [ -112.6720271, 45.9184096 ], [ -112.6720329, 45.9147567 ], [ -112.6667853, 45.9146618 ], [ -112.6615378, 45.914567 ], [ -112.6562902, 45.9144721 ], [ -112.6510426, 45.9143772 ], [ -112.6510484, 45.9168615 ], [ -112.6510565, 45.9180195 ], [ -112.6510738, 45.9204913 ], [ -112.651082, 45.9216619 ], [ -112.6510908, 45.9241212 ], [ -112.6510992, 45.9253073 ], [ -112.6511164, 45.9277488 ], [ -112.6511249, 45.9289528 ], [ -112.6563461, 45.9290567 ], [ -112.6615673, 45.9291606 ] ] ] ] } },
{ "type": "Feature", "properties": { "PLSSID": "MT200030N0080W0", "FRSTDIVID": "MT200030N0080W0SN220", "FRSTDIVTYP": "SN", "FRSTDIVTXT": "Section", "FRSTDIVNO": "22", "FRSTDIVDUP": "0", "FRSTDIVLAB": "22", "SURVTYP": null, "SURVTYPTXT": null, "SOURCEDATE": null, "SOURCEREF": null, "RECRDAREAT": null, "RECRDAREAN": 0.0, "GISACRE": 644.44596704100002, "SHAPE_Leng": 6492.5259605299998, "SHAPE_Area": 2607980.3006099998 }, "geometry": { "type": "MultiPolygon", "coordinates": [ [ [ [ -112.5755425, 46.0040266 ], [ -112.575942, 46.0040243 ], [ -112.5803083, 46.0039991 ], [ -112.5807749, 46.0039964 ], [ -112.5818093, 46.0039904 ], [ -112.5818187, 46.0039903 ], [ -112.5828264, 46.0039845 ], [ -112.5842312, 46.0039764 ], [ -112.5860073, 46.0039662 ], [ -112.587718, 46.0039563 ], [ -112.5900906, 46.0039426 ], [ -112.5912396, 46.003936 ], [ -112.5912381, 46.0037195 ], [ -112.5912351, 46.0032575 ], [ -112.5912296, 46.0024264 ], [ -112.5912295, 46.0024158 ], [ -112.5912277, 46.0021396 ], [ -112.5912244, 46.0016397 ], [ -112.5912157, 46.000331 ], [ -112.5912157, 46.000323 ], [ -112.5912154, 46.0002805 ], [ -112.5912091, 45.9993262 ], [ -112.5912066, 45.998943 ], [ -112.591204, 45.9985458 ], [ -112.5912028, 45.9983616 ], [ -112.5911964, 45.997384 ], [ -112.5911944, 45.9970728 ], [ -112.5911933, 45.9969071 ], [ -112.5911921, 45.99671 ], [ -112.5911809, 45.99541 ], [ -112.5911701, 45.9941549 ], [ -112.5911666, 45.993746 ], [ -112.5911619, 45.9932043 ], [ -112.5911619, 45.9930759 ], [ -112.5911619, 45.9928896 ], [ -112.5911617, 45.9919597 ], [ -112.5911615, 45.9914477 ], [ -112.5911612, 45.9910148 ], [ -112.5911599, 45.9894419 ], [ -112.5904822, 45.9894444 ], [ -112.5904545, 45.9894531 ], [ -112.5900726, 45.9894459 ], [ -112.5859395, 45.9894611 ], [ -112.5807191, 45.9894802 ], [ -112.5792813, 45.9894855 ], [ -112.5792571, 45.9894856 ], [ -112.5767783, 45.9894947 ], [ -112.5759104, 45.9894979 ], [ -112.5754985, 45.9894994 ], [ -112.5702779, 45.9895186 ], [ -112.5702791, 45.9907704 ], [ -112.5702793, 45.9909722 ], [ -112.5702809, 45.9926019 ], [ -112.5702813, 45.9930227 ], [ -112.5702814, 45.9931681 ], [ -112.5702827, 45.994533 ], [ -112.5702835, 45.9954449 ], [ -112.5702836, 45.9955613 ], [ -112.5702848, 45.996763 ], [ -112.5702848, 45.9968177 ], [ -112.5702849, 45.9968255 ], [ -112.5702897, 45.9982068 ], [ -112.5702939, 45.9994336 ], [ -112.5702949, 45.9997058 ], [ -112.5702975, 46.0004372 ], [ -112.5702977, 46.0005212 ], [ -112.5703011, 46.0014704 ], [ -112.5703025, 46.0018931 ], [ -112.5703066, 46.0030575 ], [ -112.5703071, 46.0032192 ], [ -112.57031, 46.0040568 ], [ -112.5712976, 46.0040511 ], [ -112.571518, 46.0040498 ], [ -112.5723032, 46.0040453 ], [ -112.5731349, 46.0040405 ], [ -112.5733051, 46.0040395 ], [ -112.5732959, 46.0039811 ], [ -112.5755418, 46.0038359 ], [ -112.5755425, 46.0040266 ] ] ] ] } },
{ "type": "Feature", "properties": { "PLSSID": "MT200020N0080W0", "FRSTDIVID": "MT200020N0080W0SN150", "FRSTDIVTYP": "SN", "FRSTDIVTXT": "Section", "FRSTDIVNO": "15", "FRSTDIVDUP": "0", "FRSTDIVLAB": "15", "SURVTYP": null, "SURVTYPTXT": null, "SOURCEDATE": null, "SOURCEREF": null, "RECRDAREAT": null, "RECRDAREAN": 0.0, "GISACRE": 648.27574394400006, "SHAPE_Leng": 6479.13980137, "SHAPE_Area": 2623478.8578699999 }, "geometry": { "type": "MultiPolygon", "coordinates": [ [ [ [ -112.5703749, 45.9202389 ], [ -112.5703784, 45.9238937 ], [ -112.5703818, 45.9275487 ], [ -112.5703852, 45.9312036 ], [ -112.5756006, 45.931242 ], [ -112.580816, 45.9312805 ], [ -112.5860314, 45.931319 ], [ -112.5912468, 45.9313575 ], [ -112.5912341, 45.9277066 ], [ -112.5912214, 45.9240557 ], [ -112.5912088, 45.9204048 ], [ -112.5911961, 45.9167539 ], [ -112.5859834, 45.9167114 ], [ -112.5807708, 45.9166688 ], [ -112.5755712, 45.9166264 ], [ -112.5703715, 45.916584 ], [ -112.5703749, 45.9202389 ] ] ] ] } },
{ "type": "Feature", "properties": { "PLSSID": "MT200030N0080W0", "FRSTDIVID": "MT200030N0080W0SN050", "FRSTDIVTYP": "SN", "FRSTDIVTXT": "Section", "FRSTDIVNO": "05", "FRSTDIVDUP": "0", "FRSTDIVLAB": "05", "SURVTYP": null, "SURVTYPTXT": null, "SOURCEDATE": null, "SOURCEREF": null, "RECRDAREAT": null, "RECRDAREAN": 0.0, "GISACRE": 633.21775909200005, "SHAPE_Leng": 6400.2898932199996, "SHAPE_Area": 2562541.3551599998 }, "geometry": { "type": "MultiPolygon", "coordinates": [ [ [ [ -112.6119755, 46.0402994 ], [ -112.6119321, 46.0439234 ], [ -112.6118936, 46.0473479 ], [ -112.6170984, 46.0473683 ], [ -112.6223031, 46.0473887 ], [ -112.6275078, 46.0474092 ], [ -112.6327126, 46.0474296 ], [ -112.6327358, 46.043921 ], [ -112.6327602, 46.0402942 ], [ -112.632794, 46.0366593 ], [ -112.6328278, 46.0330244 ], [ -112.6276605, 46.0330282 ], [ -112.6224932, 46.0330319 ], [ -112.6173259, 46.0330357 ], [ -112.6121586, 46.0330394 ], [ -112.6120671, 46.0366694 ], [ -112.6119755, 46.0402994 ] ] ] ] } },
{ "type": "Feature", "properties": { "PLSSID": "MT200030N0080W0", "FRSTDIVID": "MT200030N0080W0SN320", "FRSTDIVTYP": "SN", "FRSTDIVTXT": "Section", "FRSTDIVNO": "32", "FRSTDIVDUP": "0", "FRSTDIVLAB": "32", "SURVTYP": null, "SURVTYPTXT": null, "SOURCEDATE": null, "SOURCEREF": null, "RECRDAREAT": null, "RECRDAREAN": 0.0, "GISACRE": 633.31640531599999, "SHAPE_Leng": 6402.1281747900002, "SHAPE_Area": 2562940.5622700001 }, "geometry": { "type": "MultiPolygon", "coordinates": [ [ [ [ -112.6273699, 45.9605041 ], [ -112.6225544, 45.9605005 ], [ -112.6221573, 45.9605016 ], [ -112.61735, 45.9605069 ], [ -112.6170217, 45.9605073 ], [ -112.6169902, 45.9605073 ], [ -112.6143892, 45.9605127 ], [ -112.6121455, 45.9605177 ], [ -112.6118861, 45.9605185 ], [ -112.6118836, 45.9610545 ], [ -112.6118771, 45.9627009 ], [ -112.6118718, 45.9640898 ], [ -112.6118583, 45.9676612 ], [ -112.6118454, 45.9712445 ], [ -112.6118324, 45.9748278 ], [ -112.6169879, 45.9748726 ], [ -112.6221433, 45.9749174 ], [ -112.6273001, 45.9749622 ], [ -112.6324569, 45.975007 ], [ -112.6324884, 45.9713822 ], [ -112.6325198, 45.9677575 ], [ -112.6325512, 45.9641327 ], [ -112.6325826, 45.9605079 ], [ -112.6277904, 45.9605044 ], [ -112.6273699, 45.9605041 ] ] ] ] } },
{ "type": "Feature", "properties": { "PLSSID": "MT200030N0070W0", "FRSTDIVID": "MT200030N0070W0SN130", "FRSTDIVTYP": "SN", "FRSTDIVTXT": "Section", "FRSTDIVNO": "13", "FRSTDIVDUP": "0", "FRSTDIVLAB": "13", "SURVTYP": null, "SURVTYPTXT": null, "SOURCEDATE": null, "SOURCEREF": null, "RECRDAREAT": null, "RECRDAREAN": 0.0, "GISACRE": 642.02436927799999, "SHAPE_Leng": 6546.6844139699997, "SHAPE_Area": 2598180.44215 }, "geometry": { "type": "MultiPolygon", "coordinates": [ [ [ [ -112.424858, 46.0143029 ], [ -112.4248575, 46.0142132 ], [ -112.4248493, 46.0128367 ], [ -112.4248416, 46.0115455 ], [ -112.4248394, 46.0111678 ], [ -112.424839, 46.0110946 ], [ -112.424831, 46.0097539 ], [ -112.424831, 46.0097481 ], [ -112.4248221, 46.0082395 ], [ -112.4248176, 46.0074835 ], [ -112.4247962, 46.0038724 ], [ -112.4196178, 46.0038908 ], [ -112.4144395, 46.0039092 ], [ -112.4092611, 46.0039276 ], [ -112.4040828, 46.0039459 ], [ -112.4040869, 46.0049862 ], [ -112.4041007, 46.0075628 ], [ -112.4041063, 46.0086085 ], [ -112.4041201, 46.0111796 ], [ -112.4041243, 46.0122307 ], [ -112.404138, 46.0147964 ], [ -112.4041437, 46.0158529 ], [ -112.4041574, 46.0184132 ], [ -112.4093385, 46.0183891 ], [ -112.4105148, 46.0183836 ], [ -112.4106254, 46.0191481 ], [ -112.4116578, 46.0191745 ], [ -112.4145226, 46.0187712 ], [ -112.4145196, 46.018365 ], [ -112.4163632, 46.0183564 ], [ -112.4197007, 46.0183409 ], [ -112.4222965, 46.0183288 ], [ -112.4248818, 46.0183168 ], [ -112.4248767, 46.0174665 ], [ -112.4248758, 46.0173082 ], [ -112.4248671, 46.0158379 ], [ -112.4248604, 46.0147057 ], [ -112.424858, 46.0143029 ] ] ] ] } },
{ "type": "Feature", "properties": { "PLSSID": "MT200040N0080W0", "FRSTDIVID": "MT200040N0080W0SN230", "FRSTDIVTYP": "SN", "FRSTDIVTXT": "Section", "FRSTDIVNO": "23", "FRSTDIVDUP": "0", "FRSTDIVLAB": "23", "SURVTYP": null, "SURVTYPTXT": null, "SOURCEDATE": null, "SOURCEREF": null, "RECRDAREAT": null, "RECRDAREAN": 0.0, "GISACRE": 636.72847746299999, "SHAPE_Leng": 6421.3490666899997, "SHAPE_Area": 2576748.72835 }, "geometry": { "type": "MultiPolygon", "coordinates": [ [ [ [ -112.5702239, 46.079981 ], [ -112.5702739, 46.0763834 ], [ -112.5650394, 46.076416 ], [ -112.5598049, 46.0764487 ], [ -112.5545704, 46.0764813 ], [ -112.5493359, 46.0765139 ], [ -112.5493161, 46.0801015 ], [ -112.5492962, 46.0836892 ], [ -112.5492764, 46.0872768 ], [ -112.5492565, 46.0908645 ], [ -112.5544609, 46.0908417 ], [ -112.5596652, 46.090819 ], [ -112.5648695, 46.0907962 ], [ -112.5700738, 46.0907735 ], [ -112.5701239, 46.087176 ], [ -112.5701739, 46.0835785 ], [ -112.5702239, 46.079981 ] ] ] ] } },
{ "type": "Feature", "properties": { "PLSSID": "MT200020N0080W0", "FRSTDIVID": "MT200020N0080W0SN140", "FRSTDIVTYP": "SN", "FRSTDIVTXT": "Section", "FRSTDIVNO": "14", "FRSTDIVDUP": "0", "FRSTDIVLAB": "14", "SURVTYP": null, "SURVTYPTXT": null, "SOURCEDATE": null, "SOURCEREF": null, "RECRDAREAT": null, "RECRDAREAN": 0.0, "GISACRE": 648.78001937500005, "SHAPE_Leng": 6481.4327736200003, "SHAPE_Area": 2625519.58813 }, "geometry": { "type": "MultiPolygon", "coordinates": [ [ [ [ -112.5495415, 45.9202222 ], [ -112.5495519, 45.9238844 ], [ -112.5495622, 45.9275467 ], [ -112.5495726, 45.931209 ], [ -112.5547757, 45.9312076 ], [ -112.5599789, 45.9312063 ], [ -112.565182, 45.9312049 ], [ -112.5703852, 45.9312036 ], [ -112.5703818, 45.9275487 ], [ -112.5703784, 45.9238937 ], [ -112.5703749, 45.9202389 ], [ -112.5703715, 45.916584 ], [ -112.5651614, 45.9165779 ], [ -112.5599513, 45.9165719 ], [ -112.5547412, 45.9165659 ], [ -112.5495311, 45.9165599 ], [ -112.5495415, 45.9202222 ] ] ] ] } },
{ "type": "Feature", "properties": { "PLSSID": "MT200030N0070W0", "FRSTDIVID": "MT200030N0070W0SN310", "FRSTDIVTYP": "SN", "FRSTDIVTXT": "Section", "FRSTDIVNO": "31", "FRSTDIVDUP": "0", "FRSTDIVLAB": "31", "SURVTYP": null, "SURVTYPTXT": null, "SOURCEDATE": null, "SOURCEREF": null, "RECRDAREAT": null, "RECRDAREAN": 0.0, "GISACRE": 633.60188351299996, "SHAPE_Leng": 6401.5456937199997, "SHAPE_Area": 2564095.8515400002 }, "geometry": { "type": "MultiPolygon", "coordinates": [ [ [ [ -112.5285859, 45.9608488 ], [ -112.5285816, 45.9604381 ], [ -112.5237164, 45.9604446 ], [ -112.5185121, 45.9604516 ], [ -112.5132922, 45.9604581 ], [ -112.5080723, 45.9604646 ], [ -112.5080899, 45.9641018 ], [ -112.5081075, 45.9677391 ], [ -112.5081251, 45.9713762 ], [ -112.5081428, 45.9750135 ], [ -112.5133673, 45.974989 ], [ -112.5185918, 45.9749646 ], [ -112.5237992, 45.9749465 ], [ -112.5286147, 45.9749303 ], [ -112.5286244, 45.9732855 ], [ -112.5286269, 45.972853 ], [ -112.528634, 45.9716407 ], [ -112.5286359, 45.9713113 ], [ -112.5286363, 45.9712408 ], [ -112.5286436, 45.9699959 ], [ -112.5286571, 45.9676922 ], [ -112.528652, 45.9672019 ], [ -112.5286349, 45.9655571 ], [ -112.5286321, 45.9652875 ], [ -112.5286194, 45.9640652 ], [ -112.5286152, 45.9636698 ], [ -112.5285981, 45.962025 ], [ -112.5285859, 45.9608488 ] ] ] ] } },
{ "type": "Feature", "properties": { "PLSSID": "MT200030N0080W0", "FRSTDIVID": "MT200030N0080W0SN200", "FRSTDIVTYP": "SN", "FRSTDIVTXT": "Section", "FRSTDIVNO": "20", "FRSTDIVDUP": "0", "FRSTDIVLAB": "20", "SURVTYP": null, "SURVTYPTXT": null, "SOURCEDATE": null, "SOURCEREF": null, "RECRDAREAT": null, "RECRDAREAN": 0.0, "GISACRE": 639.05604898199999, "SHAPE_Leng": 6431.9533436399997, "SHAPE_Area": 2586168.0761000002 }, "geometry": { "type": "MultiPolygon", "coordinates": [ [ [ [ -112.612023, 45.9930155 ], [ -112.6120477, 45.9965577 ], [ -112.6120459, 46.00022 ], [ -112.612045, 46.002051 ], [ -112.612044, 46.003882 ], [ -112.6172547, 46.0039525 ], [ -112.6224654, 46.004023 ], [ -112.6276659, 46.0040913 ], [ -112.6302636, 46.004125 ], [ -112.632861, 46.0041575 ], [ -112.6328431, 46.002266 ], [ -112.6328268, 46.0005367 ], [ -112.6327926, 45.9969158 ], [ -112.6327186, 45.9932456 ], [ -112.6326445, 45.9895755 ], [ -112.627483, 45.9895499 ], [ -112.6223214, 45.9895243 ], [ -112.6171599, 45.9894988 ], [ -112.6119983, 45.9894732 ], [ -112.612023, 45.9930155 ] ] ] ] } },
{ "type": "Feature", "properties": { "PLSSID": "MT200040N0070W0", "FRSTDIVID": "MT200040N0070W0SN010", "FRSTDIVTYP": "SN", "FRSTDIVTXT": "Section", "FRSTDIVNO": "01", "FRSTDIVDUP": "0", "FRSTDIVLAB": "01", "SURVTYP": null, "SURVTYPTXT": null, "SOURCEDATE": null, "SOURCEREF": null, "RECRDAREAT": null, "RECRDAREAN": 0.0, "GISACRE": 654.61873611299995, "SHAPE_Leng": 6510.1982444599998, "SHAPE_Area": 2649148.0364600001 }, "geometry": { "type": "MultiPolygon", "coordinates": [ [ [ [ -112.4044594, 46.1233798 ], [ -112.4044437, 46.1247254 ], [ -112.4044172, 46.1269941 ], [ -112.4043991, 46.128356 ], [ -112.4043594, 46.1306107 ], [ -112.4043338, 46.1320454 ], [ -112.4042729, 46.1355951 ], [ -112.4057092, 46.1356019 ], [ -112.4096, 46.1356127 ], [ -112.4108801, 46.1356162 ], [ -112.4149271, 46.1356142 ], [ -112.4160786, 46.1356133 ], [ -112.4202775, 46.13561 ], [ -112.4212772, 46.1356092 ], [ -112.425628, 46.1356056 ], [ -112.4256306, 46.1320714 ], [ -112.4256306, 46.1308563 ], [ -112.4256315, 46.1284026 ], [ -112.4256315, 46.1272346 ], [ -112.4256334, 46.124732 ], [ -112.4256343, 46.1236077 ], [ -112.4256354, 46.1210614 ], [ -112.4203546, 46.1210698 ], [ -112.4150737, 46.1210781 ], [ -112.4097799, 46.1210865 ], [ -112.4044861, 46.1210949 ], [ -112.4044594, 46.1233798 ] ] ] ] } },
{ "type": "Feature", "properties": { "PLSSID": "MT200030N0080W0", "FRSTDIVID": "MT200030N0080W0SN290", "FRSTDIVTYP": "SN", "FRSTDIVTXT": "Section", "FRSTDIVNO": "29", "FRSTDIVDUP": "0", "FRSTDIVLAB": "29", "SURVTYP": null, "SURVTYPTXT": null, "SOURCEDATE": null, "SOURCEREF": null, "RECRDAREAT": null, "RECRDAREAN": 0.0, "GISACRE": 640.88099659800002, "SHAPE_Leng": 6442.5373166, "SHAPE_Area": 2593553.37708 }, "geometry": { "type": "MultiPolygon", "coordinates": [ [ [ [ -112.6325038, 45.9786491 ], [ -112.6324569, 45.975007 ], [ -112.6273001, 45.9749622 ], [ -112.6221433, 45.9749174 ], [ -112.6169879, 45.9748726 ], [ -112.6118324, 45.9748278 ], [ -112.6118739, 45.9784892 ], [ -112.6119153, 45.9821505 ], [ -112.6119568, 45.9858119 ], [ -112.6119983, 45.9894732 ], [ -112.6171599, 45.9894988 ], [ -112.6223214, 45.9895243 ], [ -112.627483, 45.9895499 ], [ -112.6326445, 45.9895755 ], [ -112.6325976, 45.9859334 ], [ -112.6325507, 45.9822912 ], [ -112.6325038, 45.9786491 ] ] ] ] } },
{ "type": "Feature", "properties": { "PLSSID": "MT200040N0080W0", "FRSTDIVID": "MT200040N0080W0SN290", "FRSTDIVTYP": "SN", "FRSTDIVTXT": "Section", "FRSTDIVNO": "29", "FRSTDIVDUP": "0", "FRSTDIVLAB": "29", "SURVTYP": null, "SURVTYPTXT": null, "SOURCEDATE": null, "SOURCEREF": null, "RECRDAREAT": null, "RECRDAREAN": 0.0, "GISACRE": 636.28257706399995, "SHAPE_Leng": 6418.1052251900001, "SHAPE_Area": 2574944.2334500002 }, "geometry": { "type": "MultiPolygon", "coordinates": [ [ [ [ -112.6118561, 46.076268 ], [ -112.6170408, 46.0762657 ], [ -112.6222255, 46.0762633 ], [ -112.6274102, 46.076261 ], [ -112.6325949, 46.0762587 ], [ -112.6326125, 46.0726561 ], [ -112.6326301, 46.0690536 ], [ -112.6326478, 46.065451 ], [ -112.6326654, 46.0618485 ], [ -112.6274569, 46.0618401 ], [ -112.6222483, 46.0618317 ], [ -112.6170574, 46.0618266 ], [ -112.6144599, 46.0618253 ], [ -112.6118623, 46.0618245 ], [ -112.611861, 46.0654404 ], [ -112.6118601, 46.0690533 ], [ -112.6118581, 46.0726606 ], [ -112.6118561, 46.076268 ] ] ] ] } },
{ "type": "Feature", "properties": { "PLSSID": "MT200020N0080W0", "FRSTDIVID": "MT200020N0080W0SN090", "FRSTDIVTYP": "SN", "FRSTDIVTXT": "Section", "FRSTDIVNO": "09", "FRSTDIVDUP": "0", "FRSTDIVLAB": "09", "SURVTYP": null, "SURVTYPTXT": null, "SOURCEDATE": null, "SOURCEREF": null, "RECRDAREAT": null, "RECRDAREAN": 0.0, "GISACRE": 645.48203796899998, "SHAPE_Leng": 6464.89280177, "SHAPE_Area": 2612173.1309000002 }, "geometry": { "type": "MultiPolygon", "coordinates": [ [ [ [ -112.5912572, 45.9349988 ], [ -112.5912677, 45.93864 ], [ -112.5912782, 45.9422813 ], [ -112.5912886, 45.9459226 ], [ -112.5964965, 45.9459213 ], [ -112.6017043, 45.94592 ], [ -112.6069122, 45.9459187 ], [ -112.61212, 45.9459174 ], [ -112.6121127, 45.9422806 ], [ -112.6121053, 45.9386438 ], [ -112.612098, 45.935007 ], [ -112.6120906, 45.9313702 ], [ -112.6068797, 45.9313671 ], [ -112.6016687, 45.9313639 ], [ -112.5964577, 45.9313607 ], [ -112.5912468, 45.9313575 ], [ -112.5912572, 45.9349988 ] ] ] ] } },
{ "type": "Feature", "properties": { "PLSSID": "MT200040N0070W0", "FRSTDIVID": "MT200040N0070W0SN070", "FRSTDIVTYP": "SN", "FRSTDIVTXT": "Section", "FRSTDIVNO": "07", "FRSTDIVDUP": "0", "FRSTDIVLAB": "07", "SURVTYP": null, "SURVTYPTXT": null, "SOURCEDATE": null, "SOURCEREF": null, "RECRDAREAT": null, "RECRDAREAN": 0.0, "GISACRE": 621.82603469200001, "SHAPE_Leng": 6346.1589461000003, "SHAPE_Area": 2516440.6821099999 }, "geometry": { "type": "MultiPolygon", "coordinates": [ [ [ [ -112.5282939, 46.1163204 ], [ -112.5282959, 46.1161011 ], [ -112.52831, 46.1145121 ], [ -112.528326, 46.1127039 ], [ -112.5283274, 46.1124677 ], [ -112.5283574, 46.1090872 ], [ -112.5283591, 46.108886 ], [ -112.5283894, 46.1054706 ], [ -112.5236838, 46.105479 ], [ -112.5184814, 46.105488 ], [ -112.5132788, 46.1054956 ], [ -112.5080761, 46.1055031 ], [ -112.5080714, 46.1091218 ], [ -112.5080667, 46.1127404 ], [ -112.5080621, 46.1163591 ], [ -112.5080574, 46.1199777 ], [ -112.5132617, 46.1199673 ], [ -112.5184661, 46.1199568 ], [ -112.5184691, 46.1199568 ], [ -112.5229842, 46.1199477 ], [ -112.52367, 46.1199463 ], [ -112.5282624, 46.119937 ], [ -112.5282636, 46.1197344 ], [ -112.5282939, 46.1163204 ] ] ] ] } },
{ "type": "Feature", "properties": { "PLSSID": "MT200030N0070W0", "FRSTDIVID": "MT200030N0070W0SN180", "FRSTDIVTYP": "SN", "FRSTDIVTXT": "Section", "FRSTDIVNO": "18", "FRSTDIVDUP": "0", "FRSTDIVLAB": "18", "SURVTYP": null, "SURVTYPTXT": null, "SOURCEDATE": null, "SOURCEREF": null, "RECRDAREAT": null, "RECRDAREAN": 0.0, "GISACRE": 630.97912061199997, "SHAPE_Leng": 6393.1197544300003, "SHAPE_Area": 2553481.9066499998 }, "geometry": { "type": "MultiPolygon", "coordinates": [ [ [ [ -112.5286462, 46.0095737 ], [ -112.52865, 46.0089683 ], [ -112.5286467, 46.0079489 ], [ -112.5286472, 46.0076467 ], [ -112.5286472, 46.0076087 ], [ -112.5286476, 46.0070696 ], [ -112.5286496, 46.0057376 ], [ -112.528652, 46.0040262 ], [ -112.5238552, 46.004061 ], [ -112.5186718, 46.0040837 ], [ -112.5134393, 46.0041368 ], [ -112.5082068, 46.00419 ], [ -112.5082088, 46.0059946 ], [ -112.5082108, 46.0078427 ], [ -112.5082147, 46.0114162 ], [ -112.5082147, 46.0114955 ], [ -112.5082149, 46.0116291 ], [ -112.5082183, 46.0134121 ], [ -112.5082215, 46.0150956 ], [ -112.5082127, 46.0150957 ], [ -112.5082128, 46.0151164 ], [ -112.5082142, 46.0159964 ], [ -112.508215, 46.0165194 ], [ -112.5082239, 46.016519 ], [ -112.5082239, 46.0165425 ], [ -112.5082251, 46.0173109 ], [ -112.5082256, 46.0176419 ], [ -112.508229, 46.0187372 ], [ -112.5117379, 46.018699 ], [ -112.5134048, 46.0186808 ], [ -112.5136213, 46.0186785 ], [ -112.5141795, 46.0186724 ], [ -112.5146194, 46.0186676 ], [ -112.5160382, 46.0186521 ], [ -112.5185805, 46.0186244 ], [ -112.5216486, 46.0185952 ], [ -112.5238296, 46.0185744 ], [ -112.5267615, 46.018547 ], [ -112.5268428, 46.0185462 ], [ -112.5286547, 46.0185294 ], [ -112.5286527, 46.0179654 ], [ -112.528649, 46.0171537 ], [ -112.5286488, 46.0169757 ], [ -112.5286485, 46.0167288 ], [ -112.5286484, 46.0166282 ], [ -112.5286484, 46.0166273 ], [ -112.5286477, 46.0162127 ], [ -112.5286456, 46.0154542 ], [ -112.5286444, 46.014895 ], [ -112.5286443, 46.0148448 ], [ -112.5286443, 46.0147561 ], [ -112.5286435, 46.0138148 ], [ -112.5286435, 46.0136138 ], [ -112.5286445, 46.0122787 ], [ -112.5286445, 46.0120995 ], [ -112.5286447, 46.0118388 ], [ -112.5286449, 46.0112606 ], [ -112.5286462, 46.0102331 ], [ -112.5286462, 46.0101535 ], [ -112.5286462, 46.0095737 ] ] ] ] } },
{ "type": "Feature", "properties": { "PLSSID": "MT200020N0070W0", "FRSTDIVID": "MT200020N0070W0SN070", "FRSTDIVTYP": "SN", "FRSTDIVTXT": "Section", "FRSTDIVNO": "07", "FRSTDIVDUP": "0", "FRSTDIVLAB": "07", "SURVTYP": null, "SURVTYPTXT": null, "SOURCEDATE": null, "SOURCEREF": null, "RECRDAREAT": null, "RECRDAREAN": 0.0, "GISACRE": 642.08845801699999, "SHAPE_Leng": 6447.6474374999998, "SHAPE_Area": 2598439.80008 }, "geometry": { "type": "MultiPolygon", "coordinates": [ [ [ [ -112.5285651, 45.9348021 ], [ -112.5285616, 45.931113 ], [ -112.5238059, 45.9311269 ], [ -112.5185916, 45.9311424 ], [ -112.5133492, 45.931162 ], [ -112.5081069, 45.9311815 ], [ -112.508116, 45.9348691 ], [ -112.5081252, 45.9385567 ], [ -112.5081344, 45.9422443 ], [ -112.5081436, 45.9459319 ], [ -112.5133688, 45.9459192 ], [ -112.518594, 45.9459064 ], [ -112.5238002, 45.9458874 ], [ -112.5285755, 45.9458694 ], [ -112.5285721, 45.9421803 ], [ -112.5285686, 45.9384912 ], [ -112.5285651, 45.9348021 ] ] ] ] } },
{ "type": "Feature", "properties": { "PLSSID": "MT200030N0070W0", "FRSTDIVID": "MT200030N0070W0SN270", "FRSTDIVTYP": "SN", "FRSTDIVTXT": "Section", "FRSTDIVNO": "27", "FRSTDIVDUP": "0", "FRSTDIVLAB": "27", "SURVTYP": null, "SURVTYPTXT": null, "SOURCEDATE": null, "SOURCEREF": null, "RECRDAREAT": null, "RECRDAREAN": 0.0, "GISACRE": 637.70135361899997, "SHAPE_Leng": 6430.6199331300004, "SHAPE_Area": 2580685.8184699998 }, "geometry": { "type": "MultiPolygon", "coordinates": [ [ [ [ -112.4453762, 45.9786674 ], [ -112.4453787, 45.9822965 ], [ -112.4453771, 45.9858856 ], [ -112.4453772, 45.985892 ], [ -112.4453805, 45.9876471 ], [ -112.4453836, 45.9891057 ], [ -112.4453847, 45.9894874 ], [ -112.4469714, 45.9894751 ], [ -112.4473802, 45.9894722 ], [ -112.4486118, 45.9894632 ], [ -112.4506016, 45.9894458 ], [ -112.4517627, 45.9894356 ], [ -112.4543272, 45.9894132 ], [ -112.4558186, 45.9894001 ], [ -112.4576083, 45.9894009 ], [ -112.4610176, 45.9894023 ], [ -112.4634018, 45.9894033 ], [ -112.4656056, 45.9894043 ], [ -112.4662165, 45.9894045 ], [ -112.466216, 45.9892768 ], [ -112.4662101, 45.9875428 ], [ -112.4662047, 45.985964 ], [ -112.4662041, 45.9858012 ], [ -112.4662016, 45.9850735 ], [ -112.466196, 45.9834307 ], [ -112.4661921, 45.9823064 ], [ -112.4661916, 45.9821979 ], [ -112.4661902, 45.9817876 ], [ -112.4661892, 45.9815111 ], [ -112.4661795, 45.9786493 ], [ -112.4661794, 45.9786067 ], [ -112.4661793, 45.978595 ], [ -112.466174, 45.9770251 ], [ -112.4661724, 45.9765652 ], [ -112.4661713, 45.9762337 ], [ -112.466167, 45.9749922 ], [ -112.464245, 45.9749964 ], [ -112.4623603, 45.9750006 ], [ -112.4609687, 45.9750037 ], [ -112.4557704, 45.9750153 ], [ -112.4505721, 45.9750268 ], [ -112.4453737, 45.9750383 ], [ -112.4453762, 45.9786674 ] ] ] ] } },
{ "type": "Feature", "properties": { "PLSSID": "MT200040N0080W0", "FRSTDIVID": "MT200040N0080W0SN180", "FRSTDIVTYP": "SN", "FRSTDIVTXT": "Section", "FRSTDIVNO": "18", "FRSTDIVDUP": "0", "FRSTDIVLAB": "18", "SURVTYP": null, "SURVTYPTXT": null, "SOURCEDATE": null, "SOURCEREF": null, "RECRDAREAT": null, "RECRDAREAN": 0.0, "GISACRE": 604.24590354899999, "SHAPE_Leng": 6244.8198404799996, "SHAPE_Area": 2445296.41548 }, "geometry": { "type": "MultiPolygon", "coordinates": [ [ [ [ -112.6429809, 46.0907925 ], [ -112.6377784, 46.0907876 ], [ -112.632576, 46.0907827 ], [ -112.6325367, 46.094409 ], [ -112.6324975, 46.0980353 ], [ -112.6324582, 46.1016615 ], [ -112.632419, 46.1052878 ], [ -112.6375959, 46.1052592 ], [ -112.6427728, 46.1052306 ], [ -112.6479619, 46.1051899 ], [ -112.6517963, 46.1051576 ], [ -112.6520515, 46.1015705 ], [ -112.6522974, 46.0981136 ], [ -112.6523011, 46.0979834 ], [ -112.6523981, 46.0943925 ], [ -112.6524916, 46.0909355 ], [ -112.6524946, 46.0908017 ], [ -112.6481825, 46.0907975 ], [ -112.6429809, 46.0907925 ] ] ] ] } },
{ "type": "Feature", "properties": { "PLSSID": "MT200020N0070W0", "FRSTDIVID": "MT200020N0070W0SN060", "FRSTDIVTYP": "SN", "FRSTDIVTXT": "Section", "FRSTDIVNO": "06", "FRSTDIVDUP": "0", "FRSTDIVLAB": "06", "SURVTYP": null, "SURVTYPTXT": null, "SOURCEDATE": null, "SOURCEREF": null, "RECRDAREAT": null, "RECRDAREAN": 0.0, "GISACRE": 633.56852692699999, "SHAPE_Leng": 6405.9626899799996, "SHAPE_Area": 2563960.8622300001 }, "geometry": { "type": "MultiPolygon", "coordinates": [ [ [ [ -112.5081253, 45.9495699 ], [ -112.5081071, 45.9532079 ], [ -112.5080897, 45.9568363 ], [ -112.5080723, 45.9604646 ], [ -112.5132922, 45.9604581 ], [ -112.5185121, 45.9604516 ], [ -112.5237164, 45.9604446 ], [ -112.5285816, 45.9604381 ], [ -112.5285811, 45.9592547 ], [ -112.5285806, 45.9581331 ], [ -112.5285798, 45.9568515 ], [ -112.5285798, 45.9568021 ], [ -112.5285789, 45.9554947 ], [ -112.5285781, 45.954264 ], [ -112.5285776, 45.953169 ], [ -112.5285774, 45.9526357 ], [ -112.5285768, 45.9510406 ], [ -112.5285764, 45.9495192 ], [ -112.5285755, 45.9458694 ], [ -112.5238002, 45.9458874 ], [ -112.518594, 45.9459064 ], [ -112.5133688, 45.9459192 ], [ -112.5081436, 45.9459319 ], [ -112.5081253, 45.9495699 ] ] ] ] } },
{ "type": "Feature", "properties": { "PLSSID": "MT200040N0070W0", "FRSTDIVID": "MT200040N0070W0SN320", "FRSTDIVTYP": "SN", "FRSTDIVTXT": "Section", "FRSTDIVNO": "32", "FRSTDIVDUP": "0", "FRSTDIVLAB": "32", "SURVTYP": null, "SURVTYPTXT": null, "SOURCEDATE": null, "SOURCEREF": null, "RECRDAREAT": null, "RECRDAREAN": 0.0, "GISACRE": 642.38241850899999, "SHAPE_Leng": 6443.9626604699997, "SHAPE_Area": 2599629.41598 }, "geometry": { "type": "MultiPolygon", "coordinates": [ [ [ [ -112.4919614, 46.0475828 ], [ -112.4913249, 46.0475839 ], [ -112.4874505, 46.0475867 ], [ -112.4871699, 46.0475873 ], [ -112.4871659, 46.0483416 ], [ -112.4871638, 46.0487265 ], [ -112.4871608, 46.0492897 ], [ -112.487155, 46.0503818 ], [ -112.4871505, 46.0512375 ], [ -112.4871474, 46.0518115 ], [ -112.487147, 46.0518931 ], [ -112.4871424, 46.0527606 ], [ -112.4871328, 46.0536026 ], [ -112.4871316, 46.0537083 ], [ -112.4871221, 46.0545407 ], [ -112.4871173, 46.0548877 ], [ -112.487119, 46.055127 ], [ -112.4871301, 46.0566376 ], [ -112.4871303, 46.056666 ], [ -112.4871332, 46.0572287 ], [ -112.4871415, 46.0584974 ], [ -112.4871444, 46.0589355 ], [ -112.4871449, 46.0590206 ], [ -112.4871552, 46.0607591 ], [ -112.4871566, 46.060989 ], [ -112.4871622, 46.062107 ], [ -112.488875, 46.0621065 ], [ -112.4921294, 46.0621064 ], [ -112.4923668, 46.0621063 ], [ -112.4975714, 46.0621061 ], [ -112.4979896, 46.0621052 ], [ -112.5027857, 46.0620949 ], [ -112.5039072, 46.0620925 ], [ -112.5049861, 46.0620901 ], [ -112.5056297, 46.0620887 ], [ -112.5079999, 46.0620836 ], [ -112.5079992, 46.0618206 ], [ -112.5079973, 46.0611316 ], [ -112.5079954, 46.0603993 ], [ -112.5079944, 46.0600475 ], [ -112.5079901, 46.0584576 ], [ -112.5079887, 46.0579337 ], [ -112.5079864, 46.0570693 ], [ -112.5079856, 46.0567704 ], [ -112.5079834, 46.0559566 ], [ -112.5079804, 46.0548316 ], [ -112.5079798, 46.0546923 ], [ -112.5079748, 46.0535152 ], [ -112.507972, 46.0528912 ], [ -112.5079694, 46.0522971 ], [ -112.5079684, 46.0520791 ], [ -112.5079675, 46.0518697 ], [ -112.5079637, 46.0512021 ], [ -112.5079636, 46.0511804 ], [ -112.5079541, 46.0495296 ], [ -112.5079523, 46.0492188 ], [ -112.5079511, 46.0490051 ], [ -112.5079429, 46.0475726 ], [ -112.5078831, 46.0475727 ], [ -112.5073816, 46.0475736 ], [ -112.5047857, 46.047575 ], [ -112.5030039, 46.047575 ], [ -112.5027467, 46.047575 ], [ -112.5005824, 46.047575 ], [ -112.4996704, 46.0475765 ], [ -112.4978154, 46.0475786 ], [ -112.4975504, 46.0475791 ], [ -112.4955084, 46.0475812 ], [ -112.4926329, 46.0475825 ], [ -112.4923602, 46.0475826 ], [ -112.4919614, 46.0475828 ] ] ] ] } },
{ "type": "Feature", "properties": { "PLSSID": "MT200030N0090W0", "FRSTDIVID": "MT200030N0090W0SN250", "FRSTDIVTYP": "SN", "FRSTDIVTXT": "Section", "FRSTDIVNO": "25", "FRSTDIVDUP": "0", "FRSTDIVLAB": "25", "SURVTYP": null, "SURVTYPTXT": null, "SOURCEDATE": null, "SOURCEREF": null, "RECRDAREAT": null, "RECRDAREAN": 0.0, "GISACRE": 647.05677144200001, "SHAPE_Leng": 6478.7418996099996, "SHAPE_Area": 2618545.8511700002 }, "geometry": { "type": "MultiPolygon", "coordinates": [ [ [ [ -112.6583509, 45.9892946 ], [ -112.6610306, 45.989423 ], [ -112.6637102, 45.9895514 ], [ -112.6690695, 45.9898082 ], [ -112.6717491, 45.9899366 ], [ -112.6744288, 45.990065 ], [ -112.6744405, 45.9882379 ], [ -112.6744523, 45.9864108 ], [ -112.6744641, 45.9845837 ], [ -112.6744759, 45.9827566 ], [ -112.6744994, 45.9791024 ], [ -112.674523, 45.9754482 ], [ -112.6691501, 45.9754122 ], [ -112.6637773, 45.9753761 ], [ -112.6584044, 45.9753401 ], [ -112.6530316, 45.975304 ], [ -112.6530216, 45.9787375 ], [ -112.6530116, 45.9821709 ], [ -112.6530017, 45.9856043 ], [ -112.6529916, 45.9890378 ], [ -112.6583509, 45.9892946 ] ] ] ] } },
{ "type": "Feature", "properties": { "PLSSID": "MT200040N0070W0", "FRSTDIVID": "MT200040N0070W0SN280", "FRSTDIVTYP": "SN", "FRSTDIVTXT": "Section", "FRSTDIVNO": "28", "FRSTDIVDUP": "0", "FRSTDIVLAB": "28", "SURVTYP": null, "SURVTYPTXT": null, "SOURCEDATE": null, "SOURCEREF": null, "RECRDAREAT": null, "RECRDAREAN": 0.0, "GISACRE": 640.696832288, "SHAPE_Leng": 6440.8200622499999, "SHAPE_Area": 2592808.0905599999 }, "geometry": { "type": "MultiPolygon", "coordinates": [ [ [ [ -112.4663464, 46.0656887 ], [ -112.4663416, 46.0693143 ], [ -112.4663373, 46.0725656 ], [ -112.4663368, 46.0729397 ], [ -112.4663352, 46.0741342 ], [ -112.4663347, 46.074477 ], [ -112.4663326, 46.0761244 ], [ -112.466332, 46.0765447 ], [ -112.466332, 46.0765652 ], [ -112.4664255, 46.0765655 ], [ -112.4708748, 46.0765778 ], [ -112.4715573, 46.0765798 ], [ -112.4716963, 46.0765802 ], [ -112.4767826, 46.0765948 ], [ -112.4767904, 46.0765948 ], [ -112.4793755, 46.0765887 ], [ -112.4816603, 46.0765833 ], [ -112.481989, 46.0765826 ], [ -112.4853862, 46.0765746 ], [ -112.4862338, 46.0765728 ], [ -112.4871955, 46.0765709 ], [ -112.4871949, 46.0762815 ], [ -112.4871948, 46.0762489 ], [ -112.487191, 46.074595 ], [ -112.4871902, 46.0742368 ], [ -112.4871891, 46.0737602 ], [ -112.4871872, 46.0729549 ], [ -112.4871867, 46.0727384 ], [ -112.4871865, 46.0726539 ], [ -112.4871852, 46.0720736 ], [ -112.4871828, 46.0710563 ], [ -112.4871827, 46.0710066 ], [ -112.4871811, 46.0703216 ], [ -112.4871809, 46.0702339 ], [ -112.4871793, 46.0695443 ], [ -112.4871791, 46.0694501 ], [ -112.4871789, 46.069339 ], [ -112.4871756, 46.0679198 ], [ -112.4871721, 46.0664118 ], [ -112.4871705, 46.065723 ], [ -112.4871683, 46.0647651 ], [ -112.4871653, 46.0634509 ], [ -112.4871651, 46.0633547 ], [ -112.4871645, 46.0631141 ], [ -112.4871629, 46.0624072 ], [ -112.4871622, 46.062107 ], [ -112.4858345, 46.0621075 ], [ -112.4857777, 46.0621075 ], [ -112.4829824, 46.0621085 ], [ -112.481961, 46.0621089 ], [ -112.4816036, 46.062109 ], [ -112.4813611, 46.0621091 ], [ -112.4767599, 46.062111 ], [ -112.4755309, 46.0621052 ], [ -112.473567, 46.0620961 ], [ -112.4715556, 46.0620869 ], [ -112.4663513, 46.0620632 ], [ -112.4663464, 46.0656887 ] ] ] ] } },
{ "type": "Feature", "properties": { "PLSSID": "MT200040N0080W0", "FRSTDIVID": "MT200040N0080W0SN160", "FRSTDIVTYP": "SN", "FRSTDIVTXT": "Section", "FRSTDIVNO": "16", "FRSTDIVDUP": "0", "FRSTDIVLAB": "16", "SURVTYP": null, "SURVTYPTXT": null, "SOURCEDATE": null, "SOURCEREF": null, "RECRDAREAT": null, "RECRDAREAN": 0.0, "GISACRE": 638.905551952, "SHAPE_Leng": 6431.9013047099997, "SHAPE_Area": 2585559.0362300002 }, "geometry": { "type": "MultiPolygon", "coordinates": [ [ [ [ -112.5907335, 46.105066 ], [ -112.5959548, 46.1051104 ], [ -112.6011761, 46.1051548 ], [ -112.6063974, 46.1051992 ], [ -112.6116188, 46.1052437 ], [ -112.6116477, 46.1016267 ], [ -112.6116766, 46.0980097 ], [ -112.6117055, 46.0943928 ], [ -112.6117343, 46.0907758 ], [ -112.6065404, 46.0907385 ], [ -112.6013464, 46.0907011 ], [ -112.5961524, 46.0906637 ], [ -112.5909584, 46.0906264 ], [ -112.5909022, 46.0942363 ], [ -112.5908459, 46.0978462 ], [ -112.5907897, 46.1014561 ], [ -112.5907335, 46.105066 ] ] ] ] } },
{ "type": "Feature", "properties": { "PLSSID": "MT200030N0080W0", "FRSTDIVID": "MT200030N0080W0SN350", "FRSTDIVTYP": "SN", "FRSTDIVTXT": "Section", "FRSTDIVNO": "35", "FRSTDIVDUP": "0", "FRSTDIVLAB": "35", "SURVTYP": null, "SURVTYPTXT": null, "SOURCEDATE": null, "SOURCEREF": null, "RECRDAREAT": null, "RECRDAREAN": 0.0, "GISACRE": 642.52521026299996, "SHAPE_Leng": 6452.5730823100002, "SHAPE_Area": 2600207.2737099999 }, "geometry": { "type": "MultiPolygon", "coordinates": [ [ [ [ -112.5584236, 45.9604405 ], [ -112.5565164, 45.9604404 ], [ -112.554568, 45.96044 ], [ -112.5514101, 45.9604394 ], [ -112.5513725, 45.9604394 ], [ -112.5493677, 45.9604373 ], [ -112.5493691, 45.9605302 ], [ -112.5493937, 45.9621869 ], [ -112.5494218, 45.9640688 ], [ -112.5494333, 45.9658776 ], [ -112.5494347, 45.9662615 ], [ -112.549442, 45.9676914 ], [ -112.5494427, 45.9679077 ], [ -112.5494451, 45.968554 ], [ -112.5494531, 45.9702055 ], [ -112.5494638, 45.9713352 ], [ -112.5494717, 45.9721722 ], [ -112.5494748, 45.9749789 ], [ -112.5506596, 45.9749799 ], [ -112.5515378, 45.9749806 ], [ -112.553525, 45.9749823 ], [ -112.5546652, 45.9749833 ], [ -112.5547873, 45.9749834 ], [ -112.5574616, 45.9749846 ], [ -112.5575668, 45.9749846 ], [ -112.5576024, 45.9749681 ], [ -112.5575951, 45.9749846 ], [ -112.5598575, 45.9749843 ], [ -112.5615051, 45.9749881 ], [ -112.5650528, 45.9749713 ], [ -112.570248, 45.9749466 ], [ -112.5702345, 45.9713216 ], [ -112.5702213, 45.9677653 ], [ -112.5702213, 45.9676966 ], [ -112.570215, 45.9660334 ], [ -112.5702077, 45.9640714 ], [ -112.570194, 45.9604463 ], [ -112.5649812, 45.9604434 ], [ -112.5597684, 45.9604406 ], [ -112.5584236, 45.9604405 ] ] ] ] } },
{ "type": "Feature", "properties": { "PLSSID": "MT200020N0070W0", "FRSTDIVID": "MT200020N0070W0SN010", "FRSTDIVTYP": "SN", "FRSTDIVTXT": "Section", "FRSTDIVNO": "01", "FRSTDIVDUP": "0", "FRSTDIVLAB": "01", "SURVTYP": null, "SURVTYPTXT": null, "SOURCEDATE": null, "SOURCEREF": null, "RECRDAREAT": null, "RECRDAREAN": 0.0, "GISACRE": 673.30163624099998, "SHAPE_Leng": 6606.1967803699999, "SHAPE_Area": 2724755.0508300001 }, "geometry": { "type": "MultiPolygon", "coordinates": [ [ [ [ -112.4048958, 45.9463666 ], [ -112.4048969, 45.9488222 ], [ -112.4048974, 45.9499757 ], [ -112.4048985, 45.9524314 ], [ -112.4048987, 45.9535849 ], [ -112.4048992, 45.9560459 ], [ -112.4048993, 45.9571995 ], [ -112.4048994, 45.9580168 ], [ -112.4049032, 45.958912 ], [ -112.4049032, 45.9589825 ], [ -112.4049018, 45.9603596 ], [ -112.4049018, 45.9605242 ], [ -112.4070343, 45.9605243 ], [ -112.4070422, 45.9605243 ], [ -112.4090811, 45.9605244 ], [ -112.4095741, 45.9605244 ], [ -112.410072, 45.9605244 ], [ -112.4112629, 45.9605244 ], [ -112.4129854, 45.9605244 ], [ -112.4134861, 45.9605244 ], [ -112.4142695, 45.9605245 ], [ -112.4152423, 45.9605245 ], [ -112.4189019, 45.9605245 ], [ -112.4194567, 45.9605245 ], [ -112.4204126, 45.9605244 ], [ -112.4234221, 45.9605242 ], [ -112.4246438, 45.9605242 ], [ -112.4255829, 45.9605242 ], [ -112.4255886, 45.9560762 ], [ -112.425592, 45.9524631 ], [ -112.4256004, 45.9488554 ], [ -112.4256088, 45.9452477 ], [ -112.4204275, 45.9452411 ], [ -112.4152461, 45.9452345 ], [ -112.410071, 45.9452238 ], [ -112.4048958, 45.945213 ], [ -112.4048958, 45.9463666 ] ] ] ] } },
{ "type": "Feature", "properties": { "PLSSID": "MT200030N0080W0", "FRSTDIVID": "MT200030N0080W0SN070", "FRSTDIVTYP": "SN", "FRSTDIVTXT": "Section", "FRSTDIVNO": "07", "FRSTDIVDUP": "0", "FRSTDIVLAB": "07", "SURVTYP": null, "SURVTYPTXT": null, "SOURCEDATE": null, "SOURCEREF": null, "RECRDAREAT": null, "RECRDAREAN": 0.0, "GISACRE": 611.39789739599996, "SHAPE_Leng": 6295.76757481, "SHAPE_Area": 2474239.5077200001 }, "geometry": { "type": "MultiPolygon", "coordinates": [ [ [ [ -112.6433134, 46.0328721 ], [ -112.6485324, 46.0328242 ], [ -112.6526514, 46.032791 ], [ -112.6526699, 46.029139 ], [ -112.6526883, 46.025487 ], [ -112.6527068, 46.0218351 ], [ -112.6527253, 46.0181832 ], [ -112.6484526, 46.0182725 ], [ -112.6433498, 46.0183723 ], [ -112.6380963, 46.0185028 ], [ -112.6328428, 46.0186334 ], [ -112.6328391, 46.0222312 ], [ -112.6328353, 46.0258289 ], [ -112.6328316, 46.0294267 ], [ -112.6328278, 46.0330244 ], [ -112.6380706, 46.0329483 ], [ -112.6433134, 46.0328721 ] ] ] ] } },
{ "type": "Feature", "properties": { "PLSSID": "MT200030N0090W0", "FRSTDIVID": "MT200030N0090W0SN110", "FRSTDIVTYP": "SN", "FRSTDIVTXT": "Section", "FRSTDIVNO": "11", "FRSTDIVDUP": "0", "FRSTDIVLAB": "11", "SURVTYP": null, "SURVTYPTXT": null, "SOURCEDATE": null, "SOURCEREF": null, "RECRDAREAT": null, "RECRDAREAN": 0.0, "GISACRE": 656.32287799599999, "SHAPE_Leng": 6513.0253583900003, "SHAPE_Area": 2656044.4539899998 }, "geometry": { "type": "MultiPolygon", "coordinates": [ [ [ [ -112.6741428, 46.0228127 ], [ -112.6740915, 46.0263874 ], [ -112.6740913, 46.0295818 ], [ -112.6740913, 46.0300295 ], [ -112.6740911, 46.0327763 ], [ -112.6740916, 46.0336716 ], [ -112.6784731, 46.0336696 ], [ -112.6794502, 46.0336695 ], [ -112.6836753, 46.0336677 ], [ -112.6848085, 46.0336676 ], [ -112.6888773, 46.0336659 ], [ -112.6901665, 46.0336657 ], [ -112.694079, 46.0336642 ], [ -112.6955231, 46.033664 ], [ -112.695521, 46.0300273 ], [ -112.6955188, 46.0263907 ], [ -112.6954851, 46.0227991 ], [ -112.6954488, 46.0192097 ], [ -112.6901372, 46.0192151 ], [ -112.6848228, 46.0192228 ], [ -112.6795085, 46.0192304 ], [ -112.6741942, 46.019238 ], [ -112.6741428, 46.0228127 ] ] ] ] } },
{ "type": "Feature", "properties": { "PLSSID": "MT200040N0070W0", "FRSTDIVID": "MT200040N0070W0SN120", "FRSTDIVTYP": "SN", "FRSTDIVTXT": "Section", "FRSTDIVNO": "12", "FRSTDIVDUP": "0", "FRSTDIVLAB": "12", "SURVTYP": null, "SURVTYPTXT": null, "SOURCEDATE": null, "SOURCEREF": null, "RECRDAREAT": null, "RECRDAREAN": 0.0, "GISACRE": 661.28000136699995, "SHAPE_Leng": 6548.26433309, "SHAPE_Area": 2676105.2205400001 }, "geometry": { "type": "MultiPolygon", "coordinates": [ [ [ [ -112.4255944, 46.1163567 ], [ -112.4255691, 46.1137361 ], [ -112.4255769, 46.112733 ], [ -112.4255969, 46.1100518 ], [ -112.4255973, 46.1099944 ], [ -112.4256237, 46.1063675 ], [ -112.4203319, 46.1063454 ], [ -112.41504, 46.1063233 ], [ -112.4097482, 46.1063012 ], [ -112.4044563, 46.1062791 ], [ -112.4044593, 46.1071735 ], [ -112.4044626, 46.1089723 ], [ -112.4044649, 46.1099378 ], [ -112.404471, 46.11257 ], [ -112.4044714, 46.1135964 ], [ -112.4044772, 46.1161678 ], [ -112.4044799, 46.1173457 ], [ -112.4044855, 46.1197655 ], [ -112.4044861, 46.1210949 ], [ -112.4097799, 46.1210865 ], [ -112.4150737, 46.1210781 ], [ -112.4203546, 46.1210698 ], [ -112.4256354, 46.1210614 ], [ -112.42563, 46.1199836 ], [ -112.4256046, 46.1173988 ], [ -112.4255944, 46.1163567 ] ] ] ] } },
{ "type": "Feature", "properties": { "PLSSID": "MT200030N0070W0", "FRSTDIVID": "MT200030N0070W0SN100", "FRSTDIVTYP": "SN", "FRSTDIVTXT": "Section", "FRSTDIVNO": "10", "FRSTDIVDUP": "0", "FRSTDIVLAB": "10", "SURVTYP": null, "SURVTYPTXT": null, "SOURCEDATE": null, "SOURCEREF": null, "RECRDAREAT": null, "RECRDAREAN": 0.0, "GISACRE": 636.65742276699996, "SHAPE_Leng": 6512.2493903499999, "SHAPE_Area": 2576461.1801900002 }, "geometry": { "type": "MultiPolygon", "coordinates": [ [ [ [ -112.4562248, 46.0328171 ], [ -112.4569883, 46.0328161 ], [ -112.4583543, 46.0328146 ], [ -112.4593095, 46.0328134 ], [ -112.4614128, 46.032811 ], [ -112.4616034, 46.0328108 ], [ -112.4621768, 46.0328101 ], [ -112.4655121, 46.0328062 ], [ -112.4666009, 46.0328049 ], [ -112.4665974, 46.0324841 ], [ -112.466581, 46.0309541 ], [ -112.4665676, 46.0297055 ], [ -112.4665621, 46.0291864 ], [ -112.4665592, 46.0289217 ], [ -112.4665585, 46.0288583 ], [ -112.4665422, 46.0273368 ], [ -112.4665286, 46.0260599 ], [ -112.4665284, 46.0260473 ], [ -112.4665233, 46.0255679 ], [ -112.466518, 46.0250733 ], [ -112.4665167, 46.0249556 ], [ -112.4665161, 46.0249019 ], [ -112.466506, 46.0239527 ], [ -112.4665042, 46.0237894 ], [ -112.4664906, 46.0225168 ], [ -112.466489, 46.0223699 ], [ -112.4664872, 46.0222042 ], [ -112.4664845, 46.0219494 ], [ -112.4664735, 46.0209297 ], [ -112.4664686, 46.0204725 ], [ -112.4664519, 46.0189114 ], [ -112.4664457, 46.0183309 ], [ -112.4643738, 46.0183335 ], [ -112.463112, 46.0183351 ], [ -112.4630912, 46.0183386 ], [ -112.4630993, 46.0183351 ], [ -112.4619342, 46.0183366 ], [ -112.4612617, 46.0183374 ], [ -112.4576573, 46.0183419 ], [ -112.4560777, 46.0183439 ], [ -112.4553821, 46.0183448 ], [ -112.4549634, 46.0183453 ], [ -112.4548459, 46.0183455 ], [ -112.4515908, 46.0183496 ], [ -112.4510829, 46.0183502 ], [ -112.4510762, 46.0183502 ], [ -112.4508938, 46.0183504 ], [ -112.4507111, 46.0183507 ], [ -112.4463547, 46.0183561 ], [ -112.4462843, 46.0183869 ], [ -112.4461384, 46.0184098 ], [ -112.4460901, 46.0183565 ], [ -112.4460829, 46.0183565 ], [ -112.4457098, 46.018357 ], [ -112.4457111, 46.0184769 ], [ -112.4457112, 46.0184923 ], [ -112.4457121, 46.0185744 ], [ -112.4457239, 46.0197142 ], [ -112.4457309, 46.020385 ], [ -112.4457454, 46.021775 ], [ -112.4457474, 46.0219747 ], [ -112.4457495, 46.0221709 ], [ -112.445765, 46.0236587 ], [ -112.4457709, 46.0242322 ], [ -112.4457851, 46.0255924 ], [ -112.445788, 46.0258714 ], [ -112.4457996, 46.0269865 ], [ -112.4457996, 46.0269874 ], [ -112.445817, 46.0286548 ], [ -112.4457461, 46.0286644 ], [ -112.4458139, 46.0289591 ], [ -112.4458141, 46.02896 ], [ -112.4458204, 46.0289875 ], [ -112.4458717, 46.02921 ], [ -112.4459937, 46.0297393 ], [ -112.446188, 46.0305892 ], [ -112.4458377, 46.0306501 ], [ -112.4458431, 46.0311627 ], [ -112.4458468, 46.0315173 ], [ -112.44585, 46.0318319 ], [ -112.4458602, 46.0328102 ], [ -112.4458604, 46.0328278 ], [ -112.4466212, 46.0328279 ], [ -112.4483167, 46.0328259 ], [ -112.4498643, 46.0328242 ], [ -112.4505502, 46.0326257 ], [ -112.4510391, 46.0324846 ], [ -112.4510426, 46.0328229 ], [ -112.4518048, 46.032822 ], [ -112.4532796, 46.0328204 ], [ -112.4553523, 46.0328181 ], [ -112.4558614, 46.0328175 ], [ -112.4562241, 46.0327583 ], [ -112.4562248, 46.0328171 ] ] ] ] } },
{ "type": "Feature", "properties": { "PLSSID": "MT200020N0080W0", "FRSTDIVID": "MT200020N0080W0SN080", "FRSTDIVTYP": "SN", "FRSTDIVTXT": "Section", "FRSTDIVNO": "08", "FRSTDIVDUP": "0", "FRSTDIVLAB": "08", "SURVTYP": null, "SURVTYPTXT": null, "SOURCEDATE": null, "SOURCEREF": null, "RECRDAREAT": null, "RECRDAREAN": 0.0, "GISACRE": 646.80866579200006, "SHAPE_Leng": 6471.5385212399997, "SHAPE_Area": 2617541.8032200001 }, "geometry": { "type": "MultiPolygon", "coordinates": [ [ [ [ -112.612098, 45.935007 ], [ -112.6121053, 45.9386438 ], [ -112.6121127, 45.9422806 ], [ -112.61212, 45.9459174 ], [ -112.6173406, 45.9459216 ], [ -112.6225612, 45.9459258 ], [ -112.6277818, 45.9459301 ], [ -112.6330024, 45.9459343 ], [ -112.6329967, 45.9422948 ], [ -112.632991, 45.9386554 ], [ -112.6329853, 45.9350159 ], [ -112.6329796, 45.9313764 ], [ -112.6277573, 45.9313749 ], [ -112.6225351, 45.9313733 ], [ -112.6173129, 45.9313718 ], [ -112.6120906, 45.9313702 ], [ -112.612098, 45.935007 ] ] ] ] } },
{ "type": "Feature", "properties": { "PLSSID": "MT200030N0080W0", "FRSTDIVID": "MT200030N0080W0SN210", "FRSTDIVTYP": "SN", "FRSTDIVTXT": "Section", "FRSTDIVNO": "21", "FRSTDIVDUP": "0", "FRSTDIVLAB": "21", "SURVTYP": null, "SURVTYPTXT": null, "SOURCEDATE": null, "SOURCEREF": null, "RECRDAREAT": null, "RECRDAREAN": 0.0, "GISACRE": 639.09916918, "SHAPE_Leng": 6435.7615035099998, "SHAPE_Area": 2586342.5773499999 }, "geometry": { "type": "MultiPolygon", "coordinates": [ [ [ [ -112.5911612, 45.9910148 ], [ -112.5911615, 45.9914477 ], [ -112.5911617, 45.9919597 ], [ -112.5911619, 45.9928896 ], [ -112.5911619, 45.9930759 ], [ -112.5911619, 45.9932043 ], [ -112.5911666, 45.993746 ], [ -112.5911701, 45.9941549 ], [ -112.5911809, 45.99541 ], [ -112.5911921, 45.99671 ], [ -112.5911933, 45.9969071 ], [ -112.5911944, 45.9970728 ], [ -112.5911964, 45.997384 ], [ -112.5912028, 45.9983616 ], [ -112.591204, 45.9985458 ], [ -112.5912066, 45.998943 ], [ -112.5912091, 45.9993262 ], [ -112.5912154, 46.0002805 ], [ -112.5912157, 46.000323 ], [ -112.5912157, 46.000331 ], [ -112.5912244, 46.0016397 ], [ -112.5912277, 46.0021396 ], [ -112.5912295, 46.0024158 ], [ -112.5912296, 46.0024264 ], [ -112.5912351, 46.0032575 ], [ -112.5912381, 46.0037195 ], [ -112.5912396, 46.003936 ], [ -112.5928542, 46.0039326 ], [ -112.5952454, 46.0039277 ], [ -112.5964154, 46.0039253 ], [ -112.596976, 46.0039242 ], [ -112.59726, 46.0039236 ], [ -112.5973504, 46.0039234 ], [ -112.5985262, 46.003921 ], [ -112.6015913, 46.0039147 ], [ -112.6033901, 46.0039097 ], [ -112.604198, 46.0039066 ], [ -112.60649, 46.0039018 ], [ -112.6068056, 46.0039009 ], [ -112.6094249, 46.0038914 ], [ -112.6096834, 46.0038905 ], [ -112.612044, 46.003882 ], [ -112.612045, 46.002051 ], [ -112.6120459, 46.00022 ], [ -112.6120477, 45.9965577 ], [ -112.612023, 45.9930155 ], [ -112.6119983, 45.9894732 ], [ -112.6067742, 45.9894955 ], [ -112.6015502, 45.9895179 ], [ -112.5978495, 45.9894926 ], [ -112.5965751, 45.9894832 ], [ -112.5963551, 45.9894811 ], [ -112.5957073, 45.9894751 ], [ -112.5911599, 45.9894419 ], [ -112.5911612, 45.9910148 ] ] ] ] } },
{ "type": "Feature", "properties": { "PLSSID": "MT200030N0090W0", "FRSTDIVID": "MT200030N0090W0SN010", "FRSTDIVTYP": "SN", "FRSTDIVTXT": "Section", "FRSTDIVNO": "01", "FRSTDIVDUP": "0", "FRSTDIVLAB": "01", "SURVTYP": null, "SURVTYPTXT": null, "SOURCEDATE": null, "SOURCEREF": null, "RECRDAREAT": null, "RECRDAREAN": 0.0, "GISACRE": 643.60372279900002, "SHAPE_Leng": 6455.8300132599998, "SHAPE_Area": 2604571.8590899999 }, "geometry": { "type": "MultiPolygon", "coordinates": [ [ [ [ -112.6526253, 46.0364573 ], [ -112.6525992, 46.0401236 ], [ -112.6525752, 46.0437933 ], [ -112.6525518, 46.0474684 ], [ -112.657711, 46.0474559 ], [ -112.6628707, 46.0474488 ], [ -112.6680599, 46.0474415 ], [ -112.673249, 46.0474342 ], [ -112.6732551, 46.0438194 ], [ -112.6732612, 46.0402046 ], [ -112.6732654, 46.0365881 ], [ -112.6732654, 46.0364904 ], [ -112.6732699, 46.0327763 ], [ -112.6687316, 46.0327795 ], [ -112.6681613, 46.0327795 ], [ -112.6633719, 46.032783 ], [ -112.6630523, 46.032783 ], [ -112.6580118, 46.0327869 ], [ -112.657852, 46.0327869 ], [ -112.6526514, 46.032791 ], [ -112.6526253, 46.0364573 ] ] ] ] } },
{ "type": "Feature", "properties": { "PLSSID": "MT200040N0080W0", "FRSTDIVID": "MT200040N0080W0SN220", "FRSTDIVTYP": "SN", "FRSTDIVTXT": "Section", "FRSTDIVNO": "22", "FRSTDIVDUP": "0", "FRSTDIVLAB": "22", "SURVTYP": null, "SURVTYPTXT": null, "SOURCEDATE": null, "SOURCEREF": null, "RECRDAREAT": null, "RECRDAREAN": 0.0, "GISACRE": 638.19124014, "SHAPE_Leng": 6428.99386839, "SHAPE_Area": 2582668.3188800002 }, "geometry": { "type": "MultiPolygon", "coordinates": [ [ [ [ -112.5702239, 46.079981 ], [ -112.5701739, 46.0835785 ], [ -112.5701239, 46.087176 ], [ -112.5700738, 46.0907735 ], [ -112.575295, 46.0907367 ], [ -112.5805161, 46.0907 ], [ -112.5857373, 46.0906632 ], [ -112.5909584, 46.0906264 ], [ -112.5910009, 46.0870191 ], [ -112.5910433, 46.0834117 ], [ -112.5910857, 46.0798044 ], [ -112.5911282, 46.0761971 ], [ -112.5859146, 46.0762437 ], [ -112.580701, 46.0762903 ], [ -112.5754875, 46.0763368 ], [ -112.5702739, 46.0763834 ], [ -112.5702239, 46.079981 ] ] ] ] } },
{ "type": "Feature", "properties": { "PLSSID": "MT200040N0070W0", "FRSTDIVID": "MT200040N0070W0SN110", "FRSTDIVTYP": "SN", "FRSTDIVTXT": "Section", "FRSTDIVNO": "11", "FRSTDIVDUP": "0", "FRSTDIVLAB": "11", "SURVTYP": null, "SURVTYPTXT": null, "SOURCEDATE": null, "SOURCEREF": null, "RECRDAREAT": null, "RECRDAREAN": 0.0, "GISACRE": 576.82288740800004, "SHAPE_Leng": 6107.54427175, "SHAPE_Area": 2334319.40649 }, "geometry": { "type": "MultiPolygon", "coordinates": [ [ [ [ -112.4255973, 46.1099944 ], [ -112.4255969, 46.1100518 ], [ -112.4255769, 46.112733 ], [ -112.4255691, 46.1137361 ], [ -112.4255944, 46.1163567 ], [ -112.4256046, 46.1173988 ], [ -112.42563, 46.1199836 ], [ -112.4299543, 46.1199813 ], [ -112.4308365, 46.1199811 ], [ -112.4351608, 46.1199788 ], [ -112.4403719, 46.1199719 ], [ -112.4455829, 46.1199651 ], [ -112.4455761, 46.1163361 ], [ -112.4455692, 46.1127071 ], [ -112.4455694, 46.1099792 ], [ -112.4455701, 46.109085 ], [ -112.4455703, 46.1063572 ], [ -112.4407986, 46.1063606 ], [ -112.4403695, 46.1063609 ], [ -112.4360269, 46.106364 ], [ -112.4351686, 46.1063641 ], [ -112.4308252, 46.1063655 ], [ -112.4256237, 46.1063675 ], [ -112.4255973, 46.1099944 ] ] ] ] } },
{ "type": "Feature", "properties": { "PLSSID": "MT200030N0070W0", "FRSTDIVID": "MT200030N0070W0SN020", "FRSTDIVTYP": "SN", "FRSTDIVTXT": "Section", "FRSTDIVNO": "02", "FRSTDIVDUP": "0", "FRSTDIVLAB": "02", "SURVTYP": null, "SURVTYPTXT": null, "SOURCEDATE": null, "SOURCEREF": null, "RECRDAREAT": null, "RECRDAREAN": 0.0, "GISACRE": 675.57121324900004, "SHAPE_Leng": 6771.8713159600002, "SHAPE_Area": 2733939.7031200002 }, "geometry": { "type": "MultiPolygon", "coordinates": [ [ [ [ -112.4250242, 46.0336311 ], [ -112.4250552, 46.0364466 ], [ -112.4250568, 46.0365868 ], [ -112.425062, 46.0370646 ], [ -112.4250804, 46.0387305 ], [ -112.4250951, 46.0400697 ], [ -112.4250952, 46.0400743 ], [ -112.4250971, 46.0403501 ], [ -112.4251064, 46.0413352 ], [ -112.4251186, 46.0426285 ], [ -112.4251286, 46.0436898 ], [ -112.425131, 46.0439305 ], [ -112.4251314, 46.0439705 ], [ -112.4254373, 46.0439705 ], [ -112.4251319, 46.0440161 ], [ -112.4251538, 46.0462357 ], [ -112.4251673, 46.0475908 ], [ -112.4306012, 46.0475935 ], [ -112.4308341, 46.0475936 ], [ -112.4360351, 46.0475959 ], [ -112.4413212, 46.0475882 ], [ -112.4466073, 46.0475805 ], [ -112.4466026, 46.0439621 ], [ -112.446598, 46.040445 ], [ -112.446598, 46.0403437 ], [ -112.4466024, 46.0389271 ], [ -112.4466096, 46.0365858 ], [ -112.4466171, 46.0341458 ], [ -112.4466212, 46.0328279 ], [ -112.4458604, 46.0328278 ], [ -112.4458602, 46.0328102 ], [ -112.4458256, 46.0328278 ], [ -112.4436759, 46.0328272 ], [ -112.4435159, 46.0328271 ], [ -112.4414063, 46.0328266 ], [ -112.4406452, 46.0328264 ], [ -112.4406418, 46.0324855 ], [ -112.4401684, 46.0325034 ], [ -112.4401562, 46.0328262 ], [ -112.4361914, 46.0328251 ], [ -112.43543, 46.0328251 ], [ -112.4354268, 46.0324845 ], [ -112.4343605, 46.0327292 ], [ -112.4339453, 46.0328249 ], [ -112.4309871, 46.0328245 ], [ -112.4302226, 46.0328244 ], [ -112.4300784, 46.0328243 ], [ -112.4250153, 46.0328234 ], [ -112.4250242, 46.0336311 ] ] ] ] } },
{ "type": "Feature", "properties": { "PLSSID": "MT200020N0080W0", "FRSTDIVID": "MT200020N0080W0SN110", "FRSTDIVTYP": "SN", "FRSTDIVTXT": "Section", "FRSTDIVNO": "11", "FRSTDIVDUP": "0", "FRSTDIVLAB": "11", "SURVTYP": null, "SURVTYPTXT": null, "SOURCEDATE": null, "SOURCEREF": null, "RECRDAREAT": null, "RECRDAREAN": 0.0, "GISACRE": 649.743559527, "SHAPE_Leng": 6486.2900827499998, "SHAPE_Area": 2629418.8967800001 }, "geometry": { "type": "MultiPolygon", "coordinates": [ [ [ [ -112.549585, 45.9422437 ], [ -112.5495891, 45.945922 ], [ -112.5548019, 45.9458922 ], [ -112.5600147, 45.9458624 ], [ -112.5652275, 45.9458326 ], [ -112.5704403, 45.9458028 ], [ -112.5704265, 45.942153 ], [ -112.5704127, 45.9385032 ], [ -112.570399, 45.9348534 ], [ -112.5703852, 45.9312036 ], [ -112.565182, 45.9312049 ], [ -112.5599789, 45.9312063 ], [ -112.5547757, 45.9312076 ], [ -112.5495726, 45.931209 ], [ -112.5495767, 45.9348872 ], [ -112.5495809, 45.9385655 ], [ -112.549585, 45.9422437 ] ] ] ] } },
{ "type": "Feature", "properties": { "PLSSID": "MT200030N0070W0", "FRSTDIVID": "MT200030N0070W0SN140", "FRSTDIVTYP": "SN", "FRSTDIVTXT": "Section", "FRSTDIVNO": "14", "FRSTDIVDUP": "0", "FRSTDIVLAB": "14", "SURVTYP": null, "SURVTYPTXT": null, "SOURCEDATE": null, "SOURCEREF": null, "RECRDAREAT": null, "RECRDAREAN": 0.0, "GISACRE": 638.17180372200005, "SHAPE_Leng": 6447.3592104999998, "SHAPE_Area": 2582589.66249 }, "geometry": { "type": "MultiPolygon", "coordinates": [ [ [ [ -112.4420317, 46.0183499 ], [ -112.4434645, 46.0183526 ], [ -112.4457098, 46.018357 ], [ -112.445701, 46.0175825 ], [ -112.4456951, 46.0175706 ], [ -112.4457008, 46.017568 ], [ -112.4456868, 46.0163379 ], [ -112.4456759, 46.0153885 ], [ -112.4456686, 46.0147444 ], [ -112.4456587, 46.0138818 ], [ -112.4456581, 46.0138282 ], [ -112.4456453, 46.0127071 ], [ -112.4456414, 46.0123694 ], [ -112.4456405, 46.0122892 ], [ -112.4456326, 46.0115993 ], [ -112.4456273, 46.011132 ], [ -112.4456239, 46.0108312 ], [ -112.4456195, 46.0104472 ], [ -112.4456041, 46.0091062 ], [ -112.4456018, 46.0088948 ], [ -112.4455861, 46.0075195 ], [ -112.4455815, 46.0071234 ], [ -112.4455631, 46.0055124 ], [ -112.4455448, 46.003907 ], [ -112.445544, 46.003841 ], [ -112.4453363, 46.0039064 ], [ -112.4453351, 46.0039067 ], [ -112.4439043, 46.003905 ], [ -112.443903, 46.003905 ], [ -112.4403371, 46.0039007 ], [ -112.4379917, 46.0038979 ], [ -112.4351294, 46.0038944 ], [ -112.43383, 46.003894 ], [ -112.4337023, 46.0038939 ], [ -112.4321618, 46.0038914 ], [ -112.4299628, 46.0038858 ], [ -112.4247962, 46.0038724 ], [ -112.4248176, 46.0074835 ], [ -112.4248221, 46.0082395 ], [ -112.424831, 46.0097481 ], [ -112.424831, 46.0097539 ], [ -112.424839, 46.0110946 ], [ -112.4248394, 46.0111678 ], [ -112.4248416, 46.0115455 ], [ -112.4248493, 46.0128367 ], [ -112.4248575, 46.0142132 ], [ -112.424858, 46.0143029 ], [ -112.4248604, 46.0147057 ], [ -112.4248671, 46.0158379 ], [ -112.4248758, 46.0173082 ], [ -112.4248767, 46.0174665 ], [ -112.4248818, 46.0183168 ], [ -112.4282218, 46.0183232 ], [ -112.4293566, 46.0183254 ], [ -112.4300888, 46.0183268 ], [ -112.4328201, 46.0183321 ], [ -112.4335901, 46.0183335 ], [ -112.433737, 46.0183339 ], [ -112.4352308, 46.0183367 ], [ -112.4352958, 46.0183369 ], [ -112.4384626, 46.018343 ], [ -112.438678, 46.0183434 ], [ -112.4398752, 46.0183457 ], [ -112.4405028, 46.0183469 ], [ -112.4405035, 46.0184222 ], [ -112.4409026, 46.0183477 ], [ -112.4420317, 46.0183499 ] ] ] ] } },
{ "type": "Feature", "properties": { "PLSSID": "MT200040N0080W0", "FRSTDIVID": "MT200040N0080W0SN350", "FRSTDIVTYP": "SN", "FRSTDIVTXT": "Section", "FRSTDIVNO": "35", "FRSTDIVDUP": "0", "FRSTDIVLAB": "35", "SURVTYP": null, "SURVTYPTXT": null, "SOURCEDATE": null, "SOURCEREF": null, "RECRDAREAT": null, "RECRDAREAN": 0.0, "GISACRE": 647.64376414599997, "SHAPE_Leng": 6470.0497440099998, "SHAPE_Area": 2620921.3263599998 }, "geometry": { "type": "MultiPolygon", "coordinates": [ [ [ [ -112.5704724, 46.0619304 ], [ -112.570497, 46.0583047 ], [ -112.5705217, 46.054679 ], [ -112.5705284, 46.0510404 ], [ -112.570535, 46.0474017 ], [ -112.5653011, 46.0474129 ], [ -112.5644597, 46.0474147 ], [ -112.5600672, 46.0474236 ], [ -112.5585393, 46.0474341 ], [ -112.5583133, 46.0474356 ], [ -112.5548372, 46.0474572 ], [ -112.5536781, 46.0474644 ], [ -112.5525923, 46.0474718 ], [ -112.5517375, 46.0474776 ], [ -112.5496073, 46.047492 ], [ -112.5496058, 46.0476768 ], [ -112.5496043, 46.0478705 ], [ -112.5495954, 46.0490284 ], [ -112.5495949, 46.0490903 ], [ -112.5495865, 46.0501733 ], [ -112.5495847, 46.0504004 ], [ -112.5495791, 46.0511247 ], [ -112.5495756, 46.0515759 ], [ -112.549563, 46.0532016 ], [ -112.5495625, 46.0532644 ], [ -112.549551, 46.0547574 ], [ -112.5495498, 46.0549085 ], [ -112.5495394, 46.0562433 ], [ -112.5495394, 46.0562468 ], [ -112.5495304, 46.057407 ], [ -112.5495266, 46.0579045 ], [ -112.5495263, 46.0579402 ], [ -112.5495238, 46.0582539 ], [ -112.5495228, 46.0583901 ], [ -112.549519, 46.0588745 ], [ -112.5495063, 46.0605239 ], [ -112.5494947, 46.0620229 ], [ -112.5547674, 46.062008 ], [ -112.5598814, 46.0619936 ], [ -112.5600402, 46.0619932 ], [ -112.5621202, 46.0619807 ], [ -112.5652563, 46.0619618 ], [ -112.5704724, 46.0619304 ] ] ] ] } },
{ "type": "Feature", "properties": { "PLSSID": "MT200040N0090W0", "FRSTDIVID": "MT200040N0090W0SN020", "FRSTDIVTYP": "SN", "FRSTDIVTXT": "Section", "FRSTDIVNO": "02", "FRSTDIVDUP": "0", "FRSTDIVLAB": "02", "SURVTYP": null, "SURVTYPTXT": null, "SOURCEDATE": null, "SOURCEREF": null, "RECRDAREAT": null, "RECRDAREAN": 0.0, "GISACRE": 706.46524331099999, "SHAPE_Leng": 6772.2108035800002, "SHAPE_Area": 2858963.4071 }, "geometry": { "type": "MultiPolygon", "coordinates": [ [ [ [ -112.6733012, 46.1232969 ], [ -112.6732988, 46.1269242 ], [ -112.6732976, 46.1305472 ], [ -112.673297, 46.1323587 ], [ -112.6732967, 46.1332644 ], [ -112.6732964, 46.1341702 ], [ -112.6732962, 46.1356727 ], [ -112.6771217, 46.1356781 ], [ -112.6784959, 46.1356801 ], [ -112.6822901, 46.1356856 ], [ -112.6836957, 46.135688 ], [ -112.6875474, 46.1356934 ], [ -112.6888957, 46.1356953 ], [ -112.6928046, 46.1357007 ], [ -112.6940956, 46.135703 ], [ -112.6940996, 46.13053 ], [ -112.694101, 46.1269123 ], [ -112.6941055, 46.1232952 ], [ -112.69411, 46.1196782 ], [ -112.6889084, 46.119676 ], [ -112.6837068, 46.1196739 ], [ -112.6785052, 46.1196717 ], [ -112.6733036, 46.1196696 ], [ -112.6733012, 46.1232969 ] ] ] ] } },
{ "type": "Feature", "properties": { "PLSSID": "MT200030N0080W0", "FRSTDIVID": "MT200030N0080W0SN160", "FRSTDIVTYP": "SN", "FRSTDIVTXT": "Section", "FRSTDIVNO": "16", "FRSTDIVDUP": "0", "FRSTDIVLAB": "16", "SURVTYP": null, "SURVTYPTXT": null, "SOURCEDATE": null, "SOURCEREF": null, "RECRDAREAT": null, "RECRDAREAN": 0.0, "GISACRE": 641.82039397999995, "SHAPE_Leng": 6453.2043127300003, "SHAPE_Area": 2597354.9833999998 }, "geometry": { "type": "MultiPolygon", "coordinates": [ [ [ [ -112.591245, 46.0045031 ], [ -112.591247, 46.00471 ], [ -112.5912606, 46.0061179 ], [ -112.5912608, 46.0061447 ], [ -112.5912739, 46.0075088 ], [ -112.5912746, 46.0075761 ], [ -112.5912789, 46.0080297 ], [ -112.5912914, 46.0093298 ], [ -112.5912923, 46.0094173 ], [ -112.5913017, 46.0104014 ], [ -112.5913096, 46.0112163 ], [ -112.591317, 46.011991 ], [ -112.59132, 46.0123017 ], [ -112.5913346, 46.0138207 ], [ -112.5913402, 46.0144024 ], [ -112.5913446, 46.0148564 ], [ -112.5913498, 46.0153946 ], [ -112.5913565, 46.0160937 ], [ -112.5913576, 46.0162047 ], [ -112.5913681, 46.0172955 ], [ -112.5913796, 46.0184966 ], [ -112.5921002, 46.0184973 ], [ -112.5922698, 46.0184975 ], [ -112.5923221, 46.0184975 ], [ -112.5949299, 46.0184989 ], [ -112.5965764, 46.0184997 ], [ -112.5979541, 46.0185004 ], [ -112.5986375, 46.0185007 ], [ -112.6017699, 46.0185022 ], [ -112.6022106, 46.0185009 ], [ -112.6030421, 46.0184982 ], [ -112.6069336, 46.0184855 ], [ -112.6120998, 46.0184684 ], [ -112.6120753, 46.0148431 ], [ -112.6120508, 46.0112178 ], [ -112.611892, 46.0076451 ], [ -112.612044, 46.003882 ], [ -112.6096834, 46.0038905 ], [ -112.6094249, 46.0038914 ], [ -112.6068056, 46.0039009 ], [ -112.60649, 46.0039018 ], [ -112.604198, 46.0039066 ], [ -112.6033901, 46.0039097 ], [ -112.6015913, 46.0039147 ], [ -112.5985262, 46.003921 ], [ -112.5973504, 46.0039234 ], [ -112.59726, 46.0039236 ], [ -112.596976, 46.0039242 ], [ -112.5964154, 46.0039253 ], [ -112.5952454, 46.0039277 ], [ -112.5928542, 46.0039326 ], [ -112.5912396, 46.003936 ], [ -112.591245, 46.0045031 ] ] ] ] } },
{ "type": "Feature", "properties": { "PLSSID": "MT200020N0070W0", "FRSTDIVID": "MT200020N0070W0SN030", "FRSTDIVTYP": "SN", "FRSTDIVTXT": "Section", "FRSTDIVNO": "03", "FRSTDIVDUP": "0", "FRSTDIVLAB": "03", "SURVTYP": null, "SURVTYPTXT": null, "SOURCEDATE": null, "SOURCEREF": null, "RECRDAREAT": null, "RECRDAREAN": 0.0, "GISACRE": 636.53447823399995, "SHAPE_Leng": 6429.3361472500001, "SHAPE_Area": 2575963.6413199999 }, "geometry": { "type": "MultiPolygon", "coordinates": [ [ [ [ -112.4661299, 45.9523708 ], [ -112.4661307, 45.9507244 ], [ -112.4661328, 45.9498065 ], [ -112.4661329, 45.9495462 ], [ -112.466133, 45.9490129 ], [ -112.4661332, 45.9480132 ], [ -112.4661342, 45.9463669 ], [ -112.4661358, 45.9458927 ], [ -112.4661356, 45.9453908 ], [ -112.461871, 45.9453776 ], [ -112.4608461, 45.9453737 ], [ -112.4566675, 45.9453579 ], [ -112.4555566, 45.945357 ], [ -112.4515336, 45.9453308 ], [ -112.4505897, 45.9453246 ], [ -112.4465554, 45.9452983 ], [ -112.4463998, 45.9452982 ], [ -112.4464, 45.9489109 ], [ -112.4464002, 45.9525236 ], [ -112.4464019, 45.9561393 ], [ -112.4464035, 45.9605189 ], [ -112.4504953, 45.9605182 ], [ -112.4505649, 45.9605182 ], [ -112.4515895, 45.960518 ], [ -112.4556835, 45.9605171 ], [ -112.4557509, 45.9605171 ], [ -112.4567756, 45.9605171 ], [ -112.457118, 45.9605171 ], [ -112.4587132, 45.960517 ], [ -112.459704, 45.9605169 ], [ -112.4609384, 45.9605166 ], [ -112.4619635, 45.9605165 ], [ -112.4620387, 45.9605165 ], [ -112.4641185, 45.9605162 ], [ -112.4645076, 45.9605162 ], [ -112.466126, 45.960516 ], [ -112.4661273, 45.9597821 ], [ -112.4661275, 45.9585213 ], [ -112.4661257, 45.956859 ], [ -112.4661273, 45.9562612 ], [ -112.4661243, 45.9544332 ], [ -112.466126, 45.9535238 ], [ -112.4661272, 45.9531998 ], [ -112.4661288, 45.952635 ], [ -112.4661297, 45.9524196 ], [ -112.4661299, 45.9523708 ] ] ] ] } },
{ "type": "Feature", "properties": { "PLSSID": "MT200020N0080W0", "FRSTDIVID": "MT200020N0080W0SN180", "FRSTDIVTYP": "SN", "FRSTDIVTXT": "Section", "FRSTDIVNO": "18", "FRSTDIVDUP": "0", "FRSTDIVLAB": "18", "SURVTYP": null, "SURVTYPTXT": null, "SOURCEDATE": null, "SOURCEREF": null, "RECRDAREAT": null, "RECRDAREAN": 0.0, "GISACRE": 560.21599989399999, "SHAPE_Leng": 6037.6255519699998, "SHAPE_Area": 2267113.7171 }, "geometry": { "type": "MultiPolygon", "coordinates": [ [ [ [ -112.6486172, 45.916861 ], [ -112.6434114, 45.9168587 ], [ -112.6381851, 45.916854 ], [ -112.6329587, 45.9168492 ], [ -112.6329639, 45.9204811 ], [ -112.6329691, 45.9241128 ], [ -112.6329743, 45.9277446 ], [ -112.6329796, 45.9313764 ], [ -112.6381823, 45.9313765 ], [ -112.6433851, 45.9313765 ], [ -112.6485796, 45.9313765 ], [ -112.6511436, 45.9313765 ], [ -112.6511249, 45.9289528 ], [ -112.6511164, 45.9277488 ], [ -112.6510992, 45.9253073 ], [ -112.6510908, 45.9241212 ], [ -112.651082, 45.9216619 ], [ -112.6510738, 45.9204913 ], [ -112.6510565, 45.9180195 ], [ -112.6510484, 45.9168615 ], [ -112.6486172, 45.916861 ] ] ] ] } },
{ "type": "Feature", "properties": { "PLSSID": "MT200030N0080W0", "FRSTDIVID": "MT200030N0080W0SN130", "FRSTDIVTYP": "SN", "FRSTDIVTXT": "Section", "FRSTDIVNO": "13", "FRSTDIVDUP": "0", "FRSTDIVLAB": "13", "SURVTYP": null, "SURVTYPTXT": null, "SOURCEDATE": null, "SOURCEREF": null, "RECRDAREAT": null, "RECRDAREAN": 0.0, "GISACRE": 645.48151241999994, "SHAPE_Leng": 6471.5910688699996, "SHAPE_Area": 2612171.0040799999 }, "geometry": { "type": "MultiPolygon", "coordinates": [ [ [ [ -112.5350051, 46.0040005 ], [ -112.5338819, 46.0040051 ], [ -112.530434, 46.004019 ], [ -112.5295564, 46.0040225 ], [ -112.528652, 46.0040262 ], [ -112.5286496, 46.0057376 ], [ -112.5286476, 46.0070696 ], [ -112.5286472, 46.0076087 ], [ -112.5286472, 46.0076467 ], [ -112.5286467, 46.0079489 ], [ -112.52865, 46.0089683 ], [ -112.5286462, 46.0095737 ], [ -112.5286462, 46.0101535 ], [ -112.5286462, 46.0102331 ], [ -112.5286449, 46.0112606 ], [ -112.5286447, 46.0118388 ], [ -112.5286445, 46.0120995 ], [ -112.5286445, 46.0122787 ], [ -112.5286435, 46.0136138 ], [ -112.5286435, 46.0138148 ], [ -112.5286443, 46.0147561 ], [ -112.5286443, 46.0148448 ], [ -112.5286444, 46.014895 ], [ -112.5286456, 46.0154542 ], [ -112.5286477, 46.0162127 ], [ -112.5286484, 46.0166273 ], [ -112.5286484, 46.0166282 ], [ -112.5286485, 46.0167288 ], [ -112.5286488, 46.0169757 ], [ -112.528649, 46.0171537 ], [ -112.5286527, 46.0179654 ], [ -112.5286547, 46.0185294 ], [ -112.5312588, 46.018531 ], [ -112.5314405, 46.0185311 ], [ -112.5327583, 46.018532 ], [ -112.5327848, 46.018532 ], [ -112.5328106, 46.018532 ], [ -112.5328197, 46.0185052 ], [ -112.5330662, 46.0185322 ], [ -112.5338811, 46.0185327 ], [ -112.5353554, 46.0185336 ], [ -112.5356163, 46.0185338 ], [ -112.5356493, 46.0185338 ], [ -112.5356839, 46.0185338 ], [ -112.5368665, 46.0185346 ], [ -112.5376466, 46.0185351 ], [ -112.5391074, 46.018536 ], [ -112.5415905, 46.0185418 ], [ -112.5417401, 46.0185421 ], [ -112.5417655, 46.0185422 ], [ -112.5443322, 46.0185481 ], [ -112.5448655, 46.0185494 ], [ -112.5451274, 46.01855 ], [ -112.5457604, 46.0185514 ], [ -112.5458675, 46.0185517 ], [ -112.5459323, 46.0185518 ], [ -112.5461985, 46.0185524 ], [ -112.546969, 46.0185542 ], [ -112.5479006, 46.0185564 ], [ -112.5487625, 46.0185584 ], [ -112.5491881, 46.0185594 ], [ -112.549557, 46.0185602 ], [ -112.549557, 46.0185045 ], [ -112.549557, 46.0183749 ], [ -112.5495568, 46.0177651 ], [ -112.5495568, 46.0176196 ], [ -112.5495565, 46.0164076 ], [ -112.5495564, 46.0160779 ], [ -112.5495563, 46.0158759 ], [ -112.5495561, 46.0149241 ], [ -112.5495561, 46.0147144 ], [ -112.5495558, 46.0136971 ], [ -112.5495555, 46.0126757 ], [ -112.5495552, 46.0114317 ], [ -112.5495552, 46.011288 ], [ -112.5495551, 46.0110655 ], [ -112.5495551, 46.0107788 ], [ -112.549555, 46.0104122 ], [ -112.5495547, 46.0092824 ], [ -112.5495547, 46.0091957 ], [ -112.5495545, 46.0083669 ], [ -112.5495543, 46.007652 ], [ -112.549554, 46.0066822 ], [ -112.5495472, 46.0066794 ], [ -112.549554, 46.0066782 ], [ -112.5495537, 46.0053939 ], [ -112.5495534, 46.0040158 ], [ -112.5493469, 46.0040159 ], [ -112.5479617, 46.0040159 ], [ -112.5474386, 46.0040159 ], [ -112.5474383, 46.0039751 ], [ -112.5471342, 46.0040159 ], [ -112.5460836, 46.0040159 ], [ -112.545509, 46.004016 ], [ -112.5443326, 46.004016 ], [ -112.542918, 46.004016 ], [ -112.542695, 46.004016 ], [ -112.5392223, 46.0040161 ], [ -112.5391118, 46.0040158 ], [ -112.5366912, 46.004009 ], [ -112.5350051, 46.0040005 ] ] ] ] } },
{ "type": "Feature", "properties": { "PLSSID": "MT200040N0090W0", "FRSTDIVID": "MT200040N0090W0SN010", "FRSTDIVTYP": "SN", "FRSTDIVTXT": "Section", "FRSTDIVNO": "01", "FRSTDIVDUP": "0", "FRSTDIVLAB": "01", "SURVTYP": null, "SURVTYPTXT": null, "SOURCEDATE": null, "SOURCEREF": null, "RECRDAREAT": null, "RECRDAREAN": 0.0, "GISACRE": 690.59657656599995, "SHAPE_Leng": 6699.1506808200002, "SHAPE_Area": 2794745.1911599999 }, "geometry": { "type": "MultiPolygon", "coordinates": [ [ [ [ -112.6629176, 46.1196501 ], [ -112.6577194, 46.1196453 ], [ -112.652999, 46.1196413 ], [ -112.6529839, 46.1232607 ], [ -112.652982, 46.1237194 ], [ -112.6529688, 46.1268801 ], [ -112.6529684, 46.1277975 ], [ -112.6529642, 46.1304989 ], [ -112.6529631, 46.131875 ], [ -112.6529548, 46.1356758 ], [ -112.6563373, 46.1356753 ], [ -112.6576801, 46.1356752 ], [ -112.6615412, 46.1356744 ], [ -112.6628842, 46.1356743 ], [ -112.6667472, 46.1356726 ], [ -112.6680902, 46.135672 ], [ -112.6719532, 46.1356703 ], [ -112.6732962, 46.1356727 ], [ -112.6732964, 46.1341702 ], [ -112.6732967, 46.1332644 ], [ -112.673297, 46.1323587 ], [ -112.6732976, 46.1305472 ], [ -112.6732988, 46.1269242 ], [ -112.6733012, 46.1232969 ], [ -112.6733036, 46.1196696 ], [ -112.6681106, 46.1196598 ], [ -112.6629176, 46.1196501 ] ] ] ] } },
{ "type": "Feature", "properties": { "PLSSID": "MT200020N0080W0", "FRSTDIVID": "MT200020N0080W0SN130", "FRSTDIVTYP": "SN", "FRSTDIVTXT": "Section", "FRSTDIVNO": "13", "FRSTDIVDUP": "0", "FRSTDIVLAB": "13", "SURVTYP": null, "SURVTYPTXT": null, "SOURCEDATE": null, "SOURCEREF": null, "RECRDAREAT": null, "RECRDAREAN": 0.0, "GISACRE": 653.41164902900005, "SHAPE_Leng": 6504.5380990900003, "SHAPE_Area": 2644263.1283399998 }, "geometry": { "type": "MultiPolygon", "coordinates": [ [ [ [ -112.528595, 45.9201409 ], [ -112.5285839, 45.9237983 ], [ -112.5285727, 45.9274556 ], [ -112.5285616, 45.931113 ], [ -112.5338144, 45.931137 ], [ -112.5390671, 45.931161 ], [ -112.5443199, 45.931185 ], [ -112.5495726, 45.931209 ], [ -112.5495622, 45.9275467 ], [ -112.5495519, 45.9238844 ], [ -112.5495415, 45.9202222 ], [ -112.5495311, 45.9165599 ], [ -112.5442999, 45.9165408 ], [ -112.5390686, 45.9165217 ], [ -112.5338374, 45.9165026 ], [ -112.5286061, 45.9164835 ], [ -112.528595, 45.9201409 ] ] ] ] } },
{ "type": "Feature", "properties": { "PLSSID": "MT200040N0080W0", "FRSTDIVID": "MT200040N0080W0SN130", "FRSTDIVTYP": "SN", "FRSTDIVTXT": "Section", "FRSTDIVNO": "13", "FRSTDIVDUP": "0", "FRSTDIVLAB": "13", "SURVTYP": null, "SURVTYPTXT": null, "SOURCEDATE": null, "SOURCEREF": null, "RECRDAREAT": null, "RECRDAREAN": 0.0, "GISACRE": 633.34007320600006, "SHAPE_Leng": 6407.1474988299997, "SHAPE_Area": 2563036.3428199999 }, "geometry": { "type": "MultiPolygon", "coordinates": [ [ [ [ -112.549214, 46.0944628 ], [ -112.5492565, 46.0908645 ], [ -112.5440872, 46.0908508 ], [ -112.5389179, 46.0908371 ], [ -112.5337485, 46.0908235 ], [ -112.5285792, 46.0908098 ], [ -112.5285786, 46.0909437 ], [ -112.5285523, 46.0944777 ], [ -112.5285516, 46.0945754 ], [ -112.5285251, 46.0981456 ], [ -112.5285248, 46.0982071 ], [ -112.528459, 46.1017249 ], [ -112.5284568, 46.1018389 ], [ -112.528392, 46.1053042 ], [ -112.5335656, 46.1052926 ], [ -112.5387392, 46.105281 ], [ -112.5439128, 46.1052694 ], [ -112.5490864, 46.1052578 ], [ -112.5491289, 46.1016594 ], [ -112.5491715, 46.0980611 ], [ -112.549214, 46.0944628 ] ] ] ] } },
{ "type": "Feature", "properties": { "PLSSID": "MT200030N0080W0", "FRSTDIVID": "MT200030N0080W0SN060", "FRSTDIVTYP": "SN", "FRSTDIVTXT": "Section", "FRSTDIVNO": "06", "FRSTDIVDUP": "0", "FRSTDIVLAB": "06", "SURVTYP": null, "SURVTYPTXT": null, "SOURCEDATE": null, "SOURCEREF": null, "RECRDAREAT": null, "RECRDAREAN": 0.0, "GISACRE": 613.36188849799998, "SHAPE_Leng": 6300.1320420499997, "SHAPE_Area": 2482187.4977199999 }, "geometry": { "type": "MultiPolygon", "coordinates": [ [ [ [ -112.6525992, 46.0401236 ], [ -112.6526253, 46.0364573 ], [ -112.6526514, 46.032791 ], [ -112.6485324, 46.0328242 ], [ -112.6433134, 46.0328721 ], [ -112.6380706, 46.0329483 ], [ -112.6328278, 46.0330244 ], [ -112.632794, 46.0366593 ], [ -112.6327602, 46.0402942 ], [ -112.6327358, 46.043921 ], [ -112.6327126, 46.0474296 ], [ -112.6379212, 46.0474429 ], [ -112.6431299, 46.0474562 ], [ -112.6483327, 46.0474607 ], [ -112.6525518, 46.0474684 ], [ -112.6525752, 46.0437933 ], [ -112.6525992, 46.0401236 ] ] ] ] } },
{ "type": "Feature", "properties": { "PLSSID": "MT200040N0070W0", "FRSTDIVID": "MT200040N0070W0SN040", "FRSTDIVTYP": "SN", "FRSTDIVTXT": "Section", "FRSTDIVNO": "04", "FRSTDIVDUP": "0", "FRSTDIVLAB": "04", "SURVTYP": null, "SURVTYPTXT": null, "SOURCEDATE": null, "SOURCEREF": null, "RECRDAREAT": null, "RECRDAREAN": 0.0, "GISACRE": 692.35085823300005, "SHAPE_Leng": 6702.8406351499998, "SHAPE_Area": 2801844.51719 }, "geometry": { "type": "MultiPolygon", "coordinates": [ [ [ [ -112.4837965, 46.1356437 ], [ -112.4872397, 46.1356485 ], [ -112.48724, 46.1308283 ], [ -112.4872405, 46.1272096 ], [ -112.48724, 46.1235908 ], [ -112.4872396, 46.1199719 ], [ -112.482036, 46.1199616 ], [ -112.4768325, 46.1199514 ], [ -112.4716289, 46.1199411 ], [ -112.4664253, 46.1199308 ], [ -112.4664287, 46.1235425 ], [ -112.4664321, 46.1271541 ], [ -112.4664323, 46.1307691 ], [ -112.4664316, 46.1325774 ], [ -112.466431, 46.1334818 ], [ -112.4664304, 46.1343861 ], [ -112.4664298, 46.1356449 ], [ -112.4681672, 46.1356424 ], [ -112.4681859, 46.1356423 ], [ -112.4690322, 46.1356407 ], [ -112.4716331, 46.1356357 ], [ -112.4733828, 46.1356324 ], [ -112.4742355, 46.1356336 ], [ -112.4768365, 46.1356372 ], [ -112.4785897, 46.1356388 ], [ -112.4820381, 46.1356421 ], [ -112.4837965, 46.1356437 ] ] ] ] } },
{ "type": "Feature", "properties": { "PLSSID": "MT200030N0080W0", "FRSTDIVID": "MT200030N0080W0SN150", "FRSTDIVTYP": "SN", "FRSTDIVTXT": "Section", "FRSTDIVNO": "15", "FRSTDIVDUP": "0", "FRSTDIVLAB": "15", "SURVTYP": null, "SURVTYPTXT": null, "SOURCEDATE": null, "SOURCEREF": null, "RECRDAREAT": null, "RECRDAREAN": 0.0, "GISACRE": 648.85404717300003, "SHAPE_Leng": 6508.3030096800003, "SHAPE_Area": 2625819.168 }, "geometry": { "type": "MultiPolygon", "coordinates": [ [ [ [ -112.5703114, 46.0044235 ], [ -112.5703155, 46.0055302 ], [ -112.570318, 46.0062043 ], [ -112.5703234, 46.0076892 ], [ -112.5703235, 46.0077078 ], [ -112.5703243, 46.0079202 ], [ -112.570326, 46.0083945 ], [ -112.5703293, 46.0092792 ], [ -112.5703299, 46.0094452 ], [ -112.5703311, 46.0097704 ], [ -112.5703321, 46.0100355 ], [ -112.570334, 46.0105532 ], [ -112.5703352, 46.0108706 ], [ -112.5703368, 46.0113217 ], [ -112.5703381, 46.0116518 ], [ -112.5703396, 46.0120769 ], [ -112.5703413, 46.0125264 ], [ -112.5703438, 46.0132054 ], [ -112.5703441, 46.0132768 ], [ -112.5703498, 46.0148477 ], [ -112.5703502, 46.0149541 ], [ -112.5703539, 46.0159598 ], [ -112.5703598, 46.0175312 ], [ -112.57036, 46.0176083 ], [ -112.5703636, 46.0185866 ], [ -112.5749541, 46.0185655 ], [ -112.5755761, 46.0185626 ], [ -112.5756267, 46.0185624 ], [ -112.5791036, 46.0185464 ], [ -112.5808897, 46.0185382 ], [ -112.5811027, 46.0185373 ], [ -112.5814734, 46.0185358 ], [ -112.5839921, 46.0185259 ], [ -112.5851733, 46.0185212 ], [ -112.5858303, 46.0185186 ], [ -112.5861347, 46.0185174 ], [ -112.5909951, 46.0184981 ], [ -112.5913796, 46.0184966 ], [ -112.5913681, 46.0172955 ], [ -112.5913576, 46.0162047 ], [ -112.5913565, 46.0160937 ], [ -112.5913498, 46.0153946 ], [ -112.5913446, 46.0148564 ], [ -112.5913402, 46.0144024 ], [ -112.5913346, 46.0138207 ], [ -112.59132, 46.0123017 ], [ -112.591317, 46.011991 ], [ -112.5913096, 46.0112163 ], [ -112.5913017, 46.0104014 ], [ -112.5912923, 46.0094173 ], [ -112.5912914, 46.0093298 ], [ -112.5912789, 46.0080297 ], [ -112.5912746, 46.0075761 ], [ -112.5912739, 46.0075088 ], [ -112.5912608, 46.0061447 ], [ -112.5912606, 46.0061179 ], [ -112.591247, 46.00471 ], [ -112.591245, 46.0045031 ], [ -112.5912396, 46.003936 ], [ -112.5900906, 46.0039426 ], [ -112.587718, 46.0039563 ], [ -112.5860073, 46.0039662 ], [ -112.5842312, 46.0039764 ], [ -112.5828264, 46.0039845 ], [ -112.5818187, 46.0039903 ], [ -112.5818093, 46.0039904 ], [ -112.5807749, 46.0039964 ], [ -112.5803083, 46.0039991 ], [ -112.575942, 46.0040243 ], [ -112.5755425, 46.0040266 ], [ -112.5755418, 46.0038359 ], [ -112.5732959, 46.0039811 ], [ -112.5733051, 46.0040395 ], [ -112.5731349, 46.0040405 ], [ -112.5723032, 46.0040453 ], [ -112.571518, 46.0040498 ], [ -112.5712976, 46.0040511 ], [ -112.57031, 46.0040568 ], [ -112.5703114, 46.0044235 ] ] ] ] } },
{ "type": "Feature", "properties": { "PLSSID": "MT200020N0090W0", "FRSTDIVID": "MT200020N0090W0SN140", "FRSTDIVTYP": "SN", "FRSTDIVTXT": "Section", "FRSTDIVNO": "14", "FRSTDIVDUP": "0", "FRSTDIVLAB": "14", "SURVTYP": null, "SURVTYPTXT": null, "SOURCEDATE": null, "SOURCEREF": null, "RECRDAREAT": null, "RECRDAREAN": 0.0, "GISACRE": 656.58653684900003, "SHAPE_Leng": 6520.9494976899996, "SHAPE_Area": 2657111.4435100001 }, "geometry": { "type": "MultiPolygon", "coordinates": [ [ [ [ -112.6720271, 45.9184096 ], [ -112.6720213, 45.9220625 ], [ -112.6720156, 45.9257155 ], [ -112.6720098, 45.9293685 ], [ -112.6772597, 45.9294653 ], [ -112.6825096, 45.9295621 ], [ -112.6877595, 45.9296589 ], [ -112.6930094, 45.9297557 ], [ -112.6930306, 45.9260759 ], [ -112.6930518, 45.9223961 ], [ -112.693073, 45.9187163 ], [ -112.6930942, 45.9150365 ], [ -112.6878289, 45.9149666 ], [ -112.6825635, 45.9148966 ], [ -112.6772982, 45.9148266 ], [ -112.6720329, 45.9147567 ], [ -112.6720271, 45.9184096 ] ] ] ] } },
{ "type": "Feature", "properties": { "PLSSID": "MT200020N0080W0", "FRSTDIVID": "MT200020N0080W0SN160", "FRSTDIVTYP": "SN", "FRSTDIVTXT": "Section", "FRSTDIVNO": "16", "FRSTDIVDUP": "0", "FRSTDIVLAB": "16", "SURVTYP": null, "SURVTYPTXT": null, "SOURCEDATE": null, "SOURCEREF": null, "RECRDAREAT": null, "RECRDAREAN": 0.0, "GISACRE": 647.10638413300001, "SHAPE_Leng": 6473.0577422799997, "SHAPE_Area": 2618746.6266100002 }, "geometry": { "type": "MultiPolygon", "coordinates": [ [ [ [ -112.5912088, 45.9204048 ], [ -112.5912214, 45.9240557 ], [ -112.5912341, 45.9277066 ], [ -112.5912468, 45.9313575 ], [ -112.5964577, 45.9313607 ], [ -112.6016687, 45.9313639 ], [ -112.6068797, 45.9313671 ], [ -112.6120906, 45.9313702 ], [ -112.6120809, 45.9277309 ], [ -112.6120712, 45.9240916 ], [ -112.6120614, 45.9204523 ], [ -112.6120517, 45.9168129 ], [ -112.6068378, 45.9167982 ], [ -112.6016239, 45.9167834 ], [ -112.59641, 45.9167687 ], [ -112.5911961, 45.9167539 ], [ -112.5912088, 45.9204048 ] ] ] ] } },
{ "type": "Feature", "properties": { "PLSSID": "MT200040N0080W0", "FRSTDIVID": "MT200040N0080W0SN360", "FRSTDIVTYP": "SN", "FRSTDIVTXT": "Section", "FRSTDIVNO": "36", "FRSTDIVDUP": "0", "FRSTDIVLAB": "36", "SURVTYP": null, "SURVTYPTXT": null, "SOURCEDATE": null, "SOURCEREF": null, "RECRDAREAT": null, "RECRDAREAN": 0.0, "GISACRE": 637.43506057499997, "SHAPE_Leng": 6433.3786839799996, "SHAPE_Area": 2579608.1687500002 }, "geometry": { "type": "MultiPolygon", "coordinates": [ [ [ [ -112.5345987, 46.0475642 ], [ -112.5338989, 46.0475641 ], [ -112.5325517, 46.0475638 ], [ -112.5297312, 46.047563 ], [ -112.5297234, 46.047563 ], [ -112.5286787, 46.0475625 ], [ -112.5286835, 46.0479608 ], [ -112.5286901, 46.0485222 ], [ -112.5287004, 46.0494404 ], [ -112.5287082, 46.0501193 ], [ -112.5287106, 46.0503148 ], [ -112.5287188, 46.0511569 ], [ -112.528719, 46.0511813 ], [ -112.5287246, 46.0517593 ], [ -112.5287341, 46.0526553 ], [ -112.5287383, 46.0530064 ], [ -112.5287511, 46.054308 ], [ -112.5287524, 46.0544093 ], [ -112.5287564, 46.0547513 ], [ -112.5287562, 46.0548002 ], [ -112.5287507, 46.0558029 ], [ -112.5287495, 46.0560634 ], [ -112.5287416, 46.0574008 ], [ -112.528741, 46.0575402 ], [ -112.5287364, 46.0583254 ], [ -112.5287359, 46.0584177 ], [ -112.5287328, 46.0589537 ], [ -112.5287321, 46.0591056 ], [ -112.5287241, 46.0605225 ], [ -112.5287169, 46.0618995 ], [ -112.5315738, 46.0619164 ], [ -112.5339113, 46.0619303 ], [ -112.5391058, 46.0619612 ], [ -112.5400688, 46.0619669 ], [ -112.5443002, 46.061992 ], [ -112.5459752, 46.062002 ], [ -112.5494947, 46.0620229 ], [ -112.5495063, 46.0605239 ], [ -112.549519, 46.0588745 ], [ -112.5495228, 46.0583901 ], [ -112.5495238, 46.0582539 ], [ -112.5495263, 46.0579402 ], [ -112.5495266, 46.0579045 ], [ -112.5495304, 46.057407 ], [ -112.5495394, 46.0562468 ], [ -112.5495394, 46.0562433 ], [ -112.5495498, 46.0549085 ], [ -112.549551, 46.0547574 ], [ -112.5495625, 46.0532644 ], [ -112.549563, 46.0532016 ], [ -112.5495756, 46.0515759 ], [ -112.5495791, 46.0511247 ], [ -112.5495847, 46.0504004 ], [ -112.5495865, 46.0501733 ], [ -112.5495949, 46.0490903 ], [ -112.5495954, 46.0490284 ], [ -112.5496043, 46.0478705 ], [ -112.5496058, 46.0476768 ], [ -112.5496073, 46.047492 ], [ -112.5467241, 46.0475118 ], [ -112.5443631, 46.0475282 ], [ -112.5442116, 46.0475293 ], [ -112.5413304, 46.0475492 ], [ -112.5400337, 46.0475584 ], [ -112.539119, 46.0475648 ], [ -112.5355894, 46.0475643 ], [ -112.5345987, 46.0475642 ] ] ] ] } },
{ "type": "Feature", "properties": { "PLSSID": "MT200030N0090W0", "FRSTDIVID": "MT200030N0090W0SN140", "FRSTDIVTYP": "SN", "FRSTDIVTXT": "Section", "FRSTDIVNO": "14", "FRSTDIVDUP": "0", "FRSTDIVLAB": "14", "SURVTYP": null, "SURVTYPTXT": null, "SOURCEDATE": null, "SOURCEREF": null, "RECRDAREAT": null, "RECRDAREAN": 0.0, "GISACRE": 659.95099353499995, "SHAPE_Leng": 6537.06259331, "SHAPE_Area": 2670726.9166600001 }, "geometry": { "type": "MultiPolygon", "coordinates": [ [ [ [ -112.6741942, 46.019238 ], [ -112.6795085, 46.0192304 ], [ -112.6848228, 46.0192228 ], [ -112.6901372, 46.0192151 ], [ -112.6954488, 46.0192097 ], [ -112.6954224, 46.0155532 ], [ -112.6953934, 46.011899 ], [ -112.6953644, 46.0082448 ], [ -112.6953354, 46.0045906 ], [ -112.6900718, 46.0045675 ], [ -112.6848083, 46.0045443 ], [ -112.6795447, 46.0045212 ], [ -112.676913, 46.0045096 ], [ -112.6742812, 46.0044981 ], [ -112.6742703, 46.0063406 ], [ -112.6742595, 46.0081831 ], [ -112.6742377, 46.0118681 ], [ -112.6742159, 46.015553 ], [ -112.6741942, 46.019238 ] ] ] ] } },
{ "type": "Feature", "properties": { "PLSSID": "MT200040N0090W0", "FRSTDIVID": "MT200040N0090W0SN360", "FRSTDIVTYP": "SN", "FRSTDIVTXT": "Section", "FRSTDIVNO": "36", "FRSTDIVDUP": "0", "FRSTDIVLAB": "36", "SURVTYP": null, "SURVTYPTXT": null, "SOURCEDATE": null, "SOURCEREF": null, "RECRDAREAT": null, "RECRDAREAN": 0.0, "GISACRE": 632.83169291900003, "SHAPE_Leng": 6401.1466903600003, "SHAPE_Area": 2560979.00079 }, "geometry": { "type": "MultiPolygon", "coordinates": [ [ [ [ -112.6525577, 46.0510573 ], [ -112.6525643, 46.0546516 ], [ -112.6525708, 46.0582459 ], [ -112.6525773, 46.0618403 ], [ -112.6576919, 46.0618414 ], [ -112.6628896, 46.0618426 ], [ -112.6680869, 46.0618471 ], [ -112.6732842, 46.0618517 ], [ -112.6732754, 46.0582473 ], [ -112.6732666, 46.0546429 ], [ -112.6732578, 46.0510386 ], [ -112.673249, 46.0474342 ], [ -112.6680599, 46.0474415 ], [ -112.6628707, 46.0474488 ], [ -112.657711, 46.0474559 ], [ -112.6525518, 46.0474684 ], [ -112.6525577, 46.0510573 ] ] ] ] } },
{ "type": "Feature", "properties": { "PLSSID": "MT200040N0090W0", "FRSTDIVID": "MT200040N0090W0SN350", "FRSTDIVTYP": "SN", "FRSTDIVTXT": "Section", "FRSTDIVNO": "35", "FRSTDIVDUP": "0", "FRSTDIVLAB": "35", "SURVTYP": null, "SURVTYPTXT": null, "SOURCEDATE": null, "SOURCEREF": null, "RECRDAREAT": null, "RECRDAREAN": 0.0, "GISACRE": 636.61209056799999, "SHAPE_Leng": 6420.3235556899999, "SHAPE_Area": 2576277.7272899998 }, "geometry": { "type": "MultiPolygon", "coordinates": [ [ [ [ -112.6732578, 46.0510386 ], [ -112.6732666, 46.0546429 ], [ -112.6732754, 46.0582473 ], [ -112.6732842, 46.0618517 ], [ -112.6784763, 46.0618533 ], [ -112.6836684, 46.0618549 ], [ -112.6888605, 46.0618566 ], [ -112.6940526, 46.0618582 ], [ -112.6940416, 46.0582437 ], [ -112.6940306, 46.0546291 ], [ -112.6940196, 46.0510146 ], [ -112.6940086, 46.0474001 ], [ -112.6888187, 46.0474086 ], [ -112.6836288, 46.0474171 ], [ -112.6784389, 46.0474257 ], [ -112.673249, 46.0474342 ], [ -112.6732578, 46.0510386 ] ] ] ] } },
{ "type": "Feature", "properties": { "PLSSID": "MT200040N0070W0", "FRSTDIVID": "MT200040N0070W0SN190", "FRSTDIVTYP": "SN", "FRSTDIVTXT": "Section", "FRSTDIVNO": "19", "FRSTDIVDUP": "0", "FRSTDIVLAB": "19", "SURVTYP": null, "SURVTYPTXT": null, "SOURCEDATE": null, "SOURCEREF": null, "RECRDAREAT": null, "RECRDAREAN": 0.0, "GISACRE": 630.63915505099999, "SHAPE_Leng": 6389.18356219, "SHAPE_Area": 2552106.1148399999 }, "geometry": { "type": "MultiPolygon", "coordinates": [ [ [ [ -112.5080338, 46.0776422 ], [ -112.5080327, 46.0787376 ], [ -112.5080314, 46.080035 ], [ -112.5080312, 46.0801675 ], [ -112.5080306, 46.0808002 ], [ -112.5080301, 46.0837845 ], [ -112.5080331, 46.0872477 ], [ -112.5080332, 46.0873952 ], [ -112.5080351, 46.0895513 ], [ -112.5080355, 46.0900519 ], [ -112.5080356, 46.0901583 ], [ -112.5080362, 46.0908422 ], [ -112.5080363, 46.0910059 ], [ -112.5091538, 46.091002 ], [ -112.5095499, 46.0910007 ], [ -112.5132351, 46.0909879 ], [ -112.5150251, 46.0909817 ], [ -112.5152923, 46.0909808 ], [ -112.5184338, 46.0909699 ], [ -112.5211847, 46.0909633 ], [ -112.523635, 46.0909574 ], [ -112.5285786, 46.0909437 ], [ -112.5285792, 46.0908098 ], [ -112.5285898, 46.0873324 ], [ -112.5285903, 46.0871759 ], [ -112.5286008, 46.0837211 ], [ -112.5286008, 46.083542 ], [ -112.528601, 46.082811 ], [ -112.5286011, 46.0823225 ], [ -112.528603, 46.0801386 ], [ -112.5286031, 46.0801105 ], [ -112.5286032, 46.0799477 ], [ -112.5286051, 46.0779058 ], [ -112.5286059, 46.0764999 ], [ -112.5277153, 46.0765018 ], [ -112.5236494, 46.0765108 ], [ -112.519559, 46.0765196 ], [ -112.5184488, 46.0765219 ], [ -112.5172528, 46.0765243 ], [ -112.5160262, 46.0765278 ], [ -112.5143923, 46.0765324 ], [ -112.5132418, 46.0765357 ], [ -112.5117246, 46.0765399 ], [ -112.5105732, 46.0765432 ], [ -112.5080349, 46.0765504 ], [ -112.5080338, 46.0776422 ] ] ] ] } },
{ "type": "Feature", "properties": { "PLSSID": "MT200030N0090W0", "FRSTDIVID": "MT200030N0090W0SN030", "FRSTDIVTYP": "SN", "FRSTDIVTXT": "Section", "FRSTDIVNO": "03", "FRSTDIVDUP": "0", "FRSTDIVLAB": "03", "SURVTYP": null, "SURVTYPTXT": null, "SOURCEDATE": null, "SOURCEREF": null, "RECRDAREAT": null, "RECRDAREAN": 0.0, "GISACRE": 624.84484072700002, "SHAPE_Leng": 6369.4492010100003, "SHAPE_Area": 2528657.3567 }, "geometry": { "type": "MultiPolygon", "coordinates": [ [ [ [ -112.7161258, 46.0336485 ], [ -112.7109754, 46.0336539 ], [ -112.7096636, 46.0336543 ], [ -112.7058246, 46.0336573 ], [ -112.7044687, 46.0336577 ], [ -112.7006739, 46.0336607 ], [ -112.6992738, 46.0336611 ], [ -112.6955231, 46.033664 ], [ -112.694079, 46.0336642 ], [ -112.6940599, 46.0365493 ], [ -112.6940376, 46.0401668 ], [ -112.6940231, 46.0437834 ], [ -112.6940086, 46.0474001 ], [ -112.6992136, 46.0473902 ], [ -112.7044186, 46.0473804 ], [ -112.7096236, 46.0473705 ], [ -112.7148286, 46.0473606 ], [ -112.715095, 46.0445466 ], [ -112.7151714, 46.0437366 ], [ -112.7154385, 46.0409147 ], [ -112.7155141, 46.0401126 ], [ -112.7157822, 46.0372816 ], [ -112.7158569, 46.0364886 ], [ -112.7161258, 46.0336485 ] ] ] ] } },
{ "type": "Feature", "properties": { "PLSSID": "MT200040N0080W0", "FRSTDIVID": "MT200040N0080W0SN200", "FRSTDIVTYP": "SN", "FRSTDIVTXT": "Section", "FRSTDIVNO": "20", "FRSTDIVDUP": "0", "FRSTDIVLAB": "20", "SURVTYP": null, "SURVTYPTXT": null, "SOURCEDATE": null, "SOURCEREF": null, "RECRDAREAT": null, "RECRDAREAN": 0.0, "GISACRE": 640.52190429300003, "SHAPE_Leng": 6440.0392002799999, "SHAPE_Area": 2592100.1820800002 }, "geometry": { "type": "MultiPolygon", "coordinates": [ [ [ [ -112.6274102, 46.076261 ], [ -112.6222255, 46.0762633 ], [ -112.6170408, 46.0762657 ], [ -112.6118561, 46.076268 ], [ -112.6118256, 46.079895 ], [ -112.6117952, 46.0835219 ], [ -112.6117648, 46.0871489 ], [ -112.6117343, 46.0907758 ], [ -112.6169448, 46.0907775 ], [ -112.6221552, 46.0907793 ], [ -112.6273656, 46.090781 ], [ -112.632576, 46.0907827 ], [ -112.6325807, 46.0871517 ], [ -112.6325855, 46.0835207 ], [ -112.6325902, 46.0798897 ], [ -112.6325949, 46.0762587 ], [ -112.6274102, 46.076261 ] ] ] ] } },
{ "type": "Feature", "properties": { "PLSSID": "MT200040N0080W0", "FRSTDIVID": "MT200040N0080W0SN070", "FRSTDIVTYP": "SN", "FRSTDIVTXT": "Section", "FRSTDIVNO": "07", "FRSTDIVDUP": "0", "FRSTDIVLAB": "07", "SURVTYP": null, "SURVTYPTXT": null, "SOURCEDATE": null, "SOURCEREF": null, "RECRDAREAT": null, "RECRDAREAN": 0.0, "GISACRE": 619.02349969299996, "SHAPE_Leng": 6313.6991657500002, "SHAPE_Area": 2505099.22535 }, "geometry": { "type": "MultiPolygon", "coordinates": [ [ [ [ -112.6323744, 46.1088882 ], [ -112.63233, 46.1124887 ], [ -112.6322854, 46.1160891 ], [ -112.632241, 46.1196895 ], [ -112.637408, 46.1196836 ], [ -112.642575, 46.1196777 ], [ -112.6477599, 46.1196595 ], [ -112.652999, 46.1196413 ], [ -112.6528361, 46.1160676 ], [ -112.6526731, 46.112494 ], [ -112.6522347, 46.1088258 ], [ -112.6517963, 46.1051576 ], [ -112.6479619, 46.1051899 ], [ -112.6427728, 46.1052306 ], [ -112.6375959, 46.1052592 ], [ -112.632419, 46.1052878 ], [ -112.6323744, 46.1088882 ] ] ] ] } },
{ "type": "Feature", "properties": { "PLSSID": "MT200030N0070W0", "FRSTDIVID": "MT200030N0070W0SN230", "FRSTDIVTYP": "SN", "FRSTDIVTXT": "Section", "FRSTDIVNO": "23", "FRSTDIVDUP": "0", "FRSTDIVLAB": "23", "SURVTYP": null, "SURVTYPTXT": null, "SOURCEDATE": null, "SOURCEREF": null, "RECRDAREAT": null, "RECRDAREAN": 0.0, "GISACRE": 633.46452597500002, "SHAPE_Leng": 6402.7911030799996, "SHAPE_Area": 2563539.9852999998 }, "geometry": { "type": "MultiPolygon", "coordinates": [ [ [ [ -112.424673, 45.9907814 ], [ -112.4246877, 45.9925017 ], [ -112.4246912, 45.9929194 ], [ -112.4246932, 45.9931499 ], [ -112.4247059, 45.9946422 ], [ -112.4247216, 45.9963296 ], [ -112.424726, 45.9967874 ], [ -112.4247366, 45.9981594 ], [ -112.4247459, 45.9993215 ], [ -112.4247571, 46.0003299 ], [ -112.4247962, 46.0038724 ], [ -112.4299628, 46.0038858 ], [ -112.4321618, 46.0038914 ], [ -112.4337023, 46.0038939 ], [ -112.43383, 46.003894 ], [ -112.4351294, 46.0038944 ], [ -112.4379917, 46.0038979 ], [ -112.4403371, 46.0039007 ], [ -112.443903, 46.003905 ], [ -112.4439043, 46.003905 ], [ -112.4453351, 46.0039067 ], [ -112.4453363, 46.0039064 ], [ -112.445544, 46.003841 ], [ -112.4455283, 46.0025359 ], [ -112.4455187, 46.0017406 ], [ -112.4455165, 46.0015562 ], [ -112.4455137, 46.0013251 ], [ -112.4455014, 46.0003053 ], [ -112.4454917, 45.999497 ], [ -112.4454705, 45.9977415 ], [ -112.4454662, 45.9973851 ], [ -112.445458, 45.9967036 ], [ -112.4454492, 45.9958653 ], [ -112.4454339, 45.9944146 ], [ -112.44542, 45.9930955 ], [ -112.4454068, 45.9918489 ], [ -112.4453902, 45.9900195 ], [ -112.4453847, 45.9894874 ], [ -112.4442581, 45.9894934 ], [ -112.4428039, 45.9895016 ], [ -112.4402094, 45.9895156 ], [ -112.4388487, 45.9895229 ], [ -112.4370013, 45.9895326 ], [ -112.4350342, 45.9895427 ], [ -112.4344945, 45.9895412 ], [ -112.431195, 45.989532 ], [ -112.4298493, 45.9895282 ], [ -112.4283217, 45.9895238 ], [ -112.4246644, 45.9895124 ], [ -112.424673, 45.9907814 ] ] ] ] } },
{ "type": "Feature", "properties": { "PLSSID": "MT200030N0080W0", "FRSTDIVID": "MT200030N0080W0SN330", "FRSTDIVTYP": "SN", "FRSTDIVTXT": "Section", "FRSTDIVNO": "33", "FRSTDIVDUP": "0", "FRSTDIVLAB": "33", "SURVTYP": null, "SURVTYPTXT": null, "SOURCEDATE": null, "SOURCEREF": null, "RECRDAREAT": null, "RECRDAREAN": 0.0, "GISACRE": 632.90321081399998, "SHAPE_Leng": 6397.0932192299997, "SHAPE_Area": 2561268.42344 }, "geometry": { "type": "MultiPolygon", "coordinates": [ [ [ [ -112.6015645, 45.960501 ], [ -112.5964362, 45.9604921 ], [ -112.5963817, 45.960492 ], [ -112.5911988, 45.9604831 ], [ -112.5911921, 45.964092 ], [ -112.5911853, 45.967701 ], [ -112.5911786, 45.971222 ], [ -112.5911785, 45.9713099 ], [ -112.5911755, 45.9728849 ], [ -112.5911717, 45.9749189 ], [ -112.596337, 45.9749172 ], [ -112.6015023, 45.9749156 ], [ -112.6066674, 45.9748717 ], [ -112.6118324, 45.9748278 ], [ -112.6118454, 45.9712445 ], [ -112.6118583, 45.9676612 ], [ -112.6118718, 45.9640898 ], [ -112.6118771, 45.9627009 ], [ -112.6118836, 45.9610545 ], [ -112.6118861, 45.9605185 ], [ -112.6069095, 45.9605099 ], [ -112.6067253, 45.9605096 ], [ -112.6016735, 45.960501 ], [ -112.6015645, 45.960501 ] ] ] ] } },
{ "type": "Feature", "properties": { "PLSSID": "MT200020N0080W0", "FRSTDIVID": "MT200020N0080W0SN120", "FRSTDIVTYP": "SN", "FRSTDIVTXT": "Section", "FRSTDIVNO": "12", "FRSTDIVDUP": "0", "FRSTDIVLAB": "12", "SURVTYP": null, "SURVTYPTXT": null, "SOURCEDATE": null, "SOURCEREF": null, "RECRDAREAT": null, "RECRDAREAN": 0.0, "GISACRE": 658.87748359199998, "SHAPE_Leng": 6531.7033744199998, "SHAPE_Area": 2666382.5760499998 }, "geometry": { "type": "MultiPolygon", "coordinates": [ [ [ [ -112.5285651, 45.9348021 ], [ -112.5285686, 45.9384912 ], [ -112.5285721, 45.9421803 ], [ -112.5285755, 45.9458694 ], [ -112.5338289, 45.9458826 ], [ -112.5390823, 45.9458957 ], [ -112.5443357, 45.9459088 ], [ -112.5495891, 45.945922 ], [ -112.549585, 45.9422437 ], [ -112.5495809, 45.9385655 ], [ -112.5495767, 45.9348872 ], [ -112.5495726, 45.931209 ], [ -112.5443199, 45.931185 ], [ -112.5390671, 45.931161 ], [ -112.5338144, 45.931137 ], [ -112.5285616, 45.931113 ], [ -112.5285651, 45.9348021 ] ] ] ] } },
{ "type": "Feature", "properties": { "PLSSID": "MT200030N0070W0", "FRSTDIVID": "MT200030N0070W0SN060", "FRSTDIVTYP": "SN", "FRSTDIVTXT": "Section", "FRSTDIVNO": "06", "FRSTDIVDUP": "0", "FRSTDIVLAB": "06", "SURVTYP": null, "SURVTYPTXT": null, "SOURCEDATE": null, "SOURCEREF": null, "RECRDAREAT": null, "RECRDAREAN": 0.0, "GISACRE": 627.59898434800004, "SHAPE_Leng": 6380.5258913199996, "SHAPE_Area": 2539802.9805000001 }, "geometry": { "type": "MultiPolygon", "coordinates": [ [ [ [ -112.5081659, 46.0346767 ], [ -112.5081662, 46.035139 ], [ -112.508167, 46.0366038 ], [ -112.5081672, 46.0369335 ], [ -112.5081677, 46.0378486 ], [ -112.508168, 46.0382982 ], [ -112.508168, 46.0383345 ], [ -112.5081683, 46.0388703 ], [ -112.5081688, 46.0397476 ], [ -112.5081688, 46.039802 ], [ -112.5081692, 46.0405521 ], [ -112.5081705, 46.0409508 ], [ -112.5081717, 46.0413292 ], [ -112.5081745, 46.042185 ], [ -112.5081747, 46.0422571 ], [ -112.5081771, 46.0429886 ], [ -112.5081798, 46.0438325 ], [ -112.5081809, 46.0441706 ], [ -112.5081814, 46.0443219 ], [ -112.5081825, 46.0446419 ], [ -112.5081866, 46.0458566 ], [ -112.5081869, 46.0459698 ], [ -112.5081921, 46.0475141 ], [ -112.5081922, 46.0475394 ], [ -112.5081923, 46.0475721 ], [ -112.5089352, 46.0475701 ], [ -112.5131347, 46.0475669 ], [ -112.513467, 46.0475667 ], [ -112.5147966, 46.0475639 ], [ -112.5172044, 46.0475578 ], [ -112.517472, 46.0475571 ], [ -112.5182408, 46.047555 ], [ -112.5183265, 46.0475548 ], [ -112.5186357, 46.047555 ], [ -112.5188929, 46.0475551 ], [ -112.5235015, 46.0475569 ], [ -112.5238379, 46.0475571 ], [ -112.5240302, 46.0475572 ], [ -112.5249028, 46.047558 ], [ -112.5256092, 46.0475585 ], [ -112.5286787, 46.0475625 ], [ -112.528681, 46.0473435 ], [ -112.5286953, 46.0460055 ], [ -112.5287014, 46.0454155 ], [ -112.5287174, 46.0439292 ], [ -112.5287189, 46.0437754 ], [ -112.5287271, 46.0429845 ], [ -112.5287439, 46.0414064 ], [ -112.5287442, 46.0413774 ], [ -112.5287555, 46.0402971 ], [ -112.528755, 46.040165 ], [ -112.5287513, 46.039157 ], [ -112.5287483, 46.0383482 ], [ -112.5287478, 46.0381998 ], [ -112.5287439, 46.0370453 ], [ -112.5287429, 46.0367865 ], [ -112.5287425, 46.036678 ], [ -112.5287423, 46.0366074 ], [ -112.5287404, 46.0361207 ], [ -112.528738, 46.035462 ], [ -112.5287378, 46.0353932 ], [ -112.528737, 46.035187 ], [ -112.5287355, 46.0347708 ], [ -112.5287349, 46.0346278 ], [ -112.5287328, 46.0340451 ], [ -112.528732, 46.0338316 ], [ -112.5287314, 46.033676 ], [ -112.5287291, 46.0330589 ], [ -112.5285006, 46.0330618 ], [ -112.5272975, 46.0330772 ], [ -112.5238605, 46.0331212 ], [ -112.5225331, 46.0331382 ], [ -112.5222643, 46.0331416 ], [ -112.518624, 46.033188 ], [ -112.516819, 46.0332099 ], [ -112.516555, 46.0332131 ], [ -112.5140985, 46.0332429 ], [ -112.5139061, 46.0332452 ], [ -112.5133947, 46.0331784 ], [ -112.5133946, 46.0332514 ], [ -112.509472, 46.033299 ], [ -112.5092045, 46.0333022 ], [ -112.5081651, 46.0333148 ], [ -112.5081659, 46.0346767 ] ] ] ] } },
{ "type": "Feature", "properties": { "PLSSID": "MT200020N0070W0", "FRSTDIVID": "MT200020N0070W0SN040", "FRSTDIVTYP": "SN", "FRSTDIVTXT": "Section", "FRSTDIVNO": "04", "FRSTDIVDUP": "0", "FRSTDIVLAB": "04", "SURVTYP": null, "SURVTYPTXT": null, "SOURCEDATE": null, "SOURCEREF": null, "RECRDAREAT": null, "RECRDAREAN": 0.0, "GISACRE": 651.22800962600002, "SHAPE_Leng": 6491.8626335199997, "SHAPE_Area": 2635426.2532000002 }, "geometry": { "type": "MultiPolygon", "coordinates": [ [ [ [ -112.4713653, 45.9459003 ], [ -112.4661358, 45.9458927 ], [ -112.4661342, 45.9463669 ], [ -112.4661332, 45.9480132 ], [ -112.466133, 45.9490129 ], [ -112.4661329, 45.9495462 ], [ -112.4661328, 45.9498065 ], [ -112.4661307, 45.9507244 ], [ -112.4661299, 45.9523708 ], [ -112.4661297, 45.9524196 ], [ -112.4661288, 45.952635 ], [ -112.4661272, 45.9531998 ], [ -112.466126, 45.9535238 ], [ -112.4661243, 45.9544332 ], [ -112.4661273, 45.9562612 ], [ -112.4661257, 45.956859 ], [ -112.4661275, 45.9585213 ], [ -112.4661273, 45.9597821 ], [ -112.466126, 45.960516 ], [ -112.4680901, 45.9605192 ], [ -112.4704926, 45.9605235 ], [ -112.4713591, 45.9605251 ], [ -112.4765923, 45.9605344 ], [ -112.4818257, 45.9605371 ], [ -112.487059, 45.9605398 ], [ -112.4870627, 45.9568791 ], [ -112.4870664, 45.9532404 ], [ -112.4870602, 45.9495817 ], [ -112.487054, 45.9459231 ], [ -112.4818244, 45.9459155 ], [ -112.4765949, 45.9459079 ], [ -112.4713653, 45.9459003 ] ] ] ] } },
{ "type": "Feature", "properties": { "PLSSID": "MT200030N0080W0", "FRSTDIVID": "MT200030N0080W0SN170", "FRSTDIVTYP": "SN", "FRSTDIVTXT": "Section", "FRSTDIVNO": "17", "FRSTDIVDUP": "0", "FRSTDIVLAB": "17", "SURVTYP": null, "SURVTYPTXT": null, "SOURCEDATE": null, "SOURCEREF": null, "RECRDAREAT": null, "RECRDAREAN": 0.0, "GISACRE": 643.19589205600005, "SHAPE_Leng": 6446.8601173300003, "SHAPE_Area": 2602921.4266300001 }, "geometry": { "type": "MultiPolygon", "coordinates": [ [ [ [ -112.611892, 46.0076451 ], [ -112.6120508, 46.0112178 ], [ -112.6120753, 46.0148431 ], [ -112.6120998, 46.0184684 ], [ -112.6172855, 46.0185097 ], [ -112.6224713, 46.0185509 ], [ -112.627657, 46.0185922 ], [ -112.6328428, 46.0186334 ], [ -112.6328472, 46.0150149 ], [ -112.6328498, 46.0132057 ], [ -112.6328525, 46.0113969 ], [ -112.6328574, 46.0077765 ], [ -112.632861, 46.0041575 ], [ -112.6302636, 46.004125 ], [ -112.6276659, 46.0040913 ], [ -112.6224654, 46.004023 ], [ -112.6172547, 46.0039525 ], [ -112.612044, 46.003882 ], [ -112.611892, 46.0076451 ] ] ] ] } },
{ "type": "Feature", "properties": { "PLSSID": "MT200030N0070W0", "FRSTDIVID": "MT200030N0070W0SN050", "FRSTDIVTYP": "SN", "FRSTDIVTXT": "Section", "FRSTDIVNO": "05", "FRSTDIVDUP": "0", "FRSTDIVLAB": "05", "SURVTYP": null, "SURVTYPTXT": null, "SOURCEDATE": null, "SOURCEREF": null, "RECRDAREAT": null, "RECRDAREAN": 0.0, "GISACRE": 623.70210629099995, "SHAPE_Leng": 6366.2248357099998, "SHAPE_Area": 2524032.87451 }, "geometry": { "type": "MultiPolygon", "coordinates": [ [ [ [ -112.5049791, 46.0333586 ], [ -112.504796, 46.0333611 ], [ -112.5039144, 46.0333732 ], [ -112.5033219, 46.0333814 ], [ -112.5029496, 46.0333865 ], [ -112.4977341, 46.0334581 ], [ -112.4973781, 46.0334575 ], [ -112.4925733, 46.0334484 ], [ -112.4900113, 46.0334435 ], [ -112.4874125, 46.0334409 ], [ -112.4874269, 46.0364 ], [ -112.4874302, 46.0370618 ], [ -112.487432, 46.037433 ], [ -112.4874322, 46.037485 ], [ -112.4874373, 46.038525 ], [ -112.4874399, 46.0390517 ], [ -112.4874411, 46.0392943 ], [ -112.4874446, 46.0400209 ], [ -112.4874474, 46.0406826 ], [ -112.4874475, 46.040947 ], [ -112.4874481, 46.0425124 ], [ -112.4874485, 46.0436303 ], [ -112.4874503, 46.0440664 ], [ -112.4874513, 46.044292 ], [ -112.4874512, 46.0448947 ], [ -112.487451, 46.0453478 ], [ -112.487451, 46.045504 ], [ -112.4874506, 46.0469758 ], [ -112.4874505, 46.0475867 ], [ -112.4913249, 46.0475839 ], [ -112.4919614, 46.0475828 ], [ -112.4923602, 46.0475826 ], [ -112.4926329, 46.0475825 ], [ -112.4955084, 46.0475812 ], [ -112.4975504, 46.0475791 ], [ -112.4978154, 46.0475786 ], [ -112.4996704, 46.0475765 ], [ -112.5005824, 46.047575 ], [ -112.5027467, 46.047575 ], [ -112.5030039, 46.047575 ], [ -112.5047857, 46.047575 ], [ -112.5073816, 46.0475736 ], [ -112.5078831, 46.0475727 ], [ -112.5079429, 46.0475726 ], [ -112.5081923, 46.0475721 ], [ -112.5081922, 46.0475394 ], [ -112.5081921, 46.0475141 ], [ -112.5081869, 46.0459698 ], [ -112.5081866, 46.0458566 ], [ -112.5081825, 46.0446419 ], [ -112.5081814, 46.0443219 ], [ -112.5081809, 46.0441706 ], [ -112.5081798, 46.0438325 ], [ -112.5081771, 46.0429886 ], [ -112.5081747, 46.0422571 ], [ -112.5081745, 46.042185 ], [ -112.5081717, 46.0413292 ], [ -112.5081705, 46.0409508 ], [ -112.5081692, 46.0405521 ], [ -112.5081688, 46.039802 ], [ -112.5081688, 46.0397476 ], [ -112.5081683, 46.0388703 ], [ -112.508168, 46.0383345 ], [ -112.508168, 46.0382982 ], [ -112.5081677, 46.0378486 ], [ -112.5081672, 46.0369335 ], [ -112.508167, 46.0366038 ], [ -112.5081662, 46.035139 ], [ -112.5081659, 46.0346767 ], [ -112.5081651, 46.0333148 ], [ -112.506044, 46.033344 ], [ -112.5049791, 46.0333586 ] ] ] ] } },
{ "type": "Feature", "properties": { "PLSSID": "MT200030N0090W0", "FRSTDIVID": "MT200030N0090W0SN130", "FRSTDIVTYP": "SN", "FRSTDIVTXT": "Section", "FRSTDIVNO": "13", "FRSTDIVDUP": "0", "FRSTDIVLAB": "13", "SURVTYP": null, "SURVTYPTXT": null, "SOURCEDATE": null, "SOURCEREF": null, "RECRDAREAT": null, "RECRDAREAN": 0.0, "GISACRE": 670.29837455999996, "SHAPE_Leng": 6594.8279449800002, "SHAPE_Area": 2712601.2820100002 }, "geometry": { "type": "MultiPolygon", "coordinates": [ [ [ [ -112.663546, 46.0040243 ], [ -112.6608622, 46.0039058 ], [ -112.6581784, 46.0037874 ], [ -112.6554946, 46.0036689 ], [ -112.6528109, 46.0035505 ], [ -112.6528012, 46.0053796 ], [ -112.652798, 46.0059895 ], [ -112.6527902, 46.0072087 ], [ -112.6527876, 46.0076107 ], [ -112.6527798, 46.0089586 ], [ -112.6527706, 46.0104242 ], [ -112.6527682, 46.0108669 ], [ -112.6527609, 46.012003 ], [ -112.6527502, 46.0136292 ], [ -112.6527451, 46.014525 ], [ -112.6527427, 46.0149284 ], [ -112.6527253, 46.0181832 ], [ -112.6580925, 46.0184469 ], [ -112.6634597, 46.0187106 ], [ -112.668827, 46.0189743 ], [ -112.6741942, 46.019238 ], [ -112.6742159, 46.015553 ], [ -112.6742377, 46.0118681 ], [ -112.6742595, 46.0081831 ], [ -112.6742703, 46.0063406 ], [ -112.6742812, 46.0044981 ], [ -112.6715974, 46.0043796 ], [ -112.6689136, 46.0042612 ], [ -112.663546, 46.0040243 ] ] ] ] } },
{ "type": "Feature", "properties": { "PLSSID": "MT200040N0070W0", "FRSTDIVID": "MT200040N0070W0SN250", "FRSTDIVTYP": "SN", "FRSTDIVTXT": "Section", "FRSTDIVNO": "25", "FRSTDIVDUP": "0", "FRSTDIVLAB": "25", "SURVTYP": null, "SURVTYPTXT": null, "SOURCEDATE": null, "SOURCEREF": null, "RECRDAREAT": null, "RECRDAREAN": 0.0, "GISACRE": 669.53511334999996, "SHAPE_Leng": 6583.1629963200003, "SHAPE_Area": 2709512.4734800002 }, "geometry": { "type": "MultiPolygon", "coordinates": [ [ [ [ -112.4043746, 46.0656309 ], [ -112.4043747, 46.0656526 ], [ -112.4043848, 46.0692235 ], [ -112.4043848, 46.0692669 ], [ -112.4043907, 46.0728181 ], [ -112.4043918, 46.073485 ], [ -112.4043952, 46.0764127 ], [ -112.4043953, 46.077102 ], [ -112.4095695, 46.0770981 ], [ -112.4095922, 46.0770981 ], [ -112.4147436, 46.0770943 ], [ -112.4147891, 46.0770943 ], [ -112.4199634, 46.0770904 ], [ -112.4199862, 46.0770904 ], [ -112.4251833, 46.0770866 ], [ -112.4252747, 46.0734666 ], [ -112.425278, 46.0733335 ], [ -112.4253727, 46.0695805 ], [ -112.425377, 46.0693073 ], [ -112.4254046, 46.0674971 ], [ -112.4254285, 46.0659268 ], [ -112.4254321, 46.0656869 ], [ -112.4254842, 46.0622731 ], [ -112.4252061, 46.0622732 ], [ -112.425206, 46.0620669 ], [ -112.4199956, 46.0620597 ], [ -112.4199826, 46.0620597 ], [ -112.4147852, 46.0620526 ], [ -112.4095878, 46.0620455 ], [ -112.4095748, 46.0620455 ], [ -112.4043644, 46.0620383 ], [ -112.4043746, 46.0656309 ] ] ] ] } },
{ "type": "Feature", "properties": { "PLSSID": "MT200040N0070W0", "FRSTDIVID": "MT200040N0070W0SN240", "FRSTDIVTYP": "SN", "FRSTDIVTXT": "Section", "FRSTDIVNO": "24", "FRSTDIVDUP": "0", "FRSTDIVLAB": "24", "SURVTYP": null, "SURVTYPTXT": null, "SOURCEDATE": null, "SOURCEREF": null, "RECRDAREAT": null, "RECRDAREAN": 0.0, "GISACRE": 650.33660598899996, "SHAPE_Leng": 6477.2184861599999, "SHAPE_Area": 2631818.8706700001 }, "geometry": { "type": "MultiPolygon", "coordinates": [ [ [ [ -112.4199634, 46.0770904 ], [ -112.4147891, 46.0770943 ], [ -112.4147436, 46.0770943 ], [ -112.4095922, 46.0770981 ], [ -112.4095695, 46.0770981 ], [ -112.4043953, 46.077102 ], [ -112.4044018, 46.0800304 ], [ -112.4044034, 46.0807341 ], [ -112.4044098, 46.083648 ], [ -112.40441, 46.0843662 ], [ -112.4044164, 46.0872657 ], [ -112.404418, 46.0879983 ], [ -112.4044244, 46.0908834 ], [ -112.4044246, 46.0916305 ], [ -112.4097019, 46.0916472 ], [ -112.4149791, 46.091664 ], [ -112.4202589, 46.0916807 ], [ -112.4255387, 46.0916975 ], [ -112.4255301, 46.0880141 ], [ -112.4255214, 46.0843308 ], [ -112.4253523, 46.0807087 ], [ -112.4251833, 46.0770866 ], [ -112.4199862, 46.0770904 ], [ -112.4199634, 46.0770904 ] ] ] ] } },
{ "type": "Feature", "properties": { "PLSSID": "MT200020N0080W0", "FRSTDIVID": "MT200020N0080W0SN100", "FRSTDIVTYP": "SN", "FRSTDIVTXT": "Section", "FRSTDIVNO": "10", "FRSTDIVDUP": "0", "FRSTDIVLAB": "10", "SURVTYP": null, "SURVTYPTXT": null, "SOURCEDATE": null, "SOURCEREF": null, "RECRDAREAT": null, "RECRDAREAN": 0.0, "GISACRE": 647.16117823900004, "SHAPE_Leng": 6473.5207699299999, "SHAPE_Area": 2618968.37048 }, "geometry": { "type": "MultiPolygon", "coordinates": [ [ [ [ -112.570399, 45.9348534 ], [ -112.5704127, 45.9385032 ], [ -112.5704265, 45.942153 ], [ -112.5704403, 45.9458028 ], [ -112.5756524, 45.9458328 ], [ -112.5808645, 45.9458627 ], [ -112.5860765, 45.9458926 ], [ -112.5912886, 45.9459226 ], [ -112.5912782, 45.9422813 ], [ -112.5912677, 45.93864 ], [ -112.5912572, 45.9349988 ], [ -112.5912468, 45.9313575 ], [ -112.5860314, 45.931319 ], [ -112.580816, 45.9312805 ], [ -112.5756006, 45.931242 ], [ -112.5703852, 45.9312036 ], [ -112.570399, 45.9348534 ] ] ] ] } },
{ "type": "Feature", "properties": { "PLSSID": "MT200030N0070W0", "FRSTDIVID": "MT200030N0070W0SN190", "FRSTDIVTYP": "SN", "FRSTDIVTXT": "Section", "FRSTDIVNO": "19", "FRSTDIVDUP": "0", "FRSTDIVLAB": "19", "SURVTYP": null, "SURVTYPTXT": null, "SOURCEDATE": null, "SOURCEREF": null, "RECRDAREAT": null, "RECRDAREAN": 0.0, "GISACRE": 633.90803997600005, "SHAPE_Leng": 6408.9426137399996, "SHAPE_Area": 2565334.8227900001 }, "geometry": { "type": "MultiPolygon", "coordinates": [ [ [ [ -112.5286528, 46.0022134 ], [ -112.5286536, 46.0004006 ], [ -112.5286569, 45.9967681 ], [ -112.5286635, 45.9931221 ], [ -112.5286701, 45.9894761 ], [ -112.5238044, 45.9895019 ], [ -112.5185996, 45.98953 ], [ -112.5133814, 45.9895639 ], [ -112.5081632, 45.9895979 ], [ -112.5081659, 45.9905099 ], [ -112.5081687, 45.9914219 ], [ -112.5081741, 45.9932459 ], [ -112.508185, 45.9968939 ], [ -112.5081959, 46.000542 ], [ -112.5082068, 46.00419 ], [ -112.5134393, 46.0041368 ], [ -112.5186718, 46.0040837 ], [ -112.5238552, 46.004061 ], [ -112.528652, 46.0040262 ], [ -112.5286528, 46.0022134 ] ] ] ] } },
{ "type": "Feature", "properties": { "PLSSID": "MT200030N0080W0", "FRSTDIVID": "MT200030N0080W0SN230", "FRSTDIVTYP": "SN", "FRSTDIVTXT": "Section", "FRSTDIVNO": "23", "FRSTDIVDUP": "0", "FRSTDIVLAB": "23", "SURVTYP": null, "SURVTYPTXT": null, "SOURCEDATE": null, "SOURCEREF": null, "RECRDAREAT": null, "RECRDAREAN": 0.0, "GISACRE": 640.78256862299997, "SHAPE_Leng": 6449.3130243100004, "SHAPE_Area": 2593155.0531899999 }, "geometry": { "type": "MultiPolygon", "coordinates": [ [ [ [ -112.567498, 46.0040512 ], [ -112.57031, 46.0040568 ], [ -112.5703071, 46.0032192 ], [ -112.5703066, 46.0030575 ], [ -112.5703025, 46.0018931 ], [ -112.5703011, 46.0014704 ], [ -112.5702977, 46.0005212 ], [ -112.5702975, 46.0004372 ], [ -112.5702949, 45.9997058 ], [ -112.5702939, 45.9994336 ], [ -112.5702897, 45.9982068 ], [ -112.5702849, 45.9968255 ], [ -112.5702848, 45.9968177 ], [ -112.5702848, 45.996763 ], [ -112.5702836, 45.9955613 ], [ -112.5702835, 45.9954449 ], [ -112.5702827, 45.994533 ], [ -112.5702814, 45.9931681 ], [ -112.5702813, 45.9930227 ], [ -112.5702809, 45.9926019 ], [ -112.5702793, 45.9909722 ], [ -112.5702791, 45.9907704 ], [ -112.5702779, 45.9895186 ], [ -112.5701393, 45.9895184 ], [ -112.5699853, 45.9895182 ], [ -112.5692775, 45.9895172 ], [ -112.5679356, 45.9895155 ], [ -112.565075, 45.9895114 ], [ -112.5643546, 45.9895103 ], [ -112.5598721, 45.9895123 ], [ -112.5595424, 45.989512 ], [ -112.5581681, 45.9895062 ], [ -112.5546809, 45.9894916 ], [ -112.5539039, 45.9894947 ], [ -112.5523517, 45.9895009 ], [ -112.5494956, 45.9894928 ], [ -112.549542, 45.9931092 ], [ -112.5495557, 45.9967614 ], [ -112.5495557, 45.9969641 ], [ -112.5495567, 45.9977101 ], [ -112.5495568, 45.9978467 ], [ -112.5495602, 45.9985937 ], [ -112.5495631, 45.9992292 ], [ -112.5495646, 45.9995506 ], [ -112.5495646, 45.9996872 ], [ -112.5495646, 45.9997847 ], [ -112.5495646, 46.0001089 ], [ -112.5495645, 46.0003829 ], [ -112.5495616, 46.0013407 ], [ -112.5495573, 46.0027186 ], [ -112.5495547, 46.0035706 ], [ -112.5495541, 46.0037749 ], [ -112.5495534, 46.0040158 ], [ -112.5540164, 46.0040268 ], [ -112.5547418, 46.0040286 ], [ -112.5570189, 46.0040342 ], [ -112.5584893, 46.0040378 ], [ -112.5594711, 46.0040402 ], [ -112.5594991, 46.0040402 ], [ -112.5599302, 46.0040413 ], [ -112.5617323, 46.0040431 ], [ -112.5646093, 46.004046 ], [ -112.564983, 46.0040463 ], [ -112.5651153, 46.0040465 ], [ -112.5652605, 46.0040467 ], [ -112.5652665, 46.0040815 ], [ -112.5654139, 46.004047 ], [ -112.567498, 46.0040512 ] ] ] ] } },
{ "type": "Feature", "properties": { "PLSSID": "MT200040N0070W0", "FRSTDIVID": "MT200040N0070W0SN130", "FRSTDIVTYP": "SN", "FRSTDIVTXT": "Section", "FRSTDIVNO": "13", "FRSTDIVDUP": "0", "FRSTDIVLAB": "13", "SURVTYP": null, "SURVTYPTXT": null, "SOURCEDATE": null, "SOURCEREF": null, "RECRDAREAT": null, "RECRDAREAN": 0.0, "GISACRE": 657.53069061099995, "SHAPE_Leng": 6525.2012588500002, "SHAPE_Area": 2660932.2982200002 }, "geometry": { "type": "MultiPolygon", "coordinates": [ [ [ [ -112.4044563, 46.1062791 ], [ -112.4097482, 46.1063012 ], [ -112.41504, 46.1063233 ], [ -112.4203319, 46.1063454 ], [ -112.4256237, 46.1063675 ], [ -112.4256023, 46.10267 ], [ -112.4255809, 46.0989725 ], [ -112.4255598, 46.095335 ], [ -112.4255387, 46.0916975 ], [ -112.4202589, 46.0916807 ], [ -112.4149791, 46.091664 ], [ -112.4097019, 46.0916472 ], [ -112.4044246, 46.0916305 ], [ -112.4044316, 46.0945062 ], [ -112.4044335, 46.0952962 ], [ -112.4044404, 46.098129 ], [ -112.4044407, 46.0989619 ], [ -112.4044473, 46.1017519 ], [ -112.4044494, 46.1026205 ], [ -112.404456, 46.1053747 ], [ -112.4044563, 46.1062791 ] ] ] ] } },
{ "type": "Feature", "properties": { "PLSSID": "MT200030N0080W0", "FRSTDIVID": "MT200030N0080W0SN190", "FRSTDIVTYP": "SN", "FRSTDIVTXT": "Section", "FRSTDIVNO": "19", "FRSTDIVDUP": "0", "FRSTDIVLAB": "19", "SURVTYP": null, "SURVTYPTXT": null, "SOURCEDATE": null, "SOURCEREF": null, "RECRDAREAT": null, "RECRDAREAN": 0.0, "GISACRE": 617.93240556000001, "SHAPE_Leng": 6356.1678948600002, "SHAPE_Area": 2500683.7240499998 }, "geometry": { "type": "MultiPolygon", "coordinates": [ [ [ [ -112.6528561, 45.9999223 ], [ -112.6529013, 45.9962941 ], [ -112.6529465, 45.992666 ], [ -112.6529916, 45.9890378 ], [ -112.6483344, 45.9891722 ], [ -112.6431222, 45.9893203 ], [ -112.6378834, 45.9894479 ], [ -112.6326445, 45.9895755 ], [ -112.6327186, 45.9932456 ], [ -112.6327926, 45.9969158 ], [ -112.6328268, 46.0005367 ], [ -112.6328431, 46.002266 ], [ -112.632861, 46.0041575 ], [ -112.6354527, 46.0040248 ], [ -112.6376867, 46.0039114 ], [ -112.6425123, 46.0036665 ], [ -112.647738, 46.0036158 ], [ -112.6481294, 46.003612 ], [ -112.6528109, 46.0035505 ], [ -112.6528335, 46.0017364 ], [ -112.6528561, 45.9999223 ] ] ] ] } },
{ "type": "Feature", "properties": { "PLSSID": "MT200030N0090W0", "FRSTDIVID": "MT200030N0090W0SN260", "FRSTDIVTYP": "SN", "FRSTDIVTXT": "Section", "FRSTDIVNO": "26", "FRSTDIVDUP": "0", "FRSTDIVLAB": "26", "SURVTYP": null, "SURVTYPTXT": null, "SOURCEDATE": null, "SOURCEREF": null, "RECRDAREAT": null, "RECRDAREAN": 0.0, "GISACRE": 648.99380576600004, "SHAPE_Leng": 6482.4172931000003, "SHAPE_Area": 2626384.7509599999 }, "geometry": { "type": "MultiPolygon", "coordinates": [ [ [ [ -112.6744994, 45.9791024 ], [ -112.6744759, 45.9827566 ], [ -112.6744641, 45.9845837 ], [ -112.6744523, 45.9864108 ], [ -112.6744405, 45.9882379 ], [ -112.6744288, 45.990065 ], [ -112.6796515, 45.9900725 ], [ -112.6848743, 45.9900799 ], [ -112.6900971, 45.9900874 ], [ -112.6953187, 45.9900948 ], [ -112.6953724, 45.9864647 ], [ -112.6954251, 45.9828345 ], [ -112.6954777, 45.9792043 ], [ -112.6955303, 45.9755741 ], [ -112.6902784, 45.9755427 ], [ -112.6850266, 45.9755112 ], [ -112.6797748, 45.9754797 ], [ -112.674523, 45.9754482 ], [ -112.6744994, 45.9791024 ] ] ] ] } },
{ "type": "Feature", "properties": { "PLSSID": "MT200030N0080W0", "FRSTDIVID": "MT200030N0080W0SN300", "FRSTDIVTYP": "SN", "FRSTDIVTXT": "Section", "FRSTDIVNO": "30", "FRSTDIVDUP": "0", "FRSTDIVLAB": "30", "SURVTYP": null, "SURVTYPTXT": null, "SOURCEDATE": null, "SOURCEREF": null, "RECRDAREAT": null, "RECRDAREAN": 0.0, "GISACRE": 615.57383100699997, "SHAPE_Leng": 6315.5081787199997, "SHAPE_Area": 2491138.9114700002 }, "geometry": { "type": "MultiPolygon", "coordinates": [ [ [ [ -112.6326445, 45.9895755 ], [ -112.6378834, 45.9894479 ], [ -112.6431222, 45.9893203 ], [ -112.6483344, 45.9891722 ], [ -112.6529916, 45.9890378 ], [ -112.6530017, 45.9856043 ], [ -112.6530116, 45.9821709 ], [ -112.6530216, 45.9787375 ], [ -112.6530316, 45.975304 ], [ -112.6482868, 45.9752496 ], [ -112.6430449, 45.9751871 ], [ -112.6377509, 45.975097 ], [ -112.6324569, 45.975007 ], [ -112.6325038, 45.9786491 ], [ -112.6325507, 45.9822912 ], [ -112.6325976, 45.9859334 ], [ -112.6326445, 45.9895755 ] ] ] ] } },
{ "type": "Feature", "properties": { "PLSSID": "MT200040N0070W0", "FRSTDIVID": "MT200040N0070W0SN170", "FRSTDIVTYP": "SN", "FRSTDIVTXT": "Section", "FRSTDIVNO": "17", "FRSTDIVDUP": "0", "FRSTDIVLAB": "17", "SURVTYP": null, "SURVTYPTXT": null, "SOURCEDATE": null, "SOURCEREF": null, "RECRDAREAT": null, "RECRDAREAN": 0.0, "GISACRE": 641.07797844000004, "SHAPE_Leng": 6442.6348387300004, "SHAPE_Area": 2594350.53431 }, "geometry": { "type": "MultiPolygon", "coordinates": [ [ [ [ -112.4976442, 46.1055 ], [ -112.5028602, 46.1055016 ], [ -112.5080761, 46.1055031 ], [ -112.5080662, 46.1018788 ], [ -112.5080562, 46.0982545 ], [ -112.5080463, 46.0946302 ], [ -112.5080365, 46.0910571 ], [ -112.5080363, 46.0910059 ], [ -112.5075905, 46.091006 ], [ -112.5067684, 46.0910063 ], [ -112.5028299, 46.0910075 ], [ -112.4976234, 46.0910091 ], [ -112.4969995, 46.0910095 ], [ -112.4924109, 46.0910122 ], [ -112.4904415, 46.0910133 ], [ -112.4896705, 46.0910138 ], [ -112.4871984, 46.0910152 ], [ -112.4871998, 46.0925675 ], [ -112.4872013, 46.0941288 ], [ -112.4872018, 46.0946356 ], [ -112.4872052, 46.098256 ], [ -112.4872087, 46.1018763 ], [ -112.4872121, 46.1054967 ], [ -112.4924281, 46.1054983 ], [ -112.4976442, 46.1055 ] ] ] ] } },
{ "type": "Feature", "properties": { "PLSSID": "MT200030N0070W0", "FRSTDIVID": "MT200030N0070W0SN200", "FRSTDIVTYP": "SN", "FRSTDIVTXT": "Section", "FRSTDIVNO": "20", "FRSTDIVDUP": "0", "FRSTDIVLAB": "20", "SURVTYP": null, "SURVTYPTXT": null, "SOURCEDATE": null, "SOURCEREF": null, "RECRDAREAT": null, "RECRDAREAN": 0.0, "GISACRE": 650.99083452499997, "SHAPE_Leng": 6493.4840251400001, "SHAPE_Area": 2634466.4396199998 }, "geometry": { "type": "MultiPolygon", "coordinates": [ [ [ [ -112.4871794, 45.9932629 ], [ -112.4872073, 45.9969107 ], [ -112.4872256, 46.0005277 ], [ -112.4872257, 46.0005611 ], [ -112.4872336, 46.0025662 ], [ -112.4872379, 46.0038496 ], [ -112.4872388, 46.0042115 ], [ -112.4924809, 46.0042062 ], [ -112.4977229, 46.0042008 ], [ -112.5029649, 46.0041954 ], [ -112.5082068, 46.00419 ], [ -112.5081959, 46.000542 ], [ -112.508185, 45.9968939 ], [ -112.5081741, 45.9932459 ], [ -112.5081687, 45.9914219 ], [ -112.5081659, 45.9905099 ], [ -112.5081632, 45.9895979 ], [ -112.5029104, 45.9896022 ], [ -112.4976575, 45.9896066 ], [ -112.4924045, 45.9896108 ], [ -112.4871515, 45.9896151 ], [ -112.4871794, 45.9932629 ] ] ] ] } },
{ "type": "Feature", "properties": { "PLSSID": "MT200030N0070W0", "FRSTDIVID": "MT200030N0070W0SN220", "FRSTDIVTYP": "SN", "FRSTDIVTXT": "Section", "FRSTDIVNO": "22", "FRSTDIVDUP": "0", "FRSTDIVLAB": "22", "SURVTYP": null, "SURVTYPTXT": null, "SOURCEDATE": null, "SOURCEREF": null, "RECRDAREAT": null, "RECRDAREAN": 0.0, "GISACRE": 639.94106390599995, "SHAPE_Leng": 6431.1260487899999, "SHAPE_Area": 2589749.6044299998 }, "geometry": { "type": "MultiPolygon", "coordinates": [ [ [ [ -112.4453902, 45.9900195 ], [ -112.4454068, 45.9918489 ], [ -112.44542, 45.9930955 ], [ -112.4454339, 45.9944146 ], [ -112.4454492, 45.9958653 ], [ -112.445458, 45.9967036 ], [ -112.4454662, 45.9973851 ], [ -112.4454705, 45.9977415 ], [ -112.4454917, 45.999497 ], [ -112.4455014, 46.0003053 ], [ -112.4455137, 46.0013251 ], [ -112.4455165, 46.0015562 ], [ -112.4455187, 46.0017406 ], [ -112.4455283, 46.0025359 ], [ -112.445544, 46.003841 ], [ -112.4455448, 46.003907 ], [ -112.4478871, 46.0039022 ], [ -112.4479602, 46.003902 ], [ -112.4479805, 46.003902 ], [ -112.4485075, 46.0039008 ], [ -112.4495695, 46.0038987 ], [ -112.450741, 46.0038962 ], [ -112.451043, 46.0038956 ], [ -112.4534067, 46.0038907 ], [ -112.4559371, 46.0038855 ], [ -112.4568247, 46.0038837 ], [ -112.4591681, 46.0038788 ], [ -112.4611333, 46.0038747 ], [ -112.4615903, 46.0038738 ], [ -112.4616241, 46.0038737 ], [ -112.4630835, 46.0038707 ], [ -112.4634788, 46.0038699 ], [ -112.4637994, 46.0038692 ], [ -112.4657816, 46.0038651 ], [ -112.4663295, 46.003864 ], [ -112.4663284, 46.0037018 ], [ -112.4663284, 46.0036959 ], [ -112.4663283, 46.003692 ], [ -112.4663274, 46.0035635 ], [ -112.4663185, 46.0022578 ], [ -112.4663107, 46.0011293 ], [ -112.4663062, 46.0004649 ], [ -112.4663046, 46.0002479 ], [ -112.4663045, 46.0002269 ], [ -112.4662961, 45.9990236 ], [ -112.4662957, 45.998976 ], [ -112.466287, 45.9977346 ], [ -112.4662824, 45.997079 ], [ -112.4662808, 45.9968489 ], [ -112.4662797, 45.9966318 ], [ -112.46627, 45.9955347 ], [ -112.4662663, 45.9951155 ], [ -112.4662519, 45.9934945 ], [ -112.4662496, 45.9932352 ], [ -112.4662477, 45.9930182 ], [ -112.4662468, 45.9929212 ], [ -112.4662336, 45.9914266 ], [ -112.4662329, 45.9913543 ], [ -112.4662278, 45.9907799 ], [ -112.4662194, 45.9898311 ], [ -112.4662176, 45.9896216 ], [ -112.4662165, 45.9894045 ], [ -112.4656056, 45.9894043 ], [ -112.4634018, 45.9894033 ], [ -112.4610176, 45.9894023 ], [ -112.4576083, 45.9894009 ], [ -112.4558186, 45.9894001 ], [ -112.4543272, 45.9894132 ], [ -112.4517627, 45.9894356 ], [ -112.4506016, 45.9894458 ], [ -112.4486118, 45.9894632 ], [ -112.4473802, 45.9894722 ], [ -112.4469714, 45.9894751 ], [ -112.4453847, 45.9894874 ], [ -112.4453902, 45.9900195 ] ] ] ] } },
{ "type": "Feature", "properties": { "PLSSID": "MT200020N0090W0", "FRSTDIVID": "MT200020N0090W0SN110", "FRSTDIVTYP": "SN", "FRSTDIVTXT": "Section", "FRSTDIVNO": "11", "FRSTDIVDUP": "0", "FRSTDIVLAB": "11", "SURVTYP": null, "SURVTYPTXT": null, "SOURCEDATE": null, "SOURCEREF": null, "RECRDAREAT": null, "RECRDAREAN": 0.0, "GISACRE": 655.38728132400001, "SHAPE_Leng": 6515.3345706199998, "SHAPE_Area": 2652258.22859 }, "geometry": { "type": "MultiPolygon", "coordinates": [ [ [ [ -112.671995, 45.9330288 ], [ -112.6719802, 45.936689 ], [ -112.6719653, 45.9403493 ], [ -112.6719505, 45.9440096 ], [ -112.6772112, 45.9441105 ], [ -112.6824719, 45.9442113 ], [ -112.6877326, 45.9443122 ], [ -112.6929933, 45.944413 ], [ -112.6929973, 45.9407487 ], [ -112.6930014, 45.9370843 ], [ -112.6930054, 45.93342 ], [ -112.6930094, 45.9297557 ], [ -112.6877595, 45.9296589 ], [ -112.6825096, 45.9295621 ], [ -112.6772597, 45.9294653 ], [ -112.6720098, 45.9293685 ], [ -112.671995, 45.9330288 ] ] ] ] } },
{ "type": "Feature", "properties": { "PLSSID": "MT200030N0070W0", "FRSTDIVID": "MT200030N0070W0SN360", "FRSTDIVTYP": "SN", "FRSTDIVTXT": "Section", "FRSTDIVNO": "36", "FRSTDIVDUP": "0", "FRSTDIVLAB": "36", "SURVTYP": null, "SURVTYPTXT": null, "SOURCEDATE": null, "SOURCEREF": null, "RECRDAREAT": null, "RECRDAREAN": 0.0, "GISACRE": 638.51815636699996, "SHAPE_Leng": 6429.9433171500004, "SHAPE_Area": 2583991.3019099999 }, "geometry": { "type": "MultiPolygon", "coordinates": [ [ [ [ -112.4038941, 45.9615582 ], [ -112.4039055, 45.9641417 ], [ -112.4039101, 45.9651835 ], [ -112.4039215, 45.9677595 ], [ -112.4039257, 45.9688088 ], [ -112.403937, 45.9713775 ], [ -112.4039417, 45.9724341 ], [ -112.4039531, 45.9749956 ], [ -112.409129, 45.9750011 ], [ -112.414305, 45.9750066 ], [ -112.419481, 45.9750121 ], [ -112.424657, 45.9750176 ], [ -112.4246537, 45.9713942 ], [ -112.4246504, 45.9677709 ], [ -112.4246471, 45.9641475 ], [ -112.4246449, 45.9616999 ], [ -112.4246439, 45.9606516 ], [ -112.4246438, 45.9605242 ], [ -112.4234221, 45.9605242 ], [ -112.4204126, 45.9605244 ], [ -112.4194567, 45.9605245 ], [ -112.4189019, 45.9605245 ], [ -112.4152423, 45.9605245 ], [ -112.4142695, 45.9605245 ], [ -112.4134861, 45.9605244 ], [ -112.4129854, 45.9605244 ], [ -112.4112629, 45.9605244 ], [ -112.410072, 45.9605244 ], [ -112.4095741, 45.9605244 ], [ -112.4090811, 45.9605244 ], [ -112.4070422, 45.9605243 ], [ -112.4070343, 45.9605243 ], [ -112.4049018, 45.9605242 ], [ -112.4038911, 45.9605234 ], [ -112.4038941, 45.9615582 ] ] ] ] } },
{ "type": "Feature", "properties": { "PLSSID": "MT200030N0080W0", "FRSTDIVID": "MT200030N0080W0SN250", "FRSTDIVTYP": "SN", "FRSTDIVTXT": "Section", "FRSTDIVNO": "25", "FRSTDIVDUP": "0", "FRSTDIVLAB": "25", "SURVTYP": null, "SURVTYPTXT": null, "SOURCEDATE": null, "SOURCEREF": null, "RECRDAREAT": null, "RECRDAREAN": 0.0, "GISACRE": 642.70625930100005, "SHAPE_Leng": 6457.9675064200001, "SHAPE_Area": 2600939.9531700001 }, "geometry": { "type": "MultiPolygon", "coordinates": [ [ [ [ -112.5390563, 45.9749363 ], [ -112.536445, 45.9749371 ], [ -112.5354389, 45.9749364 ], [ -112.5344466, 45.9749355 ], [ -112.5338318, 45.9749351 ], [ -112.5286147, 45.9749303 ], [ -112.5286582, 45.9785502 ], [ -112.5287016, 45.9821701 ], [ -112.5286859, 45.9858231 ], [ -112.5286701, 45.9894761 ], [ -112.5338875, 45.9894602 ], [ -112.5391048, 45.9894443 ], [ -112.5442834, 45.989471 ], [ -112.54688, 45.9894848 ], [ -112.5494956, 45.9894928 ], [ -112.5494931, 45.9858589 ], [ -112.549494, 45.9856138 ], [ -112.5494946, 45.9840512 ], [ -112.549494, 45.9822367 ], [ -112.5494905, 45.9808851 ], [ -112.5494866, 45.9794087 ], [ -112.5494866, 45.9793901 ], [ -112.5494845, 45.9786078 ], [ -112.5494822, 45.9777351 ], [ -112.549482, 45.9776354 ], [ -112.5494767, 45.9776077 ], [ -112.5494819, 45.9776092 ], [ -112.5494771, 45.9762797 ], [ -112.549477, 45.9761709 ], [ -112.5494748, 45.9749789 ], [ -112.5492231, 45.9749778 ], [ -112.5454968, 45.9749619 ], [ -112.5442656, 45.9749571 ], [ -112.5419749, 45.9749484 ], [ -112.5413155, 45.9749447 ], [ -112.5390563, 45.9749363 ] ] ] ] } },
{ "type": "Feature", "properties": { "PLSSID": "MT200030N0080W0", "FRSTDIVID": "MT200030N0080W0SN310", "FRSTDIVTYP": "SN", "FRSTDIVTXT": "Section", "FRSTDIVNO": "31", "FRSTDIVDUP": "0", "FRSTDIVLAB": "31", "SURVTYP": null, "SURVTYPTXT": null, "SOURCEDATE": null, "SOURCEREF": null, "RECRDAREAT": null, "RECRDAREAN": 0.0, "GISACRE": 637.66990561, "SHAPE_Leng": 6424.5940057400003, "SHAPE_Area": 2580558.5528899999 }, "geometry": { "type": "MultiPolygon", "coordinates": [ [ [ [ -112.6530174, 45.9605773 ], [ -112.6486435, 45.9605679 ], [ -112.6481998, 45.9605678 ], [ -112.6434458, 45.9605568 ], [ -112.643002, 45.9605567 ], [ -112.6382361, 45.9605334 ], [ -112.6377923, 45.9605313 ], [ -112.6330264, 45.960508 ], [ -112.6325826, 45.9605079 ], [ -112.6325512, 45.9641327 ], [ -112.6325198, 45.9677575 ], [ -112.6324884, 45.9713822 ], [ -112.6324569, 45.975007 ], [ -112.6377509, 45.975097 ], [ -112.6430449, 45.9751871 ], [ -112.6482868, 45.9752496 ], [ -112.6530316, 45.975304 ], [ -112.653028, 45.9716223 ], [ -112.6530245, 45.9679406 ], [ -112.653021, 45.9642589 ], [ -112.6530174, 45.9605773 ] ] ] ] } },
{ "type": "Feature", "properties": { "PLSSID": "MT200020N0070W0", "FRSTDIVID": "MT200020N0070W0SN050", "FRSTDIVTYP": "SN", "FRSTDIVTXT": "Section", "FRSTDIVNO": "05", "FRSTDIVDUP": "0", "FRSTDIVLAB": "05", "SURVTYP": null, "SURVTYPTXT": null, "SOURCEDATE": null, "SOURCEREF": null, "RECRDAREAT": null, "RECRDAREAN": 0.0, "GISACRE": 652.59528973500005, "SHAPE_Leng": 6501.3299670799997, "SHAPE_Area": 2640959.4394899998 }, "geometry": { "type": "MultiPolygon", "coordinates": [ [ [ [ -112.487059, 45.9605398 ], [ -112.4923124, 45.960521 ], [ -112.4975658, 45.9605022 ], [ -112.5028191, 45.9604835 ], [ -112.5080723, 45.9604646 ], [ -112.5080897, 45.9568363 ], [ -112.5081071, 45.9532079 ], [ -112.5081253, 45.9495699 ], [ -112.5081436, 45.9459319 ], [ -112.5028713, 45.9459297 ], [ -112.4975989, 45.9459276 ], [ -112.4923264, 45.9459253 ], [ -112.487054, 45.9459231 ], [ -112.4870602, 45.9495817 ], [ -112.4870664, 45.9532404 ], [ -112.4870627, 45.9568791 ], [ -112.487059, 45.9605398 ] ] ] ] } },
{ "type": "Feature", "properties": { "PLSSID": "MT200040N0070W0", "FRSTDIVID": "MT200040N0070W0SN210", "FRSTDIVTYP": "SN", "FRSTDIVTXT": "Section", "FRSTDIVNO": "21", "FRSTDIVDUP": "0", "FRSTDIVLAB": "21", "SURVTYP": null, "SURVTYPTXT": null, "SOURCEDATE": null, "SOURCEREF": null, "RECRDAREAT": null, "RECRDAREAN": 0.0, "GISACRE": 639.36839528999997, "SHAPE_Leng": 6433.5310493799998, "SHAPE_Area": 2587432.0967600001 }, "geometry": { "type": "MultiPolygon", "coordinates": [ [ [ [ -112.4853862, 46.0765746 ], [ -112.481989, 46.0765826 ], [ -112.4816603, 46.0765833 ], [ -112.4793755, 46.0765887 ], [ -112.4767904, 46.0765948 ], [ -112.4767826, 46.0765948 ], [ -112.4716963, 46.0765802 ], [ -112.4715573, 46.0765798 ], [ -112.4708748, 46.0765778 ], [ -112.4664255, 46.0765655 ], [ -112.466332, 46.0765652 ], [ -112.4663297, 46.0781644 ], [ -112.4663273, 46.0798942 ], [ -112.4663265, 46.0801687 ], [ -112.4663251, 46.0806858 ], [ -112.4663207, 46.0823516 ], [ -112.4663195, 46.0827497 ], [ -112.4663188, 46.0829433 ], [ -112.4663168, 46.0835804 ], [ -112.4663162, 46.0837722 ], [ -112.4663183, 46.0840151 ], [ -112.4663306, 46.0854337 ], [ -112.4663449, 46.0870222 ], [ -112.4663483, 46.0873979 ], [ -112.4663613, 46.0888412 ], [ -112.4663712, 46.089976 ], [ -112.46638, 46.0910237 ], [ -112.4686782, 46.0910265 ], [ -112.4715888, 46.0910284 ], [ -112.4728262, 46.0910292 ], [ -112.4754832, 46.0910309 ], [ -112.4767976, 46.0910317 ], [ -112.481998, 46.0910235 ], [ -112.4845698, 46.0910194 ], [ -112.4850656, 46.0910186 ], [ -112.4871984, 46.0910152 ], [ -112.4871935, 46.0877168 ], [ -112.487193, 46.0874064 ], [ -112.4871928, 46.0872351 ], [ -112.4871916, 46.0864785 ], [ -112.4871907, 46.085834 ], [ -112.4871877, 46.0837976 ], [ -112.487188, 46.0836185 ], [ -112.4871884, 46.0833307 ], [ -112.4871888, 46.083043 ], [ -112.4871908, 46.0809379 ], [ -112.4871915, 46.0801842 ], [ -112.4871922, 46.0794684 ], [ -112.4871936, 46.0778938 ], [ -112.4871955, 46.0765709 ], [ -112.4862338, 46.0765728 ], [ -112.4853862, 46.0765746 ] ] ] ] } },
{ "type": "Feature", "properties": { "PLSSID": "MT200040N0090W0", "FRSTDIVID": "MT200040N0090W0SN270", "FRSTDIVTYP": "SN", "FRSTDIVTXT": "Section", "FRSTDIVNO": "27", "FRSTDIVDUP": "0", "FRSTDIVLAB": "27", "SURVTYP": null, "SURVTYPTXT": null, "SOURCEDATE": null, "SOURCEREF": null, "RECRDAREAT": null, "RECRDAREAN": 0.0, "GISACRE": 638.46223092800005, "SHAPE_Leng": 6429.5105509900004, "SHAPE_Area": 2583764.9796899999 }, "geometry": { "type": "MultiPolygon", "coordinates": [ [ [ [ -112.6940647, 46.0654713 ], [ -112.6940767, 46.0690845 ], [ -112.6940888, 46.0726976 ], [ -112.6941009, 46.0763108 ], [ -112.6992947, 46.0763165 ], [ -112.7044886, 46.0763222 ], [ -112.7096825, 46.076328 ], [ -112.7148764, 46.0763337 ], [ -112.7148718, 46.0727145 ], [ -112.7148708, 46.0715358 ], [ -112.7148694, 46.069891 ], [ -112.7148688, 46.069096 ], [ -112.7148628, 46.0654761 ], [ -112.7148568, 46.0618562 ], [ -112.7096557, 46.0618567 ], [ -112.7044547, 46.0618572 ], [ -112.6992536, 46.0618577 ], [ -112.6940526, 46.0618582 ], [ -112.6940647, 46.0654713 ] ] ] ] } },
{ "type": "Feature", "properties": { "PLSSID": "MT200030N0070W0", "FRSTDIVID": "MT200030N0070W0SN170", "FRSTDIVTYP": "SN", "FRSTDIVTXT": "Section", "FRSTDIVNO": "17", "FRSTDIVDUP": "0", "FRSTDIVLAB": "17", "SURVTYP": null, "SURVTYPTXT": null, "SOURCEDATE": null, "SOURCEREF": null, "RECRDAREAT": null, "RECRDAREAN": 0.0, "GISACRE": 649.70150705499998, "SHAPE_Leng": 6483.4823639200004, "SHAPE_Area": 2629248.7164699999 }, "geometry": { "type": "MultiPolygon", "coordinates": [ [ [ [ -112.5082108, 46.0078427 ], [ -112.5082088, 46.0059946 ], [ -112.5082068, 46.00419 ], [ -112.5029649, 46.0041954 ], [ -112.4977229, 46.0042008 ], [ -112.4924809, 46.0042062 ], [ -112.4872388, 46.0042115 ], [ -112.4872539, 46.0074648 ], [ -112.4872557, 46.0078407 ], [ -112.4872558, 46.0078733 ], [ -112.4872692, 46.0110799 ], [ -112.4872706, 46.011525 ], [ -112.4872805, 46.0126524 ], [ -112.48729, 46.0137336 ], [ -112.4872984, 46.0146938 ], [ -112.4873026, 46.0151698 ], [ -112.4873028, 46.0151903 ], [ -112.4873033, 46.0152446 ], [ -112.4873152, 46.0168915 ], [ -112.4873163, 46.0170653 ], [ -112.4873246, 46.0183078 ], [ -112.4873267, 46.0186518 ], [ -112.487327, 46.0187132 ], [ -112.4876377, 46.0187121 ], [ -112.4899268, 46.0187032 ], [ -112.4899276, 46.0188239 ], [ -112.4925343, 46.0188343 ], [ -112.4951352, 46.018844 ], [ -112.4977373, 46.0188556 ], [ -112.5003535, 46.0188283 ], [ -112.5029746, 46.0187973 ], [ -112.505032, 46.0187734 ], [ -112.5056192, 46.0187671 ], [ -112.5080243, 46.0187409 ], [ -112.5082056, 46.0187375 ], [ -112.508229, 46.0187372 ], [ -112.5082256, 46.0176419 ], [ -112.5082251, 46.0173109 ], [ -112.5082239, 46.0165425 ], [ -112.5082239, 46.016519 ], [ -112.508215, 46.0165194 ], [ -112.5082142, 46.0159964 ], [ -112.5082128, 46.0151164 ], [ -112.5082127, 46.0150957 ], [ -112.5082215, 46.0150956 ], [ -112.5082183, 46.0134121 ], [ -112.5082149, 46.0116291 ], [ -112.5082147, 46.0114955 ], [ -112.5082147, 46.0114162 ], [ -112.5082108, 46.0078427 ] ] ] ] } },
{ "type": "Feature", "properties": { "PLSSID": "MT200030N0070W0", "FRSTDIVID": "MT200030N0070W0SN030", "FRSTDIVTYP": "SN", "FRSTDIVTXT": "Section", "FRSTDIVNO": "03", "FRSTDIVDUP": "0", "FRSTDIVLAB": "03", "SURVTYP": null, "SURVTYPTXT": null, "SOURCEDATE": null, "SOURCEREF": null, "RECRDAREAT": null, "RECRDAREAN": 0.0, "GISACRE": 630.47695400099997, "SHAPE_Leng": 6436.9193405400001, "SHAPE_Area": 2551449.7104699998 }, "geometry": { "type": "MultiPolygon", "coordinates": [ [ [ [ -112.4466171, 46.0341458 ], [ -112.4466096, 46.0365858 ], [ -112.4466024, 46.0389271 ], [ -112.446598, 46.0403437 ], [ -112.446598, 46.040445 ], [ -112.4466026, 46.0439621 ], [ -112.4466073, 46.0475805 ], [ -112.4518105, 46.0476061 ], [ -112.4518733, 46.0476064 ], [ -112.4560321, 46.0476264 ], [ -112.4571394, 46.0476312 ], [ -112.461236, 46.0476257 ], [ -112.4623446, 46.0476242 ], [ -112.4664398, 46.0476181 ], [ -112.4666946, 46.047618 ], [ -112.4666729, 46.0439932 ], [ -112.4666711, 46.0436901 ], [ -112.4666665, 46.0428882 ], [ -112.4666594, 46.0416786 ], [ -112.4666583, 46.0414875 ], [ -112.4666517, 46.0403685 ], [ -112.4666516, 46.0403399 ], [ -112.4666502, 46.0400663 ], [ -112.466641, 46.0387142 ], [ -112.4666402, 46.0385984 ], [ -112.4666334, 46.0375858 ], [ -112.4666294, 46.0370055 ], [ -112.4666266, 46.0365867 ], [ -112.4666255, 46.0364356 ], [ -112.4666247, 46.0363028 ], [ -112.4666135, 46.0346626 ], [ -112.4666122, 46.0344704 ], [ -112.4666015, 46.0328941 ], [ -112.4666009, 46.0328049 ], [ -112.4655121, 46.0328062 ], [ -112.4621768, 46.0328101 ], [ -112.4616034, 46.0328108 ], [ -112.4614128, 46.032811 ], [ -112.4593095, 46.0328134 ], [ -112.4583543, 46.0328146 ], [ -112.4569883, 46.0328161 ], [ -112.4562248, 46.0328171 ], [ -112.4562241, 46.0327583 ], [ -112.4558614, 46.0328175 ], [ -112.4553523, 46.0328181 ], [ -112.4532796, 46.0328204 ], [ -112.4518048, 46.032822 ], [ -112.4510426, 46.0328229 ], [ -112.4510391, 46.0324846 ], [ -112.4505502, 46.0326257 ], [ -112.4498643, 46.0328242 ], [ -112.4483167, 46.0328259 ], [ -112.4466212, 46.0328279 ], [ -112.4466171, 46.0341458 ] ] ] ] } },
{ "type": "Feature", "properties": { "PLSSID": "MT200020N0080W0", "FRSTDIVID": "MT200020N0080W0SN070", "FRSTDIVTYP": "SN", "FRSTDIVTXT": "Section", "FRSTDIVNO": "07", "FRSTDIVDUP": "0", "FRSTDIVLAB": "07", "SURVTYP": null, "SURVTYPTXT": null, "SOURCEDATE": null, "SOURCEREF": null, "RECRDAREAT": null, "RECRDAREAN": 0.0, "GISACRE": 565.42725357799998, "SHAPE_Leng": 6063.1928376599999, "SHAPE_Area": 2288202.9125399999 }, "geometry": { "type": "MultiPolygon", "coordinates": [ [ [ [ -112.6329853, 45.9350159 ], [ -112.632991, 45.9386554 ], [ -112.6329967, 45.9422948 ], [ -112.6330024, 45.9459343 ], [ -112.6382116, 45.9459359 ], [ -112.6434208, 45.9459375 ], [ -112.6486192, 45.9459383 ], [ -112.6513197, 45.9459385 ], [ -112.651308, 45.9437104 ], [ -112.6512874, 45.9422986 ], [ -112.6512543, 45.9400214 ], [ -112.6512345, 45.9386588 ], [ -112.6512147, 45.9363324 ], [ -112.6511958, 45.9350176 ], [ -112.6511617, 45.9326426 ], [ -112.6511436, 45.9313765 ], [ -112.6485796, 45.9313765 ], [ -112.6433851, 45.9313765 ], [ -112.6381823, 45.9313765 ], [ -112.6329796, 45.9313764 ], [ -112.6329853, 45.9350159 ] ] ] ] } },
{ "type": "Feature", "properties": { "PLSSID": "MT200040N0080W0", "FRSTDIVID": "MT200040N0080W0SN030", "FRSTDIVTYP": "SN", "FRSTDIVTXT": "Section", "FRSTDIVNO": "03", "FRSTDIVDUP": "0", "FRSTDIVLAB": "03", "SURVTYP": null, "SURVTYPTXT": null, "SOURCEDATE": null, "SOURCEREF": null, "RECRDAREAT": null, "RECRDAREAN": 0.0, "GISACRE": 722.27623358400001, "SHAPE_Leng": 6846.6878407900003, "SHAPE_Area": 2922948.2146299998 }, "geometry": { "type": "MultiPolygon", "coordinates": [ [ [ [ -112.5694571, 46.1231809 ], [ -112.5694043, 46.1267877 ], [ -112.5693779, 46.1304002 ], [ -112.5693219, 46.1356562 ], [ -112.5733678, 46.135657 ], [ -112.5745958, 46.1356573 ], [ -112.5785584, 46.1356581 ], [ -112.5798698, 46.1356582 ], [ -112.5837532, 46.1356597 ], [ -112.5851477, 46.1356602 ], [ -112.588948, 46.1356617 ], [ -112.5904257, 46.1356617 ], [ -112.5904578, 46.1301906 ], [ -112.5904716, 46.1265864 ], [ -112.5904992, 46.1229959 ], [ -112.5905269, 46.1194055 ], [ -112.5852726, 46.1194476 ], [ -112.5800184, 46.1194898 ], [ -112.5747642, 46.1195319 ], [ -112.5695099, 46.1195741 ], [ -112.5694571, 46.1231809 ] ] ] ] } },
{ "type": "Feature", "properties": { "PLSSID": "MT200030N0080W0", "FRSTDIVID": "MT200030N0080W0SN360", "FRSTDIVTYP": "SN", "FRSTDIVTXT": "Section", "FRSTDIVNO": "36", "FRSTDIVDUP": "0", "FRSTDIVLAB": "36", "SURVTYP": null, "SURVTYPTXT": null, "SOURCEDATE": null, "SOURCEREF": null, "RECRDAREAT": null, "RECRDAREAN": 0.0, "GISACRE": 642.26673706999998, "SHAPE_Leng": 6452.2647214600001, "SHAPE_Area": 2599161.26981 }, "geometry": { "type": "MultiPolygon", "coordinates": [ [ [ [ -112.544797, 45.9604338 ], [ -112.5442093, 45.9604338 ], [ -112.5401125, 45.9604339 ], [ -112.5392956, 45.9604338 ], [ -112.5390509, 45.9604338 ], [ -112.5386066, 45.9604339 ], [ -112.5382609, 45.9604339 ], [ -112.5347423, 45.9604351 ], [ -112.5345111, 45.9604351 ], [ -112.5338163, 45.9604355 ], [ -112.5285816, 45.9604381 ], [ -112.5285859, 45.9608488 ], [ -112.5285981, 45.962025 ], [ -112.5286152, 45.9636698 ], [ -112.5286194, 45.9640652 ], [ -112.5286321, 45.9652875 ], [ -112.5286349, 45.9655571 ], [ -112.528652, 45.9672019 ], [ -112.5286571, 45.9676922 ], [ -112.5286436, 45.9699959 ], [ -112.5286363, 45.9712408 ], [ -112.5286359, 45.9713113 ], [ -112.528634, 45.9716407 ], [ -112.5286269, 45.972853 ], [ -112.5286244, 45.9732855 ], [ -112.5286147, 45.9749303 ], [ -112.5338318, 45.9749351 ], [ -112.5344466, 45.9749355 ], [ -112.5354389, 45.9749364 ], [ -112.536445, 45.9749371 ], [ -112.5390563, 45.9749363 ], [ -112.5413155, 45.9749447 ], [ -112.5419749, 45.9749484 ], [ -112.5442656, 45.9749571 ], [ -112.5454968, 45.9749619 ], [ -112.5492231, 45.9749778 ], [ -112.5494748, 45.9749789 ], [ -112.5494717, 45.9721722 ], [ -112.5494638, 45.9713352 ], [ -112.5494531, 45.9702055 ], [ -112.5494451, 45.968554 ], [ -112.5494427, 45.9679077 ], [ -112.549442, 45.9676914 ], [ -112.5494347, 45.9662615 ], [ -112.5494333, 45.9658776 ], [ -112.5494218, 45.9640688 ], [ -112.5493937, 45.9621869 ], [ -112.5493691, 45.9605302 ], [ -112.5493677, 45.9604373 ], [ -112.5481309, 45.9604366 ], [ -112.544797, 45.9604338 ] ] ] ] } },
{ "type": "Feature", "properties": { "PLSSID": "MT200040N0080W0", "FRSTDIVID": "MT200040N0080W0SN110", "FRSTDIVTYP": "SN", "FRSTDIVTXT": "Section", "FRSTDIVNO": "11", "FRSTDIVDUP": "0", "FRSTDIVLAB": "11", "SURVTYP": null, "SURVTYPTXT": null, "SOURCEDATE": null, "SOURCEREF": null, "RECRDAREAT": null, "RECRDAREAN": 0.0, "GISACRE": 633.29956016300002, "SHAPE_Leng": 6404.2896637200001, "SHAPE_Area": 2562872.3923499999 }, "geometry": { "type": "MultiPolygon", "coordinates": [ [ [ [ -112.5490126, 46.108853 ], [ -112.5489388, 46.1124483 ], [ -112.5488651, 46.1160436 ], [ -112.5487913, 46.1196388 ], [ -112.553971, 46.1196226 ], [ -112.5591506, 46.1196064 ], [ -112.5643303, 46.1195903 ], [ -112.5695099, 46.1195741 ], [ -112.5695931, 46.1159705 ], [ -112.5696763, 46.1123669 ], [ -112.5697595, 46.1087633 ], [ -112.5698426, 46.1051597 ], [ -112.5646536, 46.1051843 ], [ -112.5594645, 46.1052088 ], [ -112.5542754, 46.1052333 ], [ -112.5490864, 46.1052578 ], [ -112.5490126, 46.108853 ] ] ] ] } },
{ "type": "Feature", "properties": { "PLSSID": "MT200040N0080W0", "FRSTDIVID": "MT200040N0080W0SN170", "FRSTDIVTYP": "SN", "FRSTDIVTXT": "Section", "FRSTDIVNO": "17", "FRSTDIVDUP": "0", "FRSTDIVLAB": "17", "SURVTYP": null, "SURVTYPTXT": null, "SOURCEDATE": null, "SOURCEREF": null, "RECRDAREAT": null, "RECRDAREAN": 0.0, "GISACRE": 640.00081581500001, "SHAPE_Leng": 6437.4207785899998, "SHAPE_Area": 2589991.41182 }, "geometry": { "type": "MultiPolygon", "coordinates": [ [ [ [ -112.6117343, 46.0907758 ], [ -112.6117055, 46.0943928 ], [ -112.6116766, 46.0980097 ], [ -112.6116477, 46.1016267 ], [ -112.6116188, 46.1052437 ], [ -112.6168188, 46.1052547 ], [ -112.6220189, 46.1052657 ], [ -112.6272189, 46.1052767 ], [ -112.632419, 46.1052878 ], [ -112.6324582, 46.1016615 ], [ -112.6324975, 46.0980353 ], [ -112.6325367, 46.094409 ], [ -112.632576, 46.0907827 ], [ -112.6273656, 46.090781 ], [ -112.6221552, 46.0907793 ], [ -112.6169448, 46.0907775 ], [ -112.6117343, 46.0907758 ] ] ] ] } },
{ "type": "Feature", "properties": { "PLSSID": "MT200040N0070W0", "FRSTDIVID": "MT200040N0070W0SN300", "FRSTDIVTYP": "SN", "FRSTDIVTXT": "Section", "FRSTDIVNO": "30", "FRSTDIVDUP": "0", "FRSTDIVLAB": "30", "SURVTYP": null, "SURVTYPTXT": null, "SOURCEDATE": null, "SOURCEREF": null, "RECRDAREAT": null, "RECRDAREAN": 0.0, "GISACRE": 633.40490641199995, "SHAPE_Leng": 6407.0683573799997, "SHAPE_Area": 2563298.71349 }, "geometry": { "type": "MultiPolygon", "coordinates": [ [ [ [ -112.5227884, 46.0620474 ], [ -112.5222804, 46.0620485 ], [ -112.5211174, 46.0620508 ], [ -112.520439, 46.0620522 ], [ -112.5191393, 46.062055 ], [ -112.5189522, 46.0620554 ], [ -112.5184086, 46.0620565 ], [ -112.5167402, 46.0620609 ], [ -112.5138929, 46.0620683 ], [ -112.5132042, 46.0620701 ], [ -112.5112027, 46.0620753 ], [ -112.5085517, 46.0620822 ], [ -112.5079999, 46.0620836 ], [ -112.5080036, 46.0630361 ], [ -112.5080094, 46.0645179 ], [ -112.508014, 46.0657013 ], [ -112.5080157, 46.0661266 ], [ -112.5080162, 46.0662624 ], [ -112.5080188, 46.0669324 ], [ -112.5080221, 46.0677755 ], [ -112.5080237, 46.0681878 ], [ -112.5080253, 46.0685877 ], [ -112.5080281, 46.0693191 ], [ -112.5080284, 46.0699577 ], [ -112.5080295, 46.0708076 ], [ -112.5080316, 46.0724961 ], [ -112.508032, 46.0728252 ], [ -112.5080322, 46.0729347 ], [ -112.5080322, 46.0729493 ], [ -112.5080341, 46.0744722 ], [ -112.5080347, 46.0760398 ], [ -112.5080349, 46.0765504 ], [ -112.5105732, 46.0765432 ], [ -112.5117246, 46.0765399 ], [ -112.5132418, 46.0765357 ], [ -112.5143923, 46.0765324 ], [ -112.5160262, 46.0765278 ], [ -112.5172528, 46.0765243 ], [ -112.5184488, 46.0765219 ], [ -112.519559, 46.0765196 ], [ -112.5236494, 46.0765108 ], [ -112.5277153, 46.0765018 ], [ -112.5286059, 46.0764999 ], [ -112.5286064, 46.0763533 ], [ -112.5286079, 46.0759318 ], [ -112.5286108, 46.0751555 ], [ -112.5286175, 46.0735071 ], [ -112.5286201, 46.0728839 ], [ -112.5286206, 46.0727545 ], [ -112.5286241, 46.0719058 ], [ -112.5286243, 46.0718262 ], [ -112.5286373, 46.0692678 ], [ -112.5286377, 46.0691557 ], [ -112.5286385, 46.0690399 ], [ -112.5286766, 46.0656515 ], [ -112.528678, 46.0655275 ], [ -112.5287133, 46.0623862 ], [ -112.5287159, 46.0620352 ], [ -112.527775, 46.0620371 ], [ -112.527563, 46.0620376 ], [ -112.5236061, 46.0620457 ], [ -112.5227884, 46.0620474 ] ] ] ] } },
{ "type": "Feature", "properties": { "PLSSID": "MT200030N0080W0", "FRSTDIVID": "MT200030N0080W0SN010", "FRSTDIVTYP": "SN", "FRSTDIVTXT": "Section", "FRSTDIVNO": "01", "FRSTDIVDUP": "0", "FRSTDIVLAB": "01", "SURVTYP": null, "SURVTYPTXT": null, "SOURCEDATE": null, "SOURCEREF": null, "RECRDAREAT": null, "RECRDAREAN": 0.0, "GISACRE": 642.69038013, "SHAPE_Leng": 6453.9353723000004, "SHAPE_Area": 2600875.6924399999 }, "geometry": { "type": "MultiPolygon", "coordinates": [ [ [ [ -112.5399127, 46.0330589 ], [ -112.5391636, 46.0330589 ], [ -112.538892, 46.0330589 ], [ -112.535143, 46.0330589 ], [ -112.5351323, 46.0330589 ], [ -112.5351214, 46.0330589 ], [ -112.5343627, 46.0330589 ], [ -112.5339464, 46.0330589 ], [ -112.5287291, 46.0330589 ], [ -112.5287314, 46.033676 ], [ -112.528732, 46.0338316 ], [ -112.5287328, 46.0340451 ], [ -112.5287349, 46.0346278 ], [ -112.5287355, 46.0347708 ], [ -112.528737, 46.035187 ], [ -112.5287378, 46.0353932 ], [ -112.528738, 46.035462 ], [ -112.5287404, 46.0361207 ], [ -112.5287423, 46.0366074 ], [ -112.5287425, 46.036678 ], [ -112.5287429, 46.0367865 ], [ -112.5287439, 46.0370453 ], [ -112.5287478, 46.0381998 ], [ -112.5287483, 46.0383482 ], [ -112.5287513, 46.039157 ], [ -112.528755, 46.040165 ], [ -112.5287555, 46.0402971 ], [ -112.5287442, 46.0413774 ], [ -112.5287439, 46.0414064 ], [ -112.5287271, 46.0429845 ], [ -112.5287189, 46.0437754 ], [ -112.5287174, 46.0439292 ], [ -112.5287014, 46.0454155 ], [ -112.5286953, 46.0460055 ], [ -112.528681, 46.0473435 ], [ -112.5286787, 46.0475625 ], [ -112.5297234, 46.047563 ], [ -112.5297312, 46.047563 ], [ -112.5325517, 46.0475638 ], [ -112.5338989, 46.0475641 ], [ -112.5345987, 46.0475642 ], [ -112.5355894, 46.0475643 ], [ -112.539119, 46.0475648 ], [ -112.5400337, 46.0475584 ], [ -112.5413304, 46.0475492 ], [ -112.5442116, 46.0475293 ], [ -112.5443631, 46.0475282 ], [ -112.5467241, 46.0475118 ], [ -112.5496073, 46.047492 ], [ -112.5496105, 46.0465054 ], [ -112.549613, 46.0457321 ], [ -112.549613, 46.0457068 ], [ -112.5496178, 46.0442504 ], [ -112.5496187, 46.0439643 ], [ -112.5496188, 46.0439379 ], [ -112.5496232, 46.0425975 ], [ -112.549627, 46.0414251 ], [ -112.5496279, 46.0411769 ], [ -112.5496293, 46.0407216 ], [ -112.5496306, 46.0403519 ], [ -112.5496282, 46.0398267 ], [ -112.5496279, 46.039755 ], [ -112.549623, 46.0386583 ], [ -112.549622, 46.038436 ], [ -112.5496157, 46.0370182 ], [ -112.5496151, 46.0368696 ], [ -112.5496143, 46.0367054 ], [ -112.5496121, 46.0362018 ], [ -112.549612, 46.0361806 ], [ -112.54961, 46.0356951 ], [ -112.5496046, 46.0344966 ], [ -112.5496037, 46.034295 ], [ -112.5496006, 46.0336003 ], [ -112.5495981, 46.0330589 ], [ -112.5490626, 46.0330589 ], [ -112.5452276, 46.0330589 ], [ -112.5452261, 46.0330954 ], [ -112.5443809, 46.0330684 ], [ -112.5443809, 46.0330589 ], [ -112.5440825, 46.0330589 ], [ -112.5437626, 46.0330589 ], [ -112.5437293, 46.0330589 ], [ -112.5399127, 46.0330589 ] ] ] ] } },
{ "type": "Feature", "properties": { "PLSSID": "MT200030N0070W0", "FRSTDIVID": "MT200030N0070W0SN300", "FRSTDIVTYP": "SN", "FRSTDIVTXT": "Section", "FRSTDIVNO": "30", "FRSTDIVDUP": "0", "FRSTDIVLAB": "30", "SURVTYP": null, "SURVTYPTXT": null, "SOURCEDATE": null, "SOURCEREF": null, "RECRDAREAT": null, "RECRDAREAN": 0.0, "GISACRE": 635.51425734300005, "SHAPE_Leng": 6410.46045357, "SHAPE_Area": 2571834.9538500002 }, "geometry": { "type": "MultiPolygon", "coordinates": [ [ [ [ -112.5286701, 45.9894761 ], [ -112.5286859, 45.9858231 ], [ -112.5287016, 45.9821701 ], [ -112.5286582, 45.9785502 ], [ -112.5286147, 45.9749303 ], [ -112.5237992, 45.9749465 ], [ -112.5185918, 45.9749646 ], [ -112.5133673, 45.974989 ], [ -112.5081428, 45.9750135 ], [ -112.5081479, 45.9786596 ], [ -112.508153, 45.9823057 ], [ -112.5081581, 45.9859518 ], [ -112.5081632, 45.9895979 ], [ -112.5133814, 45.9895639 ], [ -112.5185996, 45.98953 ], [ -112.5238044, 45.9895019 ], [ -112.5286701, 45.9894761 ] ] ] ] } },
{ "type": "Feature", "properties": { "PLSSID": "MT200030N0070W0", "FRSTDIVID": "MT200030N0070W0SN090", "FRSTDIVTYP": "SN", "FRSTDIVTXT": "Section", "FRSTDIVNO": "09", "FRSTDIVDUP": "0", "FRSTDIVLAB": "09", "SURVTYP": null, "SURVTYPTXT": null, "SOURCEDATE": null, "SOURCEREF": null, "RECRDAREAT": null, "RECRDAREAN": 0.0, "GISACRE": 641.13920935199997, "SHAPE_Leng": 6450.8642737099999, "SHAPE_Area": 2594598.3270200002 }, "geometry": { "type": "MultiPolygon", "coordinates": [ [ [ [ -112.4664519, 46.0189114 ], [ -112.4664686, 46.0204725 ], [ -112.4664735, 46.0209297 ], [ -112.4664845, 46.0219494 ], [ -112.4664872, 46.0222042 ], [ -112.466489, 46.0223699 ], [ -112.4664906, 46.0225168 ], [ -112.4665042, 46.0237894 ], [ -112.466506, 46.0239527 ], [ -112.4665161, 46.0249019 ], [ -112.4665167, 46.0249556 ], [ -112.466518, 46.0250733 ], [ -112.4665233, 46.0255679 ], [ -112.4665284, 46.0260473 ], [ -112.4665286, 46.0260599 ], [ -112.4665422, 46.0273368 ], [ -112.4665585, 46.0288583 ], [ -112.4665592, 46.0289217 ], [ -112.4665621, 46.0291864 ], [ -112.4665676, 46.0297055 ], [ -112.466581, 46.0309541 ], [ -112.4665974, 46.0324841 ], [ -112.4666009, 46.0328049 ], [ -112.4709735, 46.0327977 ], [ -112.4710202, 46.0327976 ], [ -112.4717878, 46.0327963 ], [ -112.4729874, 46.0327943 ], [ -112.4769747, 46.0327878 ], [ -112.4771989, 46.0327876 ], [ -112.4792161, 46.0327859 ], [ -112.4821658, 46.0327835 ], [ -112.4821943, 46.0327835 ], [ -112.4822602, 46.0327834 ], [ -112.4856936, 46.0327806 ], [ -112.487414, 46.0327791 ], [ -112.4874149, 46.0322835 ], [ -112.487415, 46.0322092 ], [ -112.4874153, 46.0319741 ], [ -112.4874095, 46.0305706 ], [ -112.4874062, 46.0297854 ], [ -112.4874037, 46.029165 ], [ -112.4874031, 46.0290339 ], [ -112.4874017, 46.0286906 ], [ -112.4873972, 46.0276064 ], [ -112.4873946, 46.0269899 ], [ -112.4873911, 46.0261299 ], [ -112.4873911, 46.0260281 ], [ -112.4873916, 46.0255509 ], [ -112.4873799, 46.0246547 ], [ -112.4873755, 46.024324 ], [ -112.4873729, 46.0241253 ], [ -112.4873551, 46.0227695 ], [ -112.4873514, 46.0224816 ], [ -112.4873513, 46.0224722 ], [ -112.4873441, 46.0219293 ], [ -112.4873337, 46.0211308 ], [ -112.4873329, 46.0210134 ], [ -112.4873312, 46.020288 ], [ -112.4873276, 46.0188145 ], [ -112.487327, 46.0187132 ], [ -112.4873267, 46.0186518 ], [ -112.4873246, 46.0183078 ], [ -112.4865968, 46.0183086 ], [ -112.4850209, 46.0183104 ], [ -112.4843755, 46.0183111 ], [ -112.4842419, 46.0183112 ], [ -112.4820693, 46.0183136 ], [ -112.4819437, 46.0183138 ], [ -112.4816535, 46.0183141 ], [ -112.4815422, 46.0183142 ], [ -112.476814, 46.0183195 ], [ -112.476752, 46.0183196 ], [ -112.4764037, 46.0183199 ], [ -112.4752481, 46.0183212 ], [ -112.4740723, 46.0183225 ], [ -112.474071, 46.0183225 ], [ -112.4717942, 46.018325 ], [ -112.4716304, 46.0183799 ], [ -112.4716298, 46.0183252 ], [ -112.4716298, 46.0183243 ], [ -112.4716298, 46.0183187 ], [ -112.4716123, 46.0183252 ], [ -112.4704075, 46.0183265 ], [ -112.4693949, 46.0183277 ], [ -112.4675165, 46.0183297 ], [ -112.4664457, 46.0183309 ], [ -112.4664519, 46.0189114 ] ] ] ] } },
{ "type": "Feature", "properties": { "PLSSID": "MT200040N0070W0", "FRSTDIVID": "MT200040N0070W0SN340", "FRSTDIVTYP": "SN", "FRSTDIVTXT": "Section", "FRSTDIVNO": "34", "FRSTDIVDUP": "0", "FRSTDIVLAB": "34", "SURVTYP": null, "SURVTYPTXT": null, "SOURCEDATE": null, "SOURCEREF": null, "RECRDAREAT": null, "RECRDAREAN": 0.0, "GISACRE": 606.09737952600005, "SHAPE_Leng": 6273.4980160100004, "SHAPE_Area": 2452789.0729299998 }, "geometry": { "type": "MultiPolygon", "coordinates": [ [ [ [ -112.4466135, 46.0512017 ], [ -112.4466136, 46.0512569 ], [ -112.4466198, 46.0548229 ], [ -112.4466199, 46.0549333 ], [ -112.4466259, 46.0584441 ], [ -112.4466262, 46.0586014 ], [ -112.4466322, 46.0620653 ], [ -112.4507449, 46.0620509 ], [ -112.4518212, 46.0620465 ], [ -112.4521202, 46.0620452 ], [ -112.4528246, 46.0620423 ], [ -112.4559327, 46.0620309 ], [ -112.461142, 46.062047 ], [ -112.4663513, 46.0620632 ], [ -112.4663734, 46.058452 ], [ -112.4663956, 46.0548407 ], [ -112.4664119, 46.0521712 ], [ -112.4664177, 46.0512294 ], [ -112.4664283, 46.049499 ], [ -112.4664373, 46.0480339 ], [ -112.4664384, 46.0478556 ], [ -112.4664398, 46.0476181 ], [ -112.4623446, 46.0476242 ], [ -112.461236, 46.0476257 ], [ -112.4571394, 46.0476312 ], [ -112.4560321, 46.0476264 ], [ -112.4518733, 46.0476064 ], [ -112.4518105, 46.0476061 ], [ -112.4466073, 46.0475805 ], [ -112.4466135, 46.0512017 ] ] ] ] } },
{ "type": "Feature", "properties": { "PLSSID": "MT200030N0090W0", "FRSTDIVID": "MT200030N0090W0SN360", "FRSTDIVTYP": "SN", "FRSTDIVTXT": "Section", "FRSTDIVNO": "36", "FRSTDIVDUP": "0", "FRSTDIVLAB": "36", "SURVTYP": null, "SURVTYPTXT": null, "SOURCEDATE": null, "SOURCEREF": null, "RECRDAREAT": null, "RECRDAREAN": 0.0, "GISACRE": 671.11148143599996, "SHAPE_Leng": 6592.8048823099998, "SHAPE_Area": 2715891.8087900002 }, "geometry": { "type": "MultiPolygon", "coordinates": [ [ [ [ -112.653021, 45.9642589 ], [ -112.6530245, 45.9679406 ], [ -112.653028, 45.9716223 ], [ -112.6530316, 45.975304 ], [ -112.6584044, 45.9753401 ], [ -112.6637773, 45.9753761 ], [ -112.6691501, 45.9754122 ], [ -112.674523, 45.9754482 ], [ -112.6745391, 45.9718026 ], [ -112.6745552, 45.968157 ], [ -112.6745714, 45.9645114 ], [ -112.6745875, 45.9608658 ], [ -112.669195, 45.9607937 ], [ -112.6638024, 45.9607216 ], [ -112.6584099, 45.9606494 ], [ -112.6530174, 45.9605773 ], [ -112.653021, 45.9642589 ] ] ] ] } },
{ "type": "Feature", "properties": { "PLSSID": "MT200040N0070W0", "FRSTDIVID": "MT200040N0070W0SN200", "FRSTDIVTYP": "SN", "FRSTDIVTXT": "Section", "FRSTDIVNO": "20", "FRSTDIVDUP": "0", "FRSTDIVLAB": "20", "SURVTYP": null, "SURVTYPTXT": null, "SOURCEDATE": null, "SOURCEREF": null, "RECRDAREAT": null, "RECRDAREAN": 0.0, "GISACRE": 639.19538991100001, "SHAPE_Leng": 6432.8196092300004, "SHAPE_Area": 2586731.9688300001 }, "geometry": { "type": "MultiPolygon", "coordinates": [ [ [ [ -112.4871936, 46.0778938 ], [ -112.4871922, 46.0794684 ], [ -112.4871915, 46.0801842 ], [ -112.4871908, 46.0809379 ], [ -112.4871888, 46.083043 ], [ -112.4871884, 46.0833307 ], [ -112.487188, 46.0836185 ], [ -112.4871877, 46.0837976 ], [ -112.4871907, 46.085834 ], [ -112.4871916, 46.0864785 ], [ -112.4871928, 46.0872351 ], [ -112.487193, 46.0874064 ], [ -112.4871935, 46.0877168 ], [ -112.4871984, 46.0910152 ], [ -112.4896705, 46.0910138 ], [ -112.4904415, 46.0910133 ], [ -112.4924109, 46.0910122 ], [ -112.4969995, 46.0910095 ], [ -112.4976234, 46.0910091 ], [ -112.5028299, 46.0910075 ], [ -112.5067684, 46.0910063 ], [ -112.5075905, 46.091006 ], [ -112.5080363, 46.0910059 ], [ -112.5080362, 46.0908422 ], [ -112.5080356, 46.0901583 ], [ -112.5080355, 46.0900519 ], [ -112.5080351, 46.0895513 ], [ -112.5080332, 46.0873952 ], [ -112.5080331, 46.0872477 ], [ -112.5080301, 46.0837845 ], [ -112.5080306, 46.0808002 ], [ -112.5080312, 46.0801675 ], [ -112.5080314, 46.080035 ], [ -112.5080327, 46.0787376 ], [ -112.5080338, 46.0776422 ], [ -112.5080349, 46.0765504 ], [ -112.5046069, 46.0765513 ], [ -112.502826, 46.0765528 ], [ -112.5002172, 46.0765551 ], [ -112.4983612, 46.0765567 ], [ -112.497617, 46.0765574 ], [ -112.4924063, 46.0765641 ], [ -112.4920121, 46.0765646 ], [ -112.4871955, 46.0765709 ], [ -112.4871936, 46.0778938 ] ] ] ] } },
{ "type": "Feature", "properties": { "PLSSID": "MT200040N0090W0", "FRSTDIVID": "MT200040N0090W0SN100", "FRSTDIVTYP": "SN", "FRSTDIVTXT": "Section", "FRSTDIVNO": "10", "FRSTDIVDUP": "0", "FRSTDIVLAB": "10", "SURVTYP": null, "SURVTYPTXT": null, "SOURCEDATE": null, "SOURCEREF": null, "RECRDAREAT": null, "RECRDAREAN": 0.0, "GISACRE": 639.06503831299995, "SHAPE_Leng": 6432.1344000999998, "SHAPE_Area": 2586204.4546300001 }, "geometry": { "type": "MultiPolygon", "coordinates": [ [ [ [ -112.6941121, 46.1088292 ], [ -112.6941114, 46.1124455 ], [ -112.6941107, 46.1160618 ], [ -112.69411, 46.1196782 ], [ -112.6993156, 46.1196904 ], [ -112.7045213, 46.1197026 ], [ -112.7097269, 46.1197148 ], [ -112.7149326, 46.119727 ], [ -112.7149323, 46.1161045 ], [ -112.714932, 46.112482 ], [ -112.7149245, 46.1088652 ], [ -112.7149171, 46.1052483 ], [ -112.709716, 46.1052394 ], [ -112.7045149, 46.1052306 ], [ -112.6993139, 46.1052217 ], [ -112.6941128, 46.1052128 ], [ -112.6941121, 46.1088292 ] ] ] ] } },
{ "type": "Feature", "properties": { "PLSSID": "MT200030N0090W0", "FRSTDIVID": "MT200030N0090W0SN350", "FRSTDIVTYP": "SN", "FRSTDIVTXT": "Section", "FRSTDIVNO": "35", "FRSTDIVDUP": "0", "FRSTDIVLAB": "35", "SURVTYP": null, "SURVTYPTXT": null, "SOURCEDATE": null, "SOURCEREF": null, "RECRDAREAT": null, "RECRDAREAN": 0.0, "GISACRE": 650.49369464999995, "SHAPE_Leng": 6486.2244244200001, "SHAPE_Area": 2632454.58592 }, "geometry": { "type": "MultiPolygon", "coordinates": [ [ [ [ -112.6902784, 45.9755427 ], [ -112.6955303, 45.9755741 ], [ -112.6955112, 45.9719068 ], [ -112.695492, 45.9682396 ], [ -112.6954225, 45.9645727 ], [ -112.695353, 45.9609058 ], [ -112.6901616, 45.9608958 ], [ -112.6849702, 45.9608858 ], [ -112.6797789, 45.9608758 ], [ -112.6745875, 45.9608658 ], [ -112.6745714, 45.9645114 ], [ -112.6745552, 45.968157 ], [ -112.6745391, 45.9718026 ], [ -112.674523, 45.9754482 ], [ -112.6797748, 45.9754797 ], [ -112.6850266, 45.9755112 ], [ -112.6902784, 45.9755427 ] ] ] ] } },
{ "type": "Feature", "properties": { "PLSSID": "MT200020N0090W0", "FRSTDIVID": "MT200020N0090W0SN100", "FRSTDIVTYP": "SN", "FRSTDIVTXT": "Section", "FRSTDIVNO": "10", "FRSTDIVDUP": "0", "FRSTDIVLAB": "10", "SURVTYP": null, "SURVTYPTXT": null, "SOURCEDATE": null, "SOURCEREF": null, "RECRDAREAT": null, "RECRDAREAN": 0.0, "GISACRE": 650.49126935699996, "SHAPE_Leng": 6490.1782783099998, "SHAPE_Area": 2632444.7711100001 }, "geometry": { "type": "MultiPolygon", "coordinates": [ [ [ [ -112.6930054, 45.93342 ], [ -112.6930014, 45.9370843 ], [ -112.6929973, 45.9407487 ], [ -112.6929933, 45.944413 ], [ -112.6982549, 45.9443498 ], [ -112.7035165, 45.9442866 ], [ -112.7087787, 45.9442228 ], [ -112.714041, 45.9441591 ], [ -112.7140293, 45.9405513 ], [ -112.7140177, 45.9369436 ], [ -112.714012, 45.9351401 ], [ -112.7140106, 45.9346892 ], [ -112.7140092, 45.9342383 ], [ -112.7140078, 45.9337875 ], [ -112.7140064, 45.9333366 ], [ -112.7140008, 45.9315331 ], [ -112.713998, 45.9306313 ], [ -112.7139952, 45.9297296 ], [ -112.7087488, 45.9297361 ], [ -112.7035023, 45.9297427 ], [ -112.6982558, 45.9297492 ], [ -112.6930094, 45.9297557 ], [ -112.6930054, 45.93342 ] ] ] ] } },
{ "type": "Feature", "properties": { "PLSSID": "MT200040N0080W0", "FRSTDIVID": "MT200040N0080W0SN010", "FRSTDIVTYP": "SN", "FRSTDIVTXT": "Section", "FRSTDIVNO": "01", "FRSTDIVDUP": "0", "FRSTDIVLAB": "01", "SURVTYP": null, "SURVTYPTXT": null, "SOURCEDATE": null, "SOURCEREF": null, "RECRDAREAT": null, "RECRDAREAN": 0.0, "GISACRE": 695.70202730599999, "SHAPE_Leng": 6722.8706460800004, "SHAPE_Area": 2815406.21728 }, "geometry": { "type": "MultiPolygon", "coordinates": [ [ [ [ -112.5436594, 46.1196627 ], [ -112.5385275, 46.1196866 ], [ -112.5333956, 46.1197105 ], [ -112.5282636, 46.1197344 ], [ -112.5282624, 46.119937 ], [ -112.528227, 46.1233516 ], [ -112.5282249, 46.1235542 ], [ -112.5281894, 46.1269688 ], [ -112.5281878, 46.1271714 ], [ -112.5281574, 46.1305866 ], [ -112.5281559, 46.1307892 ], [ -112.5281096, 46.1356548 ], [ -112.5306195, 46.1356547 ], [ -112.5333335, 46.1356545 ], [ -112.5357406, 46.1356544 ], [ -112.5385574, 46.1356543 ], [ -112.5415795, 46.1356543 ], [ -112.5436187, 46.1356543 ], [ -112.5444989, 46.1356544 ], [ -112.5474184, 46.1356543 ], [ -112.54868, 46.1356543 ], [ -112.5487124, 46.1304777 ], [ -112.5487282, 46.1268626 ], [ -112.5487598, 46.1232507 ], [ -112.5487913, 46.1196388 ], [ -112.5436594, 46.1196627 ] ] ] ] } },
{ "type": "Feature", "properties": { "PLSSID": "MT200040N0090W0", "FRSTDIVID": "MT200040N0090W0SN340", "FRSTDIVTYP": "SN", "FRSTDIVTXT": "Section", "FRSTDIVNO": "34", "FRSTDIVDUP": "0", "FRSTDIVLAB": "34", "SURVTYP": null, "SURVTYPTXT": null, "SOURCEDATE": null, "SOURCEREF": null, "RECRDAREAT": null, "RECRDAREAN": 0.0, "GISACRE": 639.81166946899998, "SHAPE_Leng": 6436.4331638699996, "SHAPE_Area": 2589225.9637199999 }, "geometry": { "type": "MultiPolygon", "coordinates": [ [ [ [ -112.6992136, 46.0473902 ], [ -112.6940086, 46.0474001 ], [ -112.6940196, 46.0510146 ], [ -112.6940306, 46.0546291 ], [ -112.6940416, 46.0582437 ], [ -112.6940526, 46.0618582 ], [ -112.6992536, 46.0618577 ], [ -112.7044547, 46.0618572 ], [ -112.7096557, 46.0618567 ], [ -112.7148568, 46.0618562 ], [ -112.7148498, 46.0582323 ], [ -112.7148427, 46.0546084 ], [ -112.7148356, 46.0509845 ], [ -112.7148286, 46.0473606 ], [ -112.7096236, 46.0473705 ], [ -112.7044186, 46.0473804 ], [ -112.6992136, 46.0473902 ] ] ] ] } },
{ "type": "Feature", "properties": { "PLSSID": "MT200020N0070W0", "FRSTDIVID": "MT200020N0070W0SN130", "FRSTDIVTYP": "SN", "FRSTDIVTXT": "Section", "FRSTDIVNO": "13", "FRSTDIVDUP": "0", "FRSTDIVLAB": "13", "SURVTYP": null, "SURVTYPTXT": null, "SOURCEDATE": null, "SOURCEREF": null, "RECRDAREAT": null, "RECRDAREAN": 0.0, "GISACRE": 637.27119065900001, "SHAPE_Leng": 6424.4658677699999, "SHAPE_Area": 2578945.0107300002 }, "geometry": { "type": "MultiPolygon", "coordinates": [ [ [ [ -112.4048868, 45.9174558 ], [ -112.4048906, 45.919264 ], [ -112.4048919, 45.9198773 ], [ -112.4048944, 45.9210722 ], [ -112.4048996, 45.9235039 ], [ -112.4049023, 45.9246887 ], [ -112.4049032, 45.9271338 ], [ -112.4049036, 45.9283032 ], [ -112.4049045, 45.9307637 ], [ -112.4100801, 45.9307754 ], [ -112.4152558, 45.930787 ], [ -112.4204315, 45.9307987 ], [ -112.4256071, 45.9308104 ], [ -112.4255833, 45.927194 ], [ -112.4255595, 45.9235777 ], [ -112.4255357, 45.9199613 ], [ -112.4255119, 45.916345 ], [ -112.4203542, 45.9163214 ], [ -112.4151965, 45.9162979 ], [ -112.4100388, 45.9162743 ], [ -112.4048811, 45.9162508 ], [ -112.4048868, 45.9174558 ] ] ] ] } },
{ "type": "Feature", "properties": { "PLSSID": "MT200030N0080W0", "FRSTDIVID": "MT200030N0080W0SN280", "FRSTDIVTYP": "SN", "FRSTDIVTXT": "Section", "FRSTDIVNO": "28", "FRSTDIVDUP": "0", "FRSTDIVLAB": "28", "SURVTYP": null, "SURVTYPTXT": null, "SOURCEDATE": null, "SOURCEREF": null, "RECRDAREAT": null, "RECRDAREAN": 0.0, "GISACRE": 644.07701908599995, "SHAPE_Leng": 6455.0528910599996, "SHAPE_Area": 2606487.2212100001 }, "geometry": { "type": "MultiPolygon", "coordinates": [ [ [ [ -112.5911565, 45.986114 ], [ -112.5911597, 45.9892315 ], [ -112.5911599, 45.9894419 ], [ -112.5957073, 45.9894751 ], [ -112.5963551, 45.9894811 ], [ -112.5965751, 45.9894832 ], [ -112.5978495, 45.9894926 ], [ -112.6015502, 45.9895179 ], [ -112.6067742, 45.9894955 ], [ -112.6119983, 45.9894732 ], [ -112.6119568, 45.9858119 ], [ -112.6119153, 45.9821505 ], [ -112.6118739, 45.9784892 ], [ -112.6118324, 45.9748278 ], [ -112.6066674, 45.9748717 ], [ -112.6015023, 45.9749156 ], [ -112.596337, 45.9749172 ], [ -112.5911717, 45.9749189 ], [ -112.591164, 45.978551 ], [ -112.5911613, 45.9798125 ], [ -112.5911579, 45.9814168 ], [ -112.5911577, 45.9814573 ], [ -112.5911541, 45.9821831 ], [ -112.5911544, 45.9830478 ], [ -112.5911544, 45.9830631 ], [ -112.591155, 45.9845466 ], [ -112.591155, 45.98469 ], [ -112.5911562, 45.9858125 ], [ -112.5911565, 45.986114 ] ] ] ] } },
{ "type": "Feature", "properties": { "PLSSID": "MT200040N0090W0", "FRSTDIVID": "MT200040N0090W0SN230", "FRSTDIVTYP": "SN", "FRSTDIVTXT": "Section", "FRSTDIVNO": "23", "FRSTDIVDUP": "0", "FRSTDIVLAB": "23", "SURVTYP": null, "SURVTYPTXT": null, "SOURCEDATE": null, "SOURCEREF": null, "RECRDAREAT": null, "RECRDAREAN": 0.0, "GISACRE": 638.26866603200006, "SHAPE_Leng": 6428.6635259699997, "SHAPE_Area": 2582981.6503499998 }, "geometry": { "type": "MultiPolygon", "coordinates": [ [ [ [ -112.673323, 46.0799385 ], [ -112.6733251, 46.0835563 ], [ -112.6733273, 46.087174 ], [ -112.6733294, 46.0907918 ], [ -112.6785274, 46.0907877 ], [ -112.6837255, 46.0907835 ], [ -112.6889235, 46.0907794 ], [ -112.6941216, 46.0907753 ], [ -112.6941164, 46.0871591 ], [ -112.6941112, 46.083543 ], [ -112.6941061, 46.0799269 ], [ -112.6941009, 46.0763108 ], [ -112.6889059, 46.0763133 ], [ -112.6837109, 46.0763158 ], [ -112.6785159, 46.0763183 ], [ -112.6733209, 46.0763208 ], [ -112.673323, 46.0799385 ] ] ] ] } },
{ "type": "Feature", "properties": { "PLSSID": "MT200040N0070W0", "FRSTDIVID": "MT200040N0070W0SN030", "FRSTDIVTYP": "SN", "FRSTDIVTXT": "Section", "FRSTDIVNO": "03", "FRSTDIVDUP": "0", "FRSTDIVLAB": "03", "SURVTYP": null, "SURVTYPTXT": null, "SOURCEDATE": null, "SOURCEREF": null, "RECRDAREAT": null, "RECRDAREAN": 0.0, "GISACRE": 692.54493849200003, "SHAPE_Leng": 6700.4066743000003, "SHAPE_Area": 2802629.9321400002 }, "geometry": { "type": "MultiPolygon", "coordinates": [ [ [ [ -112.4664298, 46.1356449 ], [ -112.4664304, 46.1343861 ], [ -112.466431, 46.1334818 ], [ -112.4664316, 46.1325774 ], [ -112.4664323, 46.1307691 ], [ -112.4664321, 46.1271541 ], [ -112.4664287, 46.1235425 ], [ -112.4664253, 46.1199308 ], [ -112.4612147, 46.1199394 ], [ -112.4560041, 46.119948 ], [ -112.4507935, 46.1199565 ], [ -112.4455829, 46.1199651 ], [ -112.445596, 46.1235878 ], [ -112.4456091, 46.1272104 ], [ -112.4456134, 46.1308311 ], [ -112.4456227, 46.1356021 ], [ -112.4473068, 46.1356067 ], [ -112.4508246, 46.1356163 ], [ -112.4525217, 46.135621 ], [ -112.4560265, 46.1356326 ], [ -112.4577367, 46.1356371 ], [ -112.4612282, 46.1356463 ], [ -112.4629517, 46.1356508 ], [ -112.4638293, 46.1356493 ], [ -112.4664298, 46.1356449 ] ] ] ] } },
{ "type": "Feature", "properties": { "PLSSID": "MT200030N0080W0", "FRSTDIVID": "MT200030N0080W0SN120", "FRSTDIVTYP": "SN", "FRSTDIVTXT": "Section", "FRSTDIVNO": "12", "FRSTDIVDUP": "0", "FRSTDIVLAB": "12", "SURVTYP": null, "SURVTYPTXT": null, "SOURCEDATE": null, "SOURCEREF": null, "RECRDAREAT": null, "RECRDAREAN": 0.0, "GISACRE": 644.22990665400005, "SHAPE_Leng": 6465.47759159, "SHAPE_Area": 2607105.93524 }, "geometry": { "type": "MultiPolygon", "coordinates": [ [ [ [ -112.5490626, 46.0330589 ], [ -112.5495981, 46.0330589 ], [ -112.5495978, 46.0329394 ], [ -112.5495965, 46.0324752 ], [ -112.549595, 46.0319496 ], [ -112.5495945, 46.0317608 ], [ -112.5495921, 46.0309364 ], [ -112.5495914, 46.030681 ], [ -112.5495908, 46.0304896 ], [ -112.5495879, 46.0294342 ], [ -112.5495862, 46.0288464 ], [ -112.549585, 46.0284326 ], [ -112.549585, 46.0284308 ], [ -112.5495807, 46.0268997 ], [ -112.5495806, 46.0268642 ], [ -112.5495776, 46.0258205 ], [ -112.5495776, 46.0258096 ], [ -112.5495731, 46.0242203 ], [ -112.5495726, 46.0240331 ], [ -112.5495683, 46.022529 ], [ -112.549568, 46.0224313 ], [ -112.5495679, 46.0223812 ], [ -112.5495673, 46.0221849 ], [ -112.5495662, 46.0217926 ], [ -112.5495639, 46.0209867 ], [ -112.5495638, 46.020944 ], [ -112.5495607, 46.0198556 ], [ -112.5495586, 46.0191149 ], [ -112.549557, 46.0185602 ], [ -112.5491881, 46.0185594 ], [ -112.5487625, 46.0185584 ], [ -112.5479006, 46.0185564 ], [ -112.546969, 46.0185542 ], [ -112.5461985, 46.0185524 ], [ -112.5459323, 46.0185518 ], [ -112.5458675, 46.0185517 ], [ -112.5457604, 46.0185514 ], [ -112.5451274, 46.01855 ], [ -112.5448655, 46.0185494 ], [ -112.5443322, 46.0185481 ], [ -112.5417655, 46.0185422 ], [ -112.5417401, 46.0185421 ], [ -112.5415905, 46.0185418 ], [ -112.5391074, 46.018536 ], [ -112.5376466, 46.0185351 ], [ -112.5368665, 46.0185346 ], [ -112.5356839, 46.0185338 ], [ -112.5356493, 46.0185338 ], [ -112.5356163, 46.0185338 ], [ -112.5353554, 46.0185336 ], [ -112.5338811, 46.0185327 ], [ -112.5330662, 46.0185322 ], [ -112.5328197, 46.0185052 ], [ -112.5328106, 46.018532 ], [ -112.5327848, 46.018532 ], [ -112.5327583, 46.018532 ], [ -112.5314405, 46.0185311 ], [ -112.5312588, 46.018531 ], [ -112.5286547, 46.0185294 ], [ -112.5286604, 46.0193985 ], [ -112.5286605, 46.0194691 ], [ -112.5286645, 46.0202519 ], [ -112.5286662, 46.0207716 ], [ -112.5286779, 46.0220181 ], [ -112.5286779, 46.0220687 ], [ -112.528678, 46.0221515 ], [ -112.528678, 46.0221773 ], [ -112.5286838, 46.0231189 ], [ -112.5286837, 46.0233326 ], [ -112.5286837, 46.0233434 ], [ -112.5286838, 46.0234629 ], [ -112.5286837, 46.0235156 ], [ -112.5286838, 46.0236045 ], [ -112.5286839, 46.0236824 ], [ -112.5286855, 46.0242792 ], [ -112.5286865, 46.0246556 ], [ -112.5286899, 46.0255073 ], [ -112.5286904, 46.0257737 ], [ -112.5287021, 46.0270363 ], [ -112.5287021, 46.0271305 ], [ -112.5287066, 46.0280447 ], [ -112.5287156, 46.0294163 ], [ -112.528716, 46.0294863 ], [ -112.5287161, 46.0295624 ], [ -112.5287188, 46.0303347 ], [ -112.5287189, 46.0304325 ], [ -112.5287274, 46.0318098 ], [ -112.5287274, 46.0318243 ], [ -112.5287278, 46.0321924 ], [ -112.5287291, 46.0330589 ], [ -112.5339464, 46.0330589 ], [ -112.5343627, 46.0330589 ], [ -112.5351214, 46.0330589 ], [ -112.5351323, 46.0330589 ], [ -112.535143, 46.0330589 ], [ -112.538892, 46.0330589 ], [ -112.5391636, 46.0330589 ], [ -112.5399127, 46.0330589 ], [ -112.5437293, 46.0330589 ], [ -112.5437626, 46.0330589 ], [ -112.5440825, 46.0330589 ], [ -112.5443809, 46.0330589 ], [ -112.5443809, 46.0330684 ], [ -112.5452261, 46.0330954 ], [ -112.5452276, 46.0330589 ], [ -112.5490626, 46.0330589 ] ] ] ] } },
{ "type": "Feature", "properties": { "PLSSID": "MT200030N0090W0", "FRSTDIVID": "MT200030N0090W0SN270", "FRSTDIVTYP": "SN", "FRSTDIVTXT": "Section", "FRSTDIVNO": "27", "FRSTDIVDUP": "0", "FRSTDIVLAB": "27", "SURVTYP": null, "SURVTYPTXT": null, "SOURCEDATE": null, "SOURCEREF": null, "RECRDAREAT": null, "RECRDAREAN": 0.0, "GISACRE": 646.28486392299999, "SHAPE_Leng": 6469.3874807800003, "SHAPE_Area": 2615422.0522699999 }, "geometry": { "type": "MultiPolygon", "coordinates": [ [ [ [ -112.6954777, 45.9792043 ], [ -112.6954251, 45.9828345 ], [ -112.6953724, 45.9864647 ], [ -112.6953187, 45.9900948 ], [ -112.7005357, 45.9900883 ], [ -112.7057515, 45.9900818 ], [ -112.7109673, 45.9900753 ], [ -112.7161831, 45.9900687 ], [ -112.7162596, 45.9864319 ], [ -112.7163361, 45.982795 ], [ -112.7164125, 45.9791779 ], [ -112.716413, 45.9791571 ], [ -112.7164899, 45.9755192 ], [ -112.71125, 45.9755329 ], [ -112.7060101, 45.9755466 ], [ -112.7007702, 45.9755604 ], [ -112.6955303, 45.9755741 ], [ -112.6954777, 45.9792043 ] ] ] ] } },
{ "type": "Feature", "properties": { "PLSSID": "MT200030N0070W0", "FRSTDIVID": "MT200030N0070W0SN280", "FRSTDIVTYP": "SN", "FRSTDIVTXT": "Section", "FRSTDIVNO": "28", "FRSTDIVDUP": "0", "FRSTDIVLAB": "28", "SURVTYP": null, "SURVTYPTXT": null, "SOURCEDATE": null, "SOURCEREF": null, "RECRDAREAT": null, "RECRDAREAN": 0.0, "GISACRE": 650.29962489100001, "SHAPE_Leng": 6489.6813365799999, "SHAPE_Area": 2631669.2134699998 }, "geometry": { "type": "MultiPolygon", "coordinates": [ [ [ [ -112.4661713, 45.9762337 ], [ -112.4661724, 45.9765652 ], [ -112.466174, 45.9770251 ], [ -112.4661793, 45.978595 ], [ -112.4661794, 45.9786067 ], [ -112.4661795, 45.9786493 ], [ -112.4661892, 45.9815111 ], [ -112.4661902, 45.9817876 ], [ -112.4661916, 45.9821979 ], [ -112.4661921, 45.9823064 ], [ -112.466196, 45.9834307 ], [ -112.4662016, 45.9850735 ], [ -112.4662041, 45.9858012 ], [ -112.4662047, 45.985964 ], [ -112.4662101, 45.9875428 ], [ -112.466216, 45.9892768 ], [ -112.4662165, 45.9894045 ], [ -112.4662176, 45.9896216 ], [ -112.4667665, 45.9896212 ], [ -112.4691928, 45.9896198 ], [ -112.4714345, 45.9896189 ], [ -112.4742882, 45.9896176 ], [ -112.4746646, 45.9896176 ], [ -112.4766252, 45.9896173 ], [ -112.4818905, 45.9896151 ], [ -112.4871515, 45.9896151 ], [ -112.4871499, 45.9859741 ], [ -112.4871484, 45.9823331 ], [ -112.4871468, 45.9786921 ], [ -112.4871452, 45.9750511 ], [ -112.4819139, 45.975038 ], [ -112.4766825, 45.975025 ], [ -112.4745988, 45.9750196 ], [ -112.4730963, 45.9750156 ], [ -112.4718998, 45.9750123 ], [ -112.4714248, 45.9750106 ], [ -112.4686291, 45.9750008 ], [ -112.466167, 45.9749922 ], [ -112.4661713, 45.9762337 ] ] ] ] } },
{ "type": "Feature", "properties": { "PLSSID": "MT200040N0080W0", "FRSTDIVID": "MT200040N0080W0SN240", "FRSTDIVTYP": "SN", "FRSTDIVTXT": "Section", "FRSTDIVNO": "24", "FRSTDIVDUP": "0", "FRSTDIVLAB": "24", "SURVTYP": null, "SURVTYPTXT": null, "SOURCEDATE": null, "SOURCEREF": null, "RECRDAREAT": null, "RECRDAREAN": 0.0, "GISACRE": 631.33128691299999, "SHAPE_Leng": 6401.7879310899998, "SHAPE_Area": 2554907.0731100002 }, "geometry": { "type": "MultiPolygon", "coordinates": [ [ [ [ -112.5492565, 46.0908645 ], [ -112.5492764, 46.0872768 ], [ -112.5492962, 46.0836892 ], [ -112.5493161, 46.0801015 ], [ -112.5493359, 46.0765139 ], [ -112.5441579, 46.0765054 ], [ -112.5389799, 46.0764968 ], [ -112.5348694, 46.0764471 ], [ -112.5337931, 46.076431 ], [ -112.5316317, 46.0763986 ], [ -112.5293521, 46.0763645 ], [ -112.5286064, 46.0763533 ], [ -112.5286059, 46.0764999 ], [ -112.5286051, 46.0779058 ], [ -112.5286032, 46.0799477 ], [ -112.5286031, 46.0801105 ], [ -112.528603, 46.0801386 ], [ -112.5286011, 46.0823225 ], [ -112.528601, 46.082811 ], [ -112.5286008, 46.083542 ], [ -112.5286008, 46.0837211 ], [ -112.5285903, 46.0871759 ], [ -112.5285898, 46.0873324 ], [ -112.5285792, 46.0908098 ], [ -112.5337485, 46.0908235 ], [ -112.5389179, 46.0908371 ], [ -112.5440872, 46.0908508 ], [ -112.5492565, 46.0908645 ] ] ] ] } },
{ "type": "Feature", "properties": { "PLSSID": "MT200020N0090W0", "FRSTDIVID": "MT200020N0090W0SN020", "FRSTDIVTYP": "SN", "FRSTDIVTXT": "Section", "FRSTDIVNO": "02", "FRSTDIVDUP": "0", "FRSTDIVLAB": "02", "SURVTYP": null, "SURVTYPTXT": null, "SOURCEDATE": null, "SOURCEREF": null, "RECRDAREAT": null, "RECRDAREAN": 0.0, "GISACRE": 740.54749605999996, "SHAPE_Leng": 6965.9210832400004, "SHAPE_Area": 2996889.3905199999 }, "geometry": { "type": "MultiPolygon", "coordinates": [ [ [ [ -112.6745875, 45.9608658 ], [ -112.6797789, 45.9608758 ], [ -112.6849702, 45.9608858 ], [ -112.6901616, 45.9608958 ], [ -112.695353, 45.9609058 ], [ -112.6945406, 45.9552283 ], [ -112.6940246, 45.9516226 ], [ -112.693509, 45.9480178 ], [ -112.6929933, 45.944413 ], [ -112.6877326, 45.9443122 ], [ -112.6824719, 45.9442113 ], [ -112.6772112, 45.9441105 ], [ -112.6719505, 45.9440096 ], [ -112.6725128, 45.9476407 ], [ -112.673075, 45.9512717 ], [ -112.6736514, 45.9548849 ], [ -112.6745875, 45.9608658 ] ] ] ] } },
{ "type": "Feature", "properties": { "PLSSID": "MT200040N0070W0", "FRSTDIVID": "MT200040N0070W0SN090", "FRSTDIVTYP": "SN", "FRSTDIVTXT": "Section", "FRSTDIVNO": "09", "FRSTDIVDUP": "0", "FRSTDIVLAB": "09", "SURVTYP": null, "SURVTYPTXT": null, "SOURCEDATE": null, "SOURCEREF": null, "RECRDAREAT": null, "RECRDAREAN": 0.0, "GISACRE": 638.68649008600005, "SHAPE_Leng": 6430.7882975000002, "SHAPE_Area": 2584672.5243099998 }, "geometry": { "type": "MultiPolygon", "coordinates": [ [ [ [ -112.4872121, 46.1054967 ], [ -112.4820056, 46.1054933 ], [ -112.4767991, 46.10549 ], [ -112.4715926, 46.1054866 ], [ -112.4663861, 46.1054832 ], [ -112.4663959, 46.1090951 ], [ -112.4664057, 46.112707 ], [ -112.4664155, 46.1163189 ], [ -112.4664253, 46.1199308 ], [ -112.4716289, 46.1199411 ], [ -112.4768325, 46.1199514 ], [ -112.482036, 46.1199616 ], [ -112.4872396, 46.1199719 ], [ -112.4872327, 46.1163531 ], [ -112.4872258, 46.1127343 ], [ -112.487219, 46.1091155 ], [ -112.4872121, 46.1054967 ] ] ] ] } },
{ "type": "Feature", "properties": { "PLSSID": "MT200040N0080W0", "FRSTDIVID": "MT200040N0080W0SN040", "FRSTDIVTYP": "SN", "FRSTDIVTXT": "Section", "FRSTDIVNO": "04", "FRSTDIVDUP": "0", "FRSTDIVLAB": "04", "SURVTYP": null, "SURVTYPTXT": null, "SOURCEDATE": null, "SOURCEREF": null, "RECRDAREAT": null, "RECRDAREAN": 0.0, "GISACRE": 722.93510601900005, "SHAPE_Leng": 6848.9808011499999, "SHAPE_Area": 2925614.5767700002 }, "geometry": { "type": "MultiPolygon", "coordinates": [ [ [ [ -112.5904992, 46.1229959 ], [ -112.5904716, 46.1265864 ], [ -112.5904578, 46.1301906 ], [ -112.5904257, 46.1356617 ], [ -112.5941273, 46.135662 ], [ -112.5957177, 46.1356622 ], [ -112.5993066, 46.1356624 ], [ -112.6010097, 46.1356626 ], [ -112.604491, 46.1356644 ], [ -112.6063071, 46.1356654 ], [ -112.6096755, 46.1356671 ], [ -112.6116046, 46.1356674 ], [ -112.6115837, 46.1303507 ], [ -112.6115742, 46.1267557 ], [ -112.6115554, 46.1231837 ], [ -112.6115365, 46.1196116 ], [ -112.6062841, 46.1195601 ], [ -112.6010317, 46.1195085 ], [ -112.5957793, 46.119457 ], [ -112.5905269, 46.1194055 ], [ -112.5904992, 46.1229959 ] ] ] ] } },
{ "type": "Feature", "properties": { "PLSSID": "MT200040N0090W0", "FRSTDIVID": "MT200040N0090W0SN220", "FRSTDIVTYP": "SN", "FRSTDIVTXT": "Section", "FRSTDIVNO": "22", "FRSTDIVDUP": "0", "FRSTDIVLAB": "22", "SURVTYP": null, "SURVTYPTXT": null, "SOURCEDATE": null, "SOURCEREF": null, "RECRDAREAT": null, "RECRDAREAN": 0.0, "GISACRE": 638.85963118999996, "SHAPE_Leng": 6431.66967028, "SHAPE_Area": 2585373.2014899999 }, "geometry": { "type": "MultiPolygon", "coordinates": [ [ [ [ -112.6941061, 46.0799269 ], [ -112.6941112, 46.083543 ], [ -112.6941164, 46.0871591 ], [ -112.6941216, 46.0907753 ], [ -112.699323, 46.0907878 ], [ -112.7045245, 46.0908003 ], [ -112.709726, 46.0908128 ], [ -112.7149275, 46.0908253 ], [ -112.7149147, 46.0872024 ], [ -112.7149019, 46.0835795 ], [ -112.7148891, 46.0799566 ], [ -112.7148764, 46.0763337 ], [ -112.7096825, 46.076328 ], [ -112.7044886, 46.0763222 ], [ -112.6992947, 46.0763165 ], [ -112.6941009, 46.0763108 ], [ -112.6941061, 46.0799269 ] ] ] ] } },
{ "type": "Feature", "properties": { "PLSSID": "MT200030N0070W0", "FRSTDIVID": "MT200030N0070W0SN260", "FRSTDIVTYP": "SN", "FRSTDIVTXT": "Section", "FRSTDIVNO": "26", "FRSTDIVDUP": "0", "FRSTDIVLAB": "26", "SURVTYP": null, "SURVTYPTXT": null, "SOURCEDATE": null, "SOURCEREF": null, "RECRDAREAT": null, "RECRDAREAN": 0.0, "GISACRE": 638.48344293100001, "SHAPE_Leng": 6425.17448883, "SHAPE_Area": 2583850.8216200001 }, "geometry": { "type": "MultiPolygon", "coordinates": [ [ [ [ -112.4246589, 45.9786413 ], [ -112.4246607, 45.982265 ], [ -112.4246626, 45.9858887 ], [ -112.4246644, 45.9895124 ], [ -112.4283217, 45.9895238 ], [ -112.4298493, 45.9895282 ], [ -112.431195, 45.989532 ], [ -112.4344945, 45.9895412 ], [ -112.4350342, 45.9895427 ], [ -112.4370013, 45.9895326 ], [ -112.4388487, 45.9895229 ], [ -112.4402094, 45.9895156 ], [ -112.4428039, 45.9895016 ], [ -112.4442581, 45.9894934 ], [ -112.4453847, 45.9894874 ], [ -112.4453836, 45.9891057 ], [ -112.4453805, 45.9876471 ], [ -112.4453772, 45.985892 ], [ -112.4453771, 45.9858856 ], [ -112.4453787, 45.9822965 ], [ -112.4453762, 45.9786674 ], [ -112.4453737, 45.9750383 ], [ -112.4401946, 45.9750332 ], [ -112.4350154, 45.9750279 ], [ -112.4298362, 45.9750228 ], [ -112.424657, 45.9750176 ], [ -112.4246589, 45.9786413 ] ] ] ] } },
{ "type": "Feature", "properties": { "PLSSID": "MT200030N0070W0", "FRSTDIVID": "MT200030N0070W0SN150", "FRSTDIVTYP": "SN", "FRSTDIVTXT": "Section", "FRSTDIVNO": "15", "FRSTDIVDUP": "0", "FRSTDIVLAB": "15", "SURVTYP": null, "SURVTYPTXT": null, "SOURCEDATE": null, "SOURCEREF": null, "RECRDAREAT": null, "RECRDAREAN": 0.0, "GISACRE": 637.94675363399995, "SHAPE_Leng": 6433.2427601700001, "SHAPE_Area": 2581678.9170900001 }, "geometry": { "type": "MultiPolygon", "coordinates": [ [ [ [ -112.4643738, 46.0183335 ], [ -112.4664457, 46.0183309 ], [ -112.4664412, 46.0177756 ], [ -112.4664347, 46.0169656 ], [ -112.4664343, 46.0169208 ], [ -112.4664298, 46.016362 ], [ -112.4664224, 46.0154372 ], [ -112.4664166, 46.0147142 ], [ -112.466411, 46.0140092 ], [ -112.4664022, 46.0129182 ], [ -112.4664005, 46.012711 ], [ -112.466392, 46.0116463 ], [ -112.4663876, 46.0110974 ], [ -112.4663843, 46.0106928 ], [ -112.4663818, 46.010382 ], [ -112.466379, 46.010031 ], [ -112.4663655, 46.0083507 ], [ -112.4663586, 46.0074807 ], [ -112.4663553, 46.0070798 ], [ -112.466353, 46.0067885 ], [ -112.4663384, 46.0049722 ], [ -112.4663347, 46.0045091 ], [ -112.4663295, 46.003864 ], [ -112.4657816, 46.0038651 ], [ -112.4637994, 46.0038692 ], [ -112.4634788, 46.0038699 ], [ -112.4630835, 46.0038707 ], [ -112.4616241, 46.0038737 ], [ -112.4615903, 46.0038738 ], [ -112.4611333, 46.0038747 ], [ -112.4591681, 46.0038788 ], [ -112.4568247, 46.0038837 ], [ -112.4559371, 46.0038855 ], [ -112.4534067, 46.0038907 ], [ -112.451043, 46.0038956 ], [ -112.450741, 46.0038962 ], [ -112.4495695, 46.0038987 ], [ -112.4485075, 46.0039008 ], [ -112.4479805, 46.003902 ], [ -112.4479602, 46.003902 ], [ -112.4478871, 46.0039022 ], [ -112.4455448, 46.003907 ], [ -112.4455631, 46.0055124 ], [ -112.4455815, 46.0071234 ], [ -112.4455861, 46.0075195 ], [ -112.4456018, 46.0088948 ], [ -112.4456041, 46.0091062 ], [ -112.4456195, 46.0104472 ], [ -112.4456239, 46.0108312 ], [ -112.4456273, 46.011132 ], [ -112.4456326, 46.0115993 ], [ -112.4456405, 46.0122892 ], [ -112.4456414, 46.0123694 ], [ -112.4456453, 46.0127071 ], [ -112.4456581, 46.0138282 ], [ -112.4456587, 46.0138818 ], [ -112.4456686, 46.0147444 ], [ -112.4456759, 46.0153885 ], [ -112.4456868, 46.0163379 ], [ -112.4457008, 46.017568 ], [ -112.4456951, 46.0175706 ], [ -112.445701, 46.0175825 ], [ -112.4457098, 46.018357 ], [ -112.4460829, 46.0183565 ], [ -112.4460901, 46.0183565 ], [ -112.4461384, 46.0184098 ], [ -112.4462843, 46.0183869 ], [ -112.4463547, 46.0183561 ], [ -112.4507111, 46.0183507 ], [ -112.4508938, 46.0183504 ], [ -112.4510762, 46.0183502 ], [ -112.4510829, 46.0183502 ], [ -112.4515908, 46.0183496 ], [ -112.4548459, 46.0183455 ], [ -112.4549634, 46.0183453 ], [ -112.4553821, 46.0183448 ], [ -112.4560777, 46.0183439 ], [ -112.4576573, 46.0183419 ], [ -112.4612617, 46.0183374 ], [ -112.4619342, 46.0183366 ], [ -112.4630993, 46.0183351 ], [ -112.4630912, 46.0183386 ], [ -112.463112, 46.0183351 ], [ -112.4643738, 46.0183335 ] ] ] ] } },
{ "type": "Feature", "properties": { "PLSSID": "MT200030N0070W0", "FRSTDIVID": "MT200030N0070W0SN210", "FRSTDIVTYP": "SN", "FRSTDIVTXT": "Section", "FRSTDIVNO": "21", "FRSTDIVDUP": "0", "FRSTDIVLAB": "21", "SURVTYP": null, "SURVTYPTXT": null, "SOURCEDATE": null, "SOURCEREF": null, "RECRDAREAT": null, "RECRDAREAN": 0.0, "GISACRE": 634.492373563, "SHAPE_Leng": 6447.8147247400002, "SHAPE_Area": 2567699.5369199999 }, "geometry": { "type": "MultiPolygon", "coordinates": [ [ [ [ -112.4662194, 45.9898311 ], [ -112.4662278, 45.9907799 ], [ -112.4662329, 45.9913543 ], [ -112.4662336, 45.9914266 ], [ -112.4662468, 45.9929212 ], [ -112.4662477, 45.9930182 ], [ -112.4662496, 45.9932352 ], [ -112.4662519, 45.9934945 ], [ -112.4662663, 45.9951155 ], [ -112.46627, 45.9955347 ], [ -112.4662797, 45.9966318 ], [ -112.4662808, 45.9968489 ], [ -112.4662824, 45.997079 ], [ -112.466287, 45.9977346 ], [ -112.4662957, 45.998976 ], [ -112.4662961, 45.9990236 ], [ -112.4663045, 46.0002269 ], [ -112.4663046, 46.0002479 ], [ -112.4663062, 46.0004649 ], [ -112.4663107, 46.0011293 ], [ -112.4663185, 46.0022578 ], [ -112.4663274, 46.0035635 ], [ -112.4663283, 46.003692 ], [ -112.4663284, 46.0036959 ], [ -112.4663284, 46.0037018 ], [ -112.4663295, 46.003864 ], [ -112.4664201, 46.003864 ], [ -112.4692555, 46.0038626 ], [ -112.4693308, 46.0038626 ], [ -112.4715231, 46.0038615 ], [ -112.4716556, 46.0038615 ], [ -112.4752752, 46.0038599 ], [ -112.4767167, 46.0038592 ], [ -112.4768491, 46.0038592 ], [ -112.4773834, 46.0038587 ], [ -112.4774472, 46.0038587 ], [ -112.4775526, 46.0038586 ], [ -112.481058, 46.0038553 ], [ -112.4819773, 46.0038545 ], [ -112.4820435, 46.0038544 ], [ -112.4843786, 46.0038523 ], [ -112.4844928, 46.0038522 ], [ -112.4872388, 46.0042115 ], [ -112.4872379, 46.0038496 ], [ -112.4872336, 46.0025662 ], [ -112.4872257, 46.0005611 ], [ -112.4872256, 46.0005277 ], [ -112.4872073, 45.9969107 ], [ -112.4871794, 45.9932629 ], [ -112.4871515, 45.9896151 ], [ -112.4818905, 45.9896151 ], [ -112.4766252, 45.9896173 ], [ -112.4746646, 45.9896176 ], [ -112.4742882, 45.9896176 ], [ -112.4714345, 45.9896189 ], [ -112.4691928, 45.9896198 ], [ -112.4667665, 45.9896212 ], [ -112.4662176, 45.9896216 ], [ -112.4662194, 45.9898311 ] ] ] ] } },
{ "type": "Feature", "properties": { "PLSSID": "MT200030N0070W0", "FRSTDIVID": "MT200030N0070W0SN120", "FRSTDIVTYP": "SN", "FRSTDIVTXT": "Section", "FRSTDIVNO": "12", "FRSTDIVDUP": "0", "FRSTDIVLAB": "12", "SURVTYP": null, "SURVTYPTXT": null, "SOURCEDATE": null, "SOURCEREF": null, "RECRDAREAT": null, "RECRDAREAN": 0.0, "GISACRE": 632.82904377600005, "SHAPE_Leng": 6557.8014575699999, "SHAPE_Area": 2560968.28009 }, "geometry": { "type": "MultiPolygon", "coordinates": [ [ [ [ -112.4041617, 46.0194751 ], [ -112.4041765, 46.0220295 ], [ -112.4041827, 46.0230914 ], [ -112.4041976, 46.0256457 ], [ -112.4041997, 46.0261812 ], [ -112.4042003, 46.0263513 ], [ -112.4042017, 46.0267077 ], [ -112.4042023, 46.026847 ], [ -112.4042068, 46.027918 ], [ -112.4042159, 46.0292643 ], [ -112.4042231, 46.0303263 ], [ -112.4042404, 46.0328829 ], [ -112.4094341, 46.032868 ], [ -112.4146279, 46.0328532 ], [ -112.4198216, 46.0328383 ], [ -112.4240361, 46.0328262 ], [ -112.4250153, 46.0328234 ], [ -112.4250039, 46.0319862 ], [ -112.4249656, 46.0291882 ], [ -112.4249237, 46.0261272 ], [ -112.4249159, 46.0255529 ], [ -112.4249102, 46.0246587 ], [ -112.4249055, 46.0239192 ], [ -112.424898, 46.0222875 ], [ -112.4248965, 46.0219348 ], [ -112.4248941, 46.0213427 ], [ -112.4248914, 46.0206876 ], [ -112.4248895, 46.0202279 ], [ -112.424887, 46.0196052 ], [ -112.4248839, 46.0188428 ], [ -112.4248818, 46.0183168 ], [ -112.4222965, 46.0183288 ], [ -112.4197007, 46.0183409 ], [ -112.4163632, 46.0183564 ], [ -112.4145196, 46.018365 ], [ -112.4145226, 46.0187712 ], [ -112.4116578, 46.0191745 ], [ -112.4106254, 46.0191481 ], [ -112.4105148, 46.0183836 ], [ -112.4093385, 46.0183891 ], [ -112.4041574, 46.0184132 ], [ -112.4041617, 46.0194751 ] ] ] ] } },
{ "type": "Feature", "properties": { "PLSSID": "MT200040N0090W0", "FRSTDIVID": "MT200040N0090W0SN030", "FRSTDIVTYP": "SN", "FRSTDIVTXT": "Section", "FRSTDIVNO": "03", "FRSTDIVDUP": "0", "FRSTDIVLAB": "03", "SURVTYP": null, "SURVTYPTXT": null, "SOURCEDATE": null, "SOURCEREF": null, "RECRDAREAT": null, "RECRDAREAN": 0.0, "GISACRE": 707.859693386, "SHAPE_Leng": 6781.21645627, "SHAPE_Area": 2864606.5463399999 }, "geometry": { "type": "MultiPolygon", "coordinates": [ [ [ [ -112.6941055, 46.1232952 ], [ -112.694101, 46.1269123 ], [ -112.6940996, 46.13053 ], [ -112.6940956, 46.135703 ], [ -112.6980614, 46.1357083 ], [ -112.699303, 46.13571 ], [ -112.7033182, 46.1357154 ], [ -112.7045103, 46.135722 ], [ -112.7085184, 46.1357426 ], [ -112.7097182, 46.1357488 ], [ -112.7137185, 46.1357693 ], [ -112.7149262, 46.135778 ], [ -112.7149276, 46.1305846 ], [ -112.7149274, 46.1269656 ], [ -112.71493, 46.1233463 ], [ -112.7149326, 46.119727 ], [ -112.7097269, 46.1197148 ], [ -112.7045213, 46.1197026 ], [ -112.6993156, 46.1196904 ], [ -112.69411, 46.1196782 ], [ -112.6941055, 46.1232952 ] ] ] ] } },
{ "type": "Feature", "properties": { "PLSSID": "MT200020N0090W0", "FRSTDIVID": "MT200020N0090W0SN030", "FRSTDIVTYP": "SN", "FRSTDIVTXT": "Section", "FRSTDIVNO": "03", "FRSTDIVDUP": "0", "FRSTDIVLAB": "03", "SURVTYP": null, "SURVTYPTXT": null, "SOURCEDATE": null, "SOURCEREF": null, "RECRDAREAT": null, "RECRDAREAN": 0.0, "GISACRE": 742.12003901499997, "SHAPE_Leng": 6964.3485516399996, "SHAPE_Area": 3003253.24608 }, "geometry": { "type": "MultiPolygon", "coordinates": [ [ [ [ -112.693509, 45.9480178 ], [ -112.6940246, 45.9516226 ], [ -112.6945406, 45.9552283 ], [ -112.695353, 45.9609058 ], [ -112.7005295, 45.9609627 ], [ -112.7057059, 45.9610196 ], [ -112.7108499, 45.9610757 ], [ -112.7159938, 45.9611318 ], [ -112.7153145, 45.955228 ], [ -112.7148906, 45.9515383 ], [ -112.7144658, 45.9478487 ], [ -112.714041, 45.9441591 ], [ -112.7087787, 45.9442228 ], [ -112.7035165, 45.9442866 ], [ -112.6982549, 45.9443498 ], [ -112.6929933, 45.944413 ], [ -112.693509, 45.9480178 ] ] ] ] } },
{ "type": "Feature", "properties": { "PLSSID": "MT200020N0070W0", "FRSTDIVID": "MT200020N0070W0SN170", "FRSTDIVTYP": "SN", "FRSTDIVTXT": "Section", "FRSTDIVNO": "17", "FRSTDIVDUP": "0", "FRSTDIVLAB": "17", "SURVTYP": null, "SURVTYPTXT": null, "SOURCEDATE": null, "SOURCEREF": null, "RECRDAREAT": null, "RECRDAREAN": 0.0, "GISACRE": 657.57738319299995, "SHAPE_Leng": 6525.2391304299999, "SHAPE_Area": 2661121.2563999998 }, "geometry": { "type": "MultiPolygon", "coordinates": [ [ [ [ -112.4869558, 45.9202834 ], [ -112.4869506, 45.9239403 ], [ -112.4869455, 45.9275973 ], [ -112.4869404, 45.9312542 ], [ -112.4922321, 45.931236 ], [ -112.4975237, 45.9312179 ], [ -112.5028153, 45.9311997 ], [ -112.5081069, 45.9311815 ], [ -112.5080767, 45.9275169 ], [ -112.5080466, 45.9238522 ], [ -112.5080165, 45.9201876 ], [ -112.5079863, 45.916523 ], [ -112.5027366, 45.9165489 ], [ -112.4974868, 45.9165747 ], [ -112.4922238, 45.9166006 ], [ -112.4869609, 45.9166265 ], [ -112.4869558, 45.9202834 ] ] ] ] } },
{ "type": "Feature", "properties": { "PLSSID": "MT200040N0080W0", "FRSTDIVID": "MT200040N0080W0SN260", "FRSTDIVTYP": "SN", "FRSTDIVTXT": "Section", "FRSTDIVNO": "26", "FRSTDIVDUP": "0", "FRSTDIVLAB": "26", "SURVTYP": null, "SURVTYPTXT": null, "SOURCEDATE": null, "SOURCEREF": null, "RECRDAREAT": null, "RECRDAREAN": 0.0, "GISACRE": 643.48729542599995, "SHAPE_Leng": 6457.2500826599999, "SHAPE_Area": 2604100.69423 }, "geometry": { "type": "MultiPolygon", "coordinates": [ [ [ [ -112.5494776, 46.0635802 ], [ -112.5494576, 46.0654026 ], [ -112.549455, 46.0656456 ], [ -112.5494366, 46.0673198 ], [ -112.5494194, 46.0688974 ], [ -112.5494153, 46.0692684 ], [ -112.5494013, 46.0705447 ], [ -112.5493832, 46.0722036 ], [ -112.5493756, 46.0728911 ], [ -112.5493359, 46.0765139 ], [ -112.5545704, 46.0764813 ], [ -112.5598049, 46.0764487 ], [ -112.5650394, 46.076416 ], [ -112.5702739, 46.0763834 ], [ -112.5703235, 46.0727701 ], [ -112.5703732, 46.0691569 ], [ -112.5704228, 46.0655436 ], [ -112.5704724, 46.0619304 ], [ -112.5652563, 46.0619618 ], [ -112.5621202, 46.0619807 ], [ -112.5600402, 46.0619932 ], [ -112.5598814, 46.0619936 ], [ -112.5547674, 46.062008 ], [ -112.5494947, 46.0620229 ], [ -112.5494776, 46.0635802 ] ] ] ] } },
{ "type": "Feature", "properties": { "PLSSID": "MT200040N0090W0", "FRSTDIVID": "MT200040N0090W0SN250", "FRSTDIVTYP": "SN", "FRSTDIVTXT": "Section", "FRSTDIVNO": "25", "FRSTDIVDUP": "0", "FRSTDIVLAB": "25", "SURVTYP": null, "SURVTYPTXT": null, "SOURCEDATE": null, "SOURCEREF": null, "RECRDAREAT": null, "RECRDAREAN": 0.0, "GISACRE": 634.45378809299996, "SHAPE_Leng": 6403.4753744400005, "SHAPE_Area": 2567543.3870600001 }, "geometry": { "type": "MultiPolygon", "coordinates": [ [ [ [ -112.6577464, 46.0763181 ], [ -112.662941, 46.0763178 ], [ -112.6681309, 46.0763193 ], [ -112.6733209, 46.0763208 ], [ -112.6733117, 46.0727036 ], [ -112.6733025, 46.0690863 ], [ -112.6732933, 46.065469 ], [ -112.6732842, 46.0618517 ], [ -112.6680869, 46.0618471 ], [ -112.6628896, 46.0618426 ], [ -112.6576919, 46.0618414 ], [ -112.6525773, 46.0618403 ], [ -112.6525975, 46.0654601 ], [ -112.6526176, 46.0690799 ], [ -112.6526179, 46.0691342 ], [ -112.6527139, 46.0726992 ], [ -112.6528113, 46.0763185 ], [ -112.6577464, 46.0763181 ] ] ] ] } },
{ "type": "Feature", "properties": { "PLSSID": "MT200040N0080W0", "FRSTDIVID": "MT200040N0080W0SN060", "FRSTDIVTYP": "SN", "FRSTDIVTXT": "Section", "FRSTDIVNO": "06", "FRSTDIVDUP": "0", "FRSTDIVLAB": "06", "SURVTYP": null, "SURVTYPTXT": null, "SOURCEDATE": null, "SOURCEREF": null, "RECRDAREAT": null, "RECRDAREAN": 0.0, "GISACRE": 705.29558604800002, "SHAPE_Leng": 6767.9636388199997, "SHAPE_Area": 2854229.9720899998 }, "geometry": { "type": "MultiPolygon", "coordinates": [ [ [ [ -112.6322145, 46.1233036 ], [ -112.632188, 46.1269176 ], [ -112.6321747, 46.1305338 ], [ -112.632148, 46.1356729 ], [ -112.6355786, 46.1356734 ], [ -112.6374433, 46.1356737 ], [ -112.6407559, 46.1356741 ], [ -112.6427385, 46.1356743 ], [ -112.6459448, 46.135675 ], [ -112.648026, 46.1356754 ], [ -112.6511337, 46.1356758 ], [ -112.6529548, 46.1356758 ], [ -112.6529631, 46.131875 ], [ -112.6529642, 46.1304989 ], [ -112.6529684, 46.1277975 ], [ -112.6529688, 46.1268801 ], [ -112.652982, 46.1237194 ], [ -112.6529839, 46.1232607 ], [ -112.652999, 46.1196413 ], [ -112.6477599, 46.1196595 ], [ -112.642575, 46.1196777 ], [ -112.637408, 46.1196836 ], [ -112.632241, 46.1196895 ], [ -112.6322145, 46.1233036 ] ] ] ] } },
{ "type": "Feature", "properties": { "PLSSID": "MT200040N0080W0", "FRSTDIVID": "MT200040N0080W0SN020", "FRSTDIVTYP": "SN", "FRSTDIVTXT": "Section", "FRSTDIVNO": "02", "FRSTDIVDUP": "0", "FRSTDIVLAB": "02", "SURVTYP": null, "SURVTYPTXT": null, "SOURCEDATE": null, "SOURCEREF": null, "RECRDAREAT": null, "RECRDAREAN": 0.0, "GISACRE": 703.69958894900003, "SHAPE_Leng": 6761.1112889400001, "SHAPE_Area": 2847771.2009800002 }, "geometry": { "type": "MultiPolygon", "coordinates": [ [ [ [ -112.5487598, 46.1232507 ], [ -112.5487282, 46.1268626 ], [ -112.5487124, 46.1304777 ], [ -112.54868, 46.1356543 ], [ -112.5500127, 46.1356543 ], [ -112.5526069, 46.1356543 ], [ -112.55384, 46.1356543 ], [ -112.5552012, 46.1356543 ], [ -112.5577955, 46.1356543 ], [ -112.5590001, 46.1356543 ], [ -112.5629864, 46.1356552 ], [ -112.564161, 46.1356554 ], [ -112.5681772, 46.1356562 ], [ -112.5693219, 46.1356562 ], [ -112.5693779, 46.1304002 ], [ -112.5694043, 46.1267877 ], [ -112.5694571, 46.1231809 ], [ -112.5695099, 46.1195741 ], [ -112.5643303, 46.1195903 ], [ -112.5591506, 46.1196064 ], [ -112.553971, 46.1196226 ], [ -112.5487913, 46.1196388 ], [ -112.5487598, 46.1232507 ] ] ] ] } },
{ "type": "Feature", "properties": { "PLSSID": "MT200020N0080W0", "FRSTDIVID": "MT200020N0080W0SN020", "FRSTDIVTYP": "SN", "FRSTDIVTXT": "Section", "FRSTDIVNO": "02", "FRSTDIVDUP": "0", "FRSTDIVLAB": "02", "SURVTYP": null, "SURVTYPTXT": null, "SOURCEDATE": null, "SOURCEREF": null, "RECRDAREAT": null, "RECRDAREAN": 0.0, "GISACRE": 646.38968583999997, "SHAPE_Leng": 6469.62492157, "SHAPE_Area": 2615846.2515099999 }, "geometry": { "type": "MultiPolygon", "coordinates": [ [ [ [ -112.5703807, 45.9494265 ], [ -112.5704403, 45.9458028 ], [ -112.5652275, 45.9458326 ], [ -112.5600147, 45.9458624 ], [ -112.5548019, 45.9458922 ], [ -112.5495891, 45.945922 ], [ -112.5495332, 45.9495664 ], [ -112.5494773, 45.9532108 ], [ -112.5494513, 45.9549228 ], [ -112.5494283, 45.9564401 ], [ -112.5494222, 45.9568422 ], [ -112.5494047, 45.9579997 ], [ -112.5493786, 45.9597172 ], [ -112.5493677, 45.9604373 ], [ -112.5513725, 45.9604394 ], [ -112.5514101, 45.9604394 ], [ -112.554568, 45.96044 ], [ -112.5565164, 45.9604404 ], [ -112.5584236, 45.9604405 ], [ -112.5597684, 45.9604406 ], [ -112.5649812, 45.9604434 ], [ -112.570194, 45.9604463 ], [ -112.5702588, 45.9566712 ], [ -112.570321, 45.9530502 ], [ -112.5703807, 45.9494265 ] ] ] ] } },
{ "type": "Feature", "properties": { "PLSSID": "MT200040N0090W0", "FRSTDIVID": "MT200040N0090W0SN140", "FRSTDIVTYP": "SN", "FRSTDIVTXT": "Section", "FRSTDIVNO": "14", "FRSTDIVDUP": "0", "FRSTDIVLAB": "14", "SURVTYP": null, "SURVTYPTXT": null, "SOURCEDATE": null, "SOURCEREF": null, "RECRDAREAT": null, "RECRDAREAN": 0.0, "GISACRE": 636.76920166399998, "SHAPE_Leng": 6421.1203661700001, "SHAPE_Area": 2576913.5333400001 }, "geometry": { "type": "MultiPolygon", "coordinates": [ [ [ [ -112.6785035, 46.1052085 ], [ -112.6837066, 46.1052099 ], [ -112.6889097, 46.1052114 ], [ -112.6941128, 46.1052128 ], [ -112.694115, 46.1016034 ], [ -112.6941172, 46.097994 ], [ -112.6941194, 46.0943847 ], [ -112.6941216, 46.0907753 ], [ -112.6889235, 46.0907794 ], [ -112.6837255, 46.0907835 ], [ -112.6785274, 46.0907877 ], [ -112.6733294, 46.0907918 ], [ -112.6733222, 46.0943956 ], [ -112.6733149, 46.0979994 ], [ -112.6733077, 46.1016032 ], [ -112.6733005, 46.105207 ], [ -112.6785035, 46.1052085 ] ] ] ] } },
{ "type": "Feature", "properties": { "PLSSID": "MT200030N0070W0", "FRSTDIVID": "MT200030N0070W0SN350", "FRSTDIVTYP": "SN", "FRSTDIVTXT": "Section", "FRSTDIVNO": "35", "FRSTDIVDUP": "0", "FRSTDIVLAB": "35", "SURVTYP": null, "SURVTYPTXT": null, "SOURCEDATE": null, "SOURCEREF": null, "RECRDAREAT": null, "RECRDAREAN": 0.0, "GISACRE": 639.48078836800005, "SHAPE_Leng": 6434.8004351400004, "SHAPE_Area": 2587886.9354099999 }, "geometry": { "type": "MultiPolygon", "coordinates": [ [ [ [ -112.4401951, 45.9605203 ], [ -112.4360463, 45.9605215 ], [ -112.4350113, 45.9605215 ], [ -112.4308146, 45.9605227 ], [ -112.4298276, 45.960523 ], [ -112.4255829, 45.9605242 ], [ -112.4246438, 45.9605242 ], [ -112.4246439, 45.9606516 ], [ -112.4246449, 45.9616999 ], [ -112.4246471, 45.9641475 ], [ -112.4246504, 45.9677709 ], [ -112.4246537, 45.9713942 ], [ -112.424657, 45.9750176 ], [ -112.4298362, 45.9750228 ], [ -112.4350154, 45.9750279 ], [ -112.4401946, 45.9750332 ], [ -112.4453737, 45.9750383 ], [ -112.445375, 45.9714085 ], [ -112.4453763, 45.9677786 ], [ -112.4453769, 45.9660245 ], [ -112.4453775, 45.9643847 ], [ -112.4453776, 45.9641488 ], [ -112.4453789, 45.9605189 ], [ -112.4412249, 45.9605201 ], [ -112.4401951, 45.9605203 ] ] ] ] } },
{ "type": "Feature", "properties": { "PLSSID": "MT200020N0080W0", "FRSTDIVID": "MT200020N0080W0SN170", "FRSTDIVTYP": "SN", "FRSTDIVTXT": "Section", "FRSTDIVNO": "17", "FRSTDIVDUP": "0", "FRSTDIVLAB": "17", "SURVTYP": null, "SURVTYPTXT": null, "SOURCEDATE": null, "SOURCEREF": null, "RECRDAREAT": null, "RECRDAREAN": 0.0, "GISACRE": 646.90638814800002, "SHAPE_Leng": 6472.04336848, "SHAPE_Area": 2617937.2715699999 }, "geometry": { "type": "MultiPolygon", "coordinates": [ [ [ [ -112.6225351, 45.9313733 ], [ -112.6277573, 45.9313749 ], [ -112.6329796, 45.9313764 ], [ -112.6329743, 45.9277446 ], [ -112.6329691, 45.9241128 ], [ -112.6329639, 45.9204811 ], [ -112.6329587, 45.9168492 ], [ -112.6277319, 45.9168402 ], [ -112.6225052, 45.9168311 ], [ -112.6172784, 45.916822 ], [ -112.6120517, 45.9168129 ], [ -112.6120614, 45.9204523 ], [ -112.6120712, 45.9240916 ], [ -112.6120809, 45.9277309 ], [ -112.6120906, 45.9313702 ], [ -112.6173129, 45.9313718 ], [ -112.6225351, 45.9313733 ] ] ] ] } },
{ "type": "Feature", "properties": { "PLSSID": "MT200020N0080W0", "FRSTDIVID": "MT200020N0080W0SN010", "FRSTDIVTYP": "SN", "FRSTDIVTXT": "Section", "FRSTDIVNO": "01", "FRSTDIVDUP": "0", "FRSTDIVLAB": "01", "SURVTYP": null, "SURVTYPTXT": null, "SOURCEDATE": null, "SOURCEREF": null, "RECRDAREAT": null, "RECRDAREAN": 0.0, "GISACRE": 646.50648915099998, "SHAPE_Leng": 6470.6386887199997, "SHAPE_Area": 2616318.93774 }, "geometry": { "type": "MultiPolygon", "coordinates": [ [ [ [ -112.5494283, 45.9564401 ], [ -112.5494513, 45.9549228 ], [ -112.5494773, 45.9532108 ], [ -112.5495332, 45.9495664 ], [ -112.5495891, 45.945922 ], [ -112.5443357, 45.9459088 ], [ -112.5390823, 45.9458957 ], [ -112.5338289, 45.9458826 ], [ -112.5285755, 45.9458694 ], [ -112.5285764, 45.9495192 ], [ -112.5285768, 45.9510406 ], [ -112.5285774, 45.9526357 ], [ -112.5285776, 45.953169 ], [ -112.5285781, 45.954264 ], [ -112.5285789, 45.9554947 ], [ -112.5285798, 45.9568021 ], [ -112.5285798, 45.9568515 ], [ -112.5285806, 45.9581331 ], [ -112.5285811, 45.9592547 ], [ -112.5285816, 45.9604381 ], [ -112.5338163, 45.9604355 ], [ -112.5345111, 45.9604351 ], [ -112.5347423, 45.9604351 ], [ -112.5382609, 45.9604339 ], [ -112.5386066, 45.9604339 ], [ -112.5390509, 45.9604338 ], [ -112.5392956, 45.9604338 ], [ -112.5401125, 45.9604339 ], [ -112.5442093, 45.9604338 ], [ -112.544797, 45.9604338 ], [ -112.5481309, 45.9604366 ], [ -112.5493677, 45.9604373 ], [ -112.5493786, 45.9597172 ], [ -112.5494047, 45.9579997 ], [ -112.5494222, 45.9568422 ], [ -112.5494283, 45.9564401 ] ] ] ] } },
{ "type": "Feature", "properties": { "PLSSID": "MT200040N0090W0", "FRSTDIVID": "MT200040N0090W0SN130", "FRSTDIVTYP": "SN", "FRSTDIVTXT": "Section", "FRSTDIVNO": "13", "FRSTDIVDUP": "0", "FRSTDIVLAB": "13", "SURVTYP": null, "SURVTYPTXT": null, "SOURCEDATE": null, "SOURCEREF": null, "RECRDAREAT": null, "RECRDAREAN": 0.0, "GISACRE": 643.67447620500002, "SHAPE_Leng": 6469.91845801, "SHAPE_Area": 2604858.1879699999 }, "geometry": { "type": "MultiPolygon", "coordinates": [ [ [ [ -112.6517963, 46.1051576 ], [ -112.657689, 46.1051692 ], [ -112.6628922, 46.1051789 ], [ -112.6680963, 46.1051929 ], [ -112.6733005, 46.105207 ], [ -112.6733077, 46.1016032 ], [ -112.6733149, 46.0979994 ], [ -112.6733222, 46.0943956 ], [ -112.6733294, 46.0907918 ], [ -112.6681362, 46.0907944 ], [ -112.662943, 46.0907969 ], [ -112.657746, 46.0907993 ], [ -112.6524946, 46.0908017 ], [ -112.6524916, 46.0909355 ], [ -112.6523981, 46.0943925 ], [ -112.6523011, 46.0979834 ], [ -112.6522974, 46.0981136 ], [ -112.6520515, 46.1015705 ], [ -112.6517963, 46.1051576 ] ] ] ] } },
{ "type": "Feature", "properties": { "PLSSID": "MT200020N0070W0", "FRSTDIVID": "MT200020N0070W0SN180", "FRSTDIVTYP": "SN", "FRSTDIVTXT": "Section", "FRSTDIVNO": "18", "FRSTDIVDUP": "0", "FRSTDIVLAB": "18", "SURVTYP": null, "SURVTYPTXT": null, "SOURCEDATE": null, "SOURCEREF": null, "RECRDAREAT": null, "RECRDAREAN": 0.0, "GISACRE": 640.26179193300004, "SHAPE_Leng": 6438.7866634399998, "SHAPE_Area": 2591047.5447 }, "geometry": { "type": "MultiPolygon", "coordinates": [ [ [ [ -112.5081069, 45.9311815 ], [ -112.5133492, 45.931162 ], [ -112.5185916, 45.9311424 ], [ -112.5238059, 45.9311269 ], [ -112.5285616, 45.931113 ], [ -112.5285727, 45.9274556 ], [ -112.5285839, 45.9237983 ], [ -112.528595, 45.9201409 ], [ -112.5286061, 45.9164835 ], [ -112.5236858, 45.9164895 ], [ -112.518472, 45.9164961 ], [ -112.5132292, 45.9165096 ], [ -112.5079863, 45.916523 ], [ -112.5080165, 45.9201876 ], [ -112.5080466, 45.9238522 ], [ -112.5080767, 45.9275169 ], [ -112.5081069, 45.9311815 ] ] ] ] } },
{ "type": "Feature", "properties": { "PLSSID": "MT200030N0080W0", "FRSTDIVID": "MT200030N0080W0SN180", "FRSTDIVTYP": "SN", "FRSTDIVTXT": "Section", "FRSTDIVNO": "18", "FRSTDIVDUP": "0", "FRSTDIVLAB": "18", "SURVTYP": null, "SURVTYPTXT": null, "SOURCEDATE": null, "SOURCEREF": null, "RECRDAREAT": null, "RECRDAREAN": 0.0, "GISACRE": 619.602062886, "SHAPE_Leng": 6320.4426796899997, "SHAPE_Area": 2507440.5875200001 }, "geometry": { "type": "MultiPolygon", "coordinates": [ [ [ [ -112.6527253, 46.0181832 ], [ -112.6527427, 46.0149284 ], [ -112.6527451, 46.014525 ], [ -112.6527502, 46.0136292 ], [ -112.6527609, 46.012003 ], [ -112.6527682, 46.0108669 ], [ -112.6527706, 46.0104242 ], [ -112.6527798, 46.0089586 ], [ -112.6527876, 46.0076107 ], [ -112.6527902, 46.0072087 ], [ -112.652798, 46.0059895 ], [ -112.6528012, 46.0053796 ], [ -112.6528109, 46.0035505 ], [ -112.6481294, 46.003612 ], [ -112.647738, 46.0036158 ], [ -112.6425123, 46.0036665 ], [ -112.6376867, 46.0039114 ], [ -112.6354527, 46.0040248 ], [ -112.632861, 46.0041575 ], [ -112.6328574, 46.0077765 ], [ -112.6328525, 46.0113969 ], [ -112.6328498, 46.0132057 ], [ -112.6328472, 46.0150149 ], [ -112.6328428, 46.0186334 ], [ -112.6380963, 46.0185028 ], [ -112.6433498, 46.0183723 ], [ -112.6484526, 46.0182725 ], [ -112.6527253, 46.0181832 ] ] ] ] } },
{ "type": "Feature", "properties": { "PLSSID": "MT200020N0090W0", "FRSTDIVID": "MT200020N0090W0SN010", "FRSTDIVTYP": "SN", "FRSTDIVTXT": "Section", "FRSTDIVNO": "01", "FRSTDIVDUP": "0", "FRSTDIVLAB": "01", "SURVTYP": null, "SURVTYPTXT": null, "SOURCEDATE": null, "SOURCEREF": null, "RECRDAREAT": null, "RECRDAREAN": 0.0, "GISACRE": 767.65416174799998, "SHAPE_Leng": 7037.2305386600001, "SHAPE_Area": 3106586.1746499999 }, "geometry": { "type": "MultiPolygon", "coordinates": [ [ [ [ -112.6513197, 45.9459385 ], [ -112.6513381, 45.947336 ], [ -112.6513676, 45.9495661 ], [ -112.651386, 45.9509615 ], [ -112.6517619, 45.9531937 ], [ -112.6519935, 45.9545871 ], [ -112.6523694, 45.9568193 ], [ -112.6530174, 45.9605773 ], [ -112.6584099, 45.9606494 ], [ -112.6638024, 45.9607216 ], [ -112.669195, 45.9607937 ], [ -112.6745875, 45.9608658 ], [ -112.6736514, 45.9548849 ], [ -112.673075, 45.9512717 ], [ -112.6725128, 45.9476407 ], [ -112.6719505, 45.9440096 ], [ -112.6667899, 45.9439348 ], [ -112.6616293, 45.94386 ], [ -112.6564686, 45.9437852 ], [ -112.651308, 45.9437104 ], [ -112.6513197, 45.9459385 ] ] ] ] } },
{ "type": "Feature", "properties": { "PLSSID": "MT200020N0070W0", "FRSTDIVID": "MT200020N0070W0SN110", "FRSTDIVTYP": "SN", "FRSTDIVTXT": "Section", "FRSTDIVNO": "11", "FRSTDIVDUP": "0", "FRSTDIVLAB": "11", "SURVTYP": null, "SURVTYPTXT": null, "SOURCEDATE": null, "SOURCEREF": null, "RECRDAREAT": null, "RECRDAREAN": 0.0, "GISACRE": 638.96922096900005, "SHAPE_Leng": 6448.3813141500004, "SHAPE_Area": 2585816.6955900001 }, "geometry": { "type": "MultiPolygon", "coordinates": [ [ [ [ -112.4256065, 45.9344176 ], [ -112.425606, 45.9380247 ], [ -112.4256074, 45.9416362 ], [ -112.4256088, 45.9452477 ], [ -112.43081, 45.9452634 ], [ -112.4360111, 45.9452792 ], [ -112.4412055, 45.9452887 ], [ -112.4463998, 45.9452982 ], [ -112.4465554, 45.9452983 ], [ -112.4465486, 45.9420949 ], [ -112.4465477, 45.9416772 ], [ -112.4465403, 45.9384722 ], [ -112.4465396, 45.9380561 ], [ -112.4464953, 45.9348706 ], [ -112.4464895, 45.9344544 ], [ -112.4464452, 45.931269 ], [ -112.4464446, 45.9308528 ], [ -112.4413042, 45.9309291 ], [ -112.4412355, 45.9309301 ], [ -112.4361639, 45.9310053 ], [ -112.4360265, 45.9310031 ], [ -112.4308855, 45.930908 ], [ -112.4308168, 45.9309067 ], [ -112.4256071, 45.9308104 ], [ -112.4256065, 45.9344176 ] ] ] ] } },
{ "type": "Feature", "properties": { "PLSSID": "MT200030N0090W0", "FRSTDIVID": "MT200030N0090W0SN120", "FRSTDIVTYP": "SN", "FRSTDIVTXT": "Section", "FRSTDIVNO": "12", "FRSTDIVDUP": "0", "FRSTDIVLAB": "12", "SURVTYP": null, "SURVTYPTXT": null, "SOURCEDATE": null, "SOURCEREF": null, "RECRDAREAT": null, "RECRDAREAN": 0.0, "GISACRE": 640.878213706, "SHAPE_Leng": 6451.9964369700001, "SHAPE_Area": 2593542.1151100001 }, "geometry": { "type": "MultiPolygon", "coordinates": [ [ [ [ -112.6527068, 46.0218351 ], [ -112.6526883, 46.025487 ], [ -112.6526699, 46.029139 ], [ -112.6526514, 46.032791 ], [ -112.657852, 46.0327869 ], [ -112.6580118, 46.0327869 ], [ -112.6630523, 46.032783 ], [ -112.6633719, 46.032783 ], [ -112.6681613, 46.0327795 ], [ -112.6687316, 46.0327795 ], [ -112.6732699, 46.0327763 ], [ -112.6740911, 46.0327763 ], [ -112.6740913, 46.0300295 ], [ -112.6740913, 46.0295818 ], [ -112.6740915, 46.0263874 ], [ -112.6741428, 46.0228127 ], [ -112.6741942, 46.019238 ], [ -112.668827, 46.0189743 ], [ -112.6634597, 46.0187106 ], [ -112.6580925, 46.0184469 ], [ -112.6527253, 46.0181832 ], [ -112.6527068, 46.0218351 ] ] ] ] } },
{ "type": "Feature", "properties": { "PLSSID": "MT200030N0080W0", "FRSTDIVID": "MT200030N0080W0SN030", "FRSTDIVTYP": "SN", "FRSTDIVTXT": "Section", "FRSTDIVNO": "03", "FRSTDIVDUP": "0", "FRSTDIVLAB": "03", "SURVTYP": null, "SURVTYPTXT": null, "SOURCEDATE": null, "SOURCEREF": null, "RECRDAREAT": null, "RECRDAREAN": 0.0, "GISACRE": 628.29532492500005, "SHAPE_Leng": 6383.1856403900001, "SHAPE_Area": 2542620.9708400001 }, "geometry": { "type": "MultiPolygon", "coordinates": [ [ [ [ -112.5724753, 46.0331472 ], [ -112.5711032, 46.0331508 ], [ -112.5710601, 46.0331509 ], [ -112.5705627, 46.0331522 ], [ -112.570562, 46.0332793 ], [ -112.570562, 46.0332897 ], [ -112.5705572, 46.0342092 ], [ -112.5705569, 46.0342685 ], [ -112.5705496, 46.0356627 ], [ -112.5705438, 46.0367687 ], [ -112.5705403, 46.0373418 ], [ -112.5705325, 46.0386013 ], [ -112.5705248, 46.0398455 ], [ -112.5705234, 46.0403591 ], [ -112.5705233, 46.0403965 ], [ -112.570524, 46.0407083 ], [ -112.5705264, 46.0420072 ], [ -112.5705285, 46.043248 ], [ -112.570529, 46.0434788 ], [ -112.5705301, 46.0440243 ], [ -112.5705309, 46.0443496 ], [ -112.570535, 46.0474017 ], [ -112.5757016, 46.0473827 ], [ -112.5808681, 46.0473636 ], [ -112.5860346, 46.0473445 ], [ -112.5912011, 46.0473255 ], [ -112.5912291, 46.0438451 ], [ -112.591259, 46.0402292 ], [ -112.5913129, 46.0366159 ], [ -112.5913212, 46.0360569 ], [ -112.5913457, 46.0344146 ], [ -112.5913667, 46.0330026 ], [ -112.5861514, 46.0330594 ], [ -112.5809361, 46.0331162 ], [ -112.5757565, 46.0331386 ], [ -112.5724753, 46.0331472 ] ] ] ] } },
{ "type": "Feature", "properties": { "PLSSID": "MT200040N0080W0", "FRSTDIVID": "MT200040N0080W0SN080", "FRSTDIVTYP": "SN", "FRSTDIVTXT": "Section", "FRSTDIVNO": "08", "FRSTDIVDUP": "0", "FRSTDIVLAB": "08", "SURVTYP": null, "SURVTYPTXT": null, "SOURCEDATE": null, "SOURCEREF": null, "RECRDAREAT": null, "RECRDAREAN": 0.0, "GISACRE": 633.25687930599997, "SHAPE_Leng": 6403.4021526799997, "SHAPE_Area": 2562699.6690500001 }, "geometry": { "type": "MultiPolygon", "coordinates": [ [ [ [ -112.6115982, 46.1088357 ], [ -112.6115777, 46.1124276 ], [ -112.6115571, 46.1160196 ], [ -112.6115365, 46.1196116 ], [ -112.6167127, 46.1196311 ], [ -112.6218887, 46.1196506 ], [ -112.6270648, 46.11967 ], [ -112.632241, 46.1196895 ], [ -112.6322854, 46.1160891 ], [ -112.63233, 46.1124887 ], [ -112.6323744, 46.1088882 ], [ -112.632419, 46.1052878 ], [ -112.6272189, 46.1052767 ], [ -112.6220189, 46.1052657 ], [ -112.6168188, 46.1052547 ], [ -112.6116188, 46.1052437 ], [ -112.6115982, 46.1088357 ] ] ] ] } },
{ "type": "Feature", "properties": { "PLSSID": "MT200030N0070W0", "FRSTDIVID": "MT200030N0070W0SN340", "FRSTDIVTYP": "SN", "FRSTDIVTXT": "Section", "FRSTDIVNO": "34", "FRSTDIVDUP": "0", "FRSTDIVLAB": "34", "SURVTYP": null, "SURVTYPTXT": null, "SOURCEDATE": null, "SOURCEREF": null, "RECRDAREAT": null, "RECRDAREAN": 0.0, "GISACRE": 640.47624576199996, "SHAPE_Leng": 6439.7616360100001, "SHAPE_Area": 2591915.4085599999 }, "geometry": { "type": "MultiPolygon", "coordinates": [ [ [ [ -112.4453776, 45.9641488 ], [ -112.4453775, 45.9643847 ], [ -112.4453769, 45.9660245 ], [ -112.4453763, 45.9677786 ], [ -112.445375, 45.9714085 ], [ -112.4453737, 45.9750383 ], [ -112.4505721, 45.9750268 ], [ -112.4557704, 45.9750153 ], [ -112.4609687, 45.9750037 ], [ -112.4623603, 45.9750006 ], [ -112.464245, 45.9749964 ], [ -112.466167, 45.9749922 ], [ -112.4661662, 45.9747184 ], [ -112.466162, 45.9732118 ], [ -112.4661588, 45.972104 ], [ -112.466157, 45.9714435 ], [ -112.4661568, 45.9713731 ], [ -112.4661527, 45.9699315 ], [ -112.4661497, 45.9688993 ], [ -112.4661482, 45.9683438 ], [ -112.4661465, 45.9677541 ], [ -112.4661449, 45.9671812 ], [ -112.46614, 45.965461 ], [ -112.4661362, 45.9641351 ], [ -112.466135, 45.9637128 ], [ -112.4661348, 45.963636 ], [ -112.4661301, 45.9619886 ], [ -112.4661271, 45.9609244 ], [ -112.466126, 45.960516 ], [ -112.4645076, 45.9605162 ], [ -112.4641185, 45.9605162 ], [ -112.4620387, 45.9605165 ], [ -112.4619635, 45.9605165 ], [ -112.4609384, 45.9605166 ], [ -112.459704, 45.9605169 ], [ -112.4587132, 45.960517 ], [ -112.457118, 45.9605171 ], [ -112.4567756, 45.9605171 ], [ -112.4557509, 45.9605171 ], [ -112.4556835, 45.9605171 ], [ -112.4515895, 45.960518 ], [ -112.4505649, 45.9605182 ], [ -112.4504953, 45.9605182 ], [ -112.4464035, 45.9605189 ], [ -112.4453789, 45.9605189 ], [ -112.4453776, 45.9641488 ] ] ] ] } },
{ "type": "Feature", "properties": { "PLSSID": "MT200040N0080W0", "FRSTDIVID": "MT200040N0080W0SN190", "FRSTDIVTYP": "SN", "FRSTDIVTXT": "Section", "FRSTDIVNO": "19", "FRSTDIVDUP": "0", "FRSTDIVLAB": "19", "SURVTYP": null, "SURVTYPTXT": null, "SOURCEDATE": null, "SOURCEREF": null, "RECRDAREAT": null, "RECRDAREAN": 0.0, "GISACRE": 617.9905435, "SHAPE_Leng": 6325.7421629500004, "SHAPE_Area": 2500918.99994 }, "geometry": { "type": "MultiPolygon", "coordinates": [ [ [ [ -112.6325902, 46.0798897 ], [ -112.6325855, 46.0835207 ], [ -112.6325807, 46.0871517 ], [ -112.632576, 46.0907827 ], [ -112.6377784, 46.0907876 ], [ -112.6429809, 46.0907925 ], [ -112.6481825, 46.0907975 ], [ -112.6524946, 46.0908017 ], [ -112.6525757, 46.0871809 ], [ -112.6526535, 46.0837066 ], [ -112.6526568, 46.0835601 ], [ -112.6527379, 46.0799393 ], [ -112.6528154, 46.0764776 ], [ -112.6528113, 46.0763185 ], [ -112.6481494, 46.0763016 ], [ -112.6429588, 46.0762833 ], [ -112.6377769, 46.076271 ], [ -112.6325949, 46.0762587 ], [ -112.6325902, 46.0798897 ] ] ] ] } },
{ "type": "Feature", "properties": { "PLSSID": "MT200040N0070W0", "FRSTDIVID": "MT200040N0070W0SN220", "FRSTDIVTYP": "SN", "FRSTDIVTXT": "Section", "FRSTDIVNO": "22", "FRSTDIVDUP": "0", "FRSTDIVLAB": "22", "SURVTYP": null, "SURVTYPTXT": null, "SOURCEDATE": null, "SOURCEREF": null, "RECRDAREAT": null, "RECRDAREAN": 0.0, "GISACRE": 638.04986265900004, "SHAPE_Leng": 6432.1503039400004, "SHAPE_Area": 2582096.1845100001 }, "geometry": { "type": "MultiPolygon", "coordinates": [ [ [ [ -112.4611083, 46.0765305 ], [ -112.4610027, 46.0765298 ], [ -112.4599777, 46.076523 ], [ -112.4558846, 46.076496 ], [ -112.4551642, 46.0764961 ], [ -112.4510505, 46.0764964 ], [ -112.4507011, 46.0764964 ], [ -112.4495748, 46.0764965 ], [ -112.4466764, 46.0764967 ], [ -112.4466061, 46.0764966 ], [ -112.4466057, 46.0766232 ], [ -112.4466045, 46.0770919 ], [ -112.4463393, 46.0770923 ], [ -112.4455203, 46.0770935 ], [ -112.4455207, 46.0771785 ], [ -112.445528, 46.0787944 ], [ -112.445534, 46.0801107 ], [ -112.4455368, 46.0807381 ], [ -112.4455411, 46.0816967 ], [ -112.4455485, 46.083344 ], [ -112.4455503, 46.083724 ], [ -112.4455519, 46.0843827 ], [ -112.4455548, 46.0855338 ], [ -112.4455591, 46.0873024 ], [ -112.4455593, 46.0873479 ], [ -112.4455604, 46.087809 ], [ -112.445561, 46.0880284 ], [ -112.4455649, 46.0895776 ], [ -112.4455685, 46.0909718 ], [ -112.4507635, 46.0909943 ], [ -112.4508804, 46.0909948 ], [ -112.451053, 46.0909956 ], [ -112.4559586, 46.0910103 ], [ -112.4569414, 46.0910121 ], [ -112.4611693, 46.0910164 ], [ -112.4628207, 46.091018 ], [ -112.46638, 46.0910237 ], [ -112.4663712, 46.089976 ], [ -112.4663613, 46.0888412 ], [ -112.4663483, 46.0873979 ], [ -112.4663449, 46.0870222 ], [ -112.4663306, 46.0854337 ], [ -112.4663183, 46.0840151 ], [ -112.4663162, 46.0837722 ], [ -112.4663168, 46.0835804 ], [ -112.4663188, 46.0829433 ], [ -112.4663195, 46.0827497 ], [ -112.4663207, 46.0823516 ], [ -112.4663251, 46.0806858 ], [ -112.4663265, 46.0801687 ], [ -112.4663273, 46.0798942 ], [ -112.4663297, 46.0781644 ], [ -112.466332, 46.0765652 ], [ -112.462014, 46.0765366 ], [ -112.4611083, 46.0765305 ] ] ] ] } },
{ "type": "Feature", "properties": { "PLSSID": "MT200030N0090W0", "FRSTDIVID": "MT200030N0090W0SN240", "FRSTDIVTYP": "SN", "FRSTDIVTXT": "Section", "FRSTDIVNO": "24", "FRSTDIVDUP": "0", "FRSTDIVLAB": "24", "SURVTYP": null, "SURVTYPTXT": null, "SOURCEDATE": null, "SOURCEREF": null, "RECRDAREAT": null, "RECRDAREAN": 0.0, "GISACRE": 660.40180272099997, "SHAPE_Leng": 6545.6883319500002, "SHAPE_Area": 2672551.2767099999 }, "geometry": { "type": "MultiPolygon", "coordinates": [ [ [ [ -112.6743181, 46.0008898 ], [ -112.674355, 45.9972815 ], [ -112.6743919, 45.9936733 ], [ -112.6744288, 45.990065 ], [ -112.6717491, 45.9899366 ], [ -112.6690695, 45.9898082 ], [ -112.6637102, 45.9895514 ], [ -112.6610306, 45.989423 ], [ -112.6583509, 45.9892946 ], [ -112.6529916, 45.9890378 ], [ -112.6529465, 45.992666 ], [ -112.6529013, 45.9962941 ], [ -112.6528561, 45.9999223 ], [ -112.6528335, 46.0017364 ], [ -112.6528109, 46.0035505 ], [ -112.6554946, 46.0036689 ], [ -112.6581784, 46.0037874 ], [ -112.6608622, 46.0039058 ], [ -112.663546, 46.0040243 ], [ -112.6689136, 46.0042612 ], [ -112.6715974, 46.0043796 ], [ -112.6742812, 46.0044981 ], [ -112.6742997, 46.0026939 ], [ -112.6743181, 46.0008898 ] ] ] ] } },
{ "type": "Feature", "properties": { "PLSSID": "MT200040N0080W0", "FRSTDIVID": "MT200040N0080W0SN340", "FRSTDIVTYP": "SN", "FRSTDIVTXT": "Section", "FRSTDIVNO": "34", "FRSTDIVDUP": "0", "FRSTDIVLAB": "34", "SURVTYP": null, "SURVTYPTXT": null, "SOURCEDATE": null, "SOURCEREF": null, "RECRDAREAT": null, "RECRDAREAN": 0.0, "GISACRE": 636.24699056300005, "SHAPE_Leng": 6420.0809507900003, "SHAPE_Area": 2574800.2199900001 }, "geometry": { "type": "MultiPolygon", "coordinates": [ [ [ [ -112.5912011, 46.0473255 ], [ -112.5860346, 46.0473445 ], [ -112.5808681, 46.0473636 ], [ -112.5757016, 46.0473827 ], [ -112.570535, 46.0474017 ], [ -112.5705284, 46.0510404 ], [ -112.5705217, 46.054679 ], [ -112.570497, 46.0583047 ], [ -112.5704724, 46.0619304 ], [ -112.5756565, 46.0618869 ], [ -112.5808405, 46.0618435 ], [ -112.5860246, 46.0618 ], [ -112.5912086, 46.0617565 ], [ -112.5912067, 46.0581488 ], [ -112.5912048, 46.054541 ], [ -112.5912038, 46.0524539 ], [ -112.5912034, 46.0516897 ], [ -112.591203, 46.0509332 ], [ -112.5912011, 46.0473255 ] ] ] ] } },
{ "type": "Feature", "properties": { "PLSSID": "MT200020N0070W0", "FRSTDIVID": "MT200020N0070W0SN090", "FRSTDIVTYP": "SN", "FRSTDIVTXT": "Section", "FRSTDIVNO": "09", "FRSTDIVDUP": "0", "FRSTDIVLAB": "09", "SURVTYP": null, "SURVTYPTXT": null, "SOURCEDATE": null, "SOURCEREF": null, "RECRDAREAT": null, "RECRDAREAN": 0.0, "GISACRE": 649.83045509700003, "SHAPE_Leng": 6486.6674328099998, "SHAPE_Area": 2629770.5506799999 }, "geometry": { "type": "MultiPolygon", "coordinates": [ [ [ [ -112.4713364, 45.9312791 ], [ -112.4661351, 45.9312874 ], [ -112.4661352, 45.9349404 ], [ -112.4661353, 45.9385934 ], [ -112.4661355, 45.9422455 ], [ -112.4661356, 45.9453908 ], [ -112.4661358, 45.9458927 ], [ -112.4713653, 45.9459003 ], [ -112.4765949, 45.9459079 ], [ -112.4818244, 45.9459155 ], [ -112.487054, 45.9459231 ], [ -112.4870256, 45.9422559 ], [ -112.4869972, 45.9385887 ], [ -112.4869688, 45.9349214 ], [ -112.4869404, 45.9312542 ], [ -112.4817391, 45.9312625 ], [ -112.4765377, 45.9312708 ], [ -112.4713364, 45.9312791 ] ] ] ] } },
{ "type": "Feature", "properties": { "PLSSID": "MT200040N0070W0", "FRSTDIVID": "MT200040N0070W0SN020", "FRSTDIVTYP": "SN", "FRSTDIVTXT": "Section", "FRSTDIVNO": "02", "FRSTDIVDUP": "0", "FRSTDIVLAB": "02", "SURVTYP": null, "SURVTYPTXT": null, "SOURCEDATE": null, "SOURCEREF": null, "RECRDAREAT": null, "RECRDAREAN": 0.0, "GISACRE": 661.74689646399997, "SHAPE_Leng": 6558.7031863499997, "SHAPE_Area": 2677994.67796 }, "geometry": { "type": "MultiPolygon", "coordinates": [ [ [ [ -112.4456134, 46.1308311 ], [ -112.4456091, 46.1272104 ], [ -112.445596, 46.1235878 ], [ -112.4455829, 46.1199651 ], [ -112.4403719, 46.1199719 ], [ -112.4351608, 46.1199788 ], [ -112.4308365, 46.1199811 ], [ -112.4299543, 46.1199813 ], [ -112.42563, 46.1199836 ], [ -112.4256354, 46.1210614 ], [ -112.4256343, 46.1236077 ], [ -112.4256334, 46.124732 ], [ -112.4256315, 46.1272346 ], [ -112.4256315, 46.1284026 ], [ -112.4256306, 46.1308563 ], [ -112.4256306, 46.1320714 ], [ -112.425628, 46.1356056 ], [ -112.426481, 46.1356049 ], [ -112.4300117, 46.1356021 ], [ -112.4316848, 46.1356016 ], [ -112.4352158, 46.1355992 ], [ -112.4368883, 46.135597 ], [ -112.4404192, 46.1355924 ], [ -112.4420918, 46.1355902 ], [ -112.4456227, 46.1356021 ], [ -112.4456134, 46.1308311 ] ] ] ] } },
{ "type": "Feature", "properties": { "PLSSID": "MT200030N0080W0", "FRSTDIVID": "MT200030N0080W0SN270", "FRSTDIVTYP": "SN", "FRSTDIVTXT": "Section", "FRSTDIVNO": "27", "FRSTDIVDUP": "0", "FRSTDIVLAB": "27", "SURVTYP": null, "SURVTYPTXT": null, "SOURCEDATE": null, "SOURCEREF": null, "RECRDAREAT": null, "RECRDAREAN": 0.0, "GISACRE": 646.38223922999998, "SHAPE_Leng": 6470.7169872300001, "SHAPE_Area": 2615816.1161500001 }, "geometry": { "type": "MultiPolygon", "coordinates": [ [ [ [ -112.5911599, 45.9894419 ], [ -112.5911597, 45.9892315 ], [ -112.5911565, 45.986114 ], [ -112.5911562, 45.9858125 ], [ -112.591155, 45.98469 ], [ -112.591155, 45.9845466 ], [ -112.5911544, 45.9830631 ], [ -112.5911544, 45.9830478 ], [ -112.5911541, 45.9821831 ], [ -112.5911577, 45.9814573 ], [ -112.5911579, 45.9814168 ], [ -112.5911613, 45.9798125 ], [ -112.591164, 45.978551 ], [ -112.5911717, 45.9749189 ], [ -112.5859274, 45.9749261 ], [ -112.580683, 45.9749332 ], [ -112.5754655, 45.9749399 ], [ -112.570248, 45.9749466 ], [ -112.5702564, 45.9780941 ], [ -112.5702575, 45.9785878 ], [ -112.5702599, 45.9797393 ], [ -112.5702623, 45.9808496 ], [ -112.5702649, 45.982229 ], [ -112.5702654, 45.9824398 ], [ -112.5702684, 45.9840966 ], [ -112.5702712, 45.9856472 ], [ -112.5702713, 45.9856833 ], [ -112.5702715, 45.9858738 ], [ -112.5702725, 45.9871274 ], [ -112.5702729, 45.987284 ], [ -112.5702738, 45.9877728 ], [ -112.5702763, 45.9889012 ], [ -112.5702774, 45.9893158 ], [ -112.5702779, 45.9895186 ], [ -112.5754985, 45.9894994 ], [ -112.5759104, 45.9894979 ], [ -112.5767783, 45.9894947 ], [ -112.5792571, 45.9894856 ], [ -112.5792813, 45.9894855 ], [ -112.5807191, 45.9894802 ], [ -112.5859395, 45.9894611 ], [ -112.5900726, 45.9894459 ], [ -112.5904545, 45.9894531 ], [ -112.5904822, 45.9894444 ], [ -112.5911599, 45.9894419 ] ] ] ] } },
{ "type": "Feature", "properties": { "PLSSID": "MT200040N0070W0", "FRSTDIVID": "MT200040N0070W0SN310", "FRSTDIVTYP": "SN", "FRSTDIVTXT": "Section", "FRSTDIVNO": "31", "FRSTDIVDUP": "0", "FRSTDIVLAB": "31", "SURVTYP": null, "SURVTYPTXT": null, "SOURCEDATE": null, "SOURCEREF": null, "RECRDAREAT": null, "RECRDAREAN": 0.0, "GISACRE": 638.79515844900004, "SHAPE_Leng": 6426.4580183799999, "SHAPE_Area": 2585112.28957 }, "geometry": { "type": "MultiPolygon", "coordinates": [ [ [ [ -112.5079511, 46.0490051 ], [ -112.5079523, 46.0492188 ], [ -112.5079541, 46.0495296 ], [ -112.5079636, 46.0511804 ], [ -112.5079637, 46.0512021 ], [ -112.5079675, 46.0518697 ], [ -112.5079684, 46.0520791 ], [ -112.5079694, 46.0522971 ], [ -112.507972, 46.0528912 ], [ -112.5079748, 46.0535152 ], [ -112.5079798, 46.0546923 ], [ -112.5079804, 46.0548316 ], [ -112.5079834, 46.0559566 ], [ -112.5079856, 46.0567704 ], [ -112.5079864, 46.0570693 ], [ -112.5079887, 46.0579337 ], [ -112.5079901, 46.0584576 ], [ -112.5079944, 46.0600475 ], [ -112.5079954, 46.0603993 ], [ -112.5079973, 46.0611316 ], [ -112.5079992, 46.0618206 ], [ -112.5079999, 46.0620836 ], [ -112.5085517, 46.0620822 ], [ -112.5112027, 46.0620753 ], [ -112.5132042, 46.0620701 ], [ -112.5138929, 46.0620683 ], [ -112.5167402, 46.0620609 ], [ -112.5184086, 46.0620565 ], [ -112.5189522, 46.0620554 ], [ -112.5191393, 46.062055 ], [ -112.520439, 46.0620522 ], [ -112.5211174, 46.0620508 ], [ -112.5222804, 46.0620485 ], [ -112.5227884, 46.0620474 ], [ -112.5236061, 46.0620457 ], [ -112.527563, 46.0620376 ], [ -112.527775, 46.0620371 ], [ -112.5287159, 46.0620352 ], [ -112.5287169, 46.0618995 ], [ -112.5287241, 46.0605225 ], [ -112.5287321, 46.0591056 ], [ -112.5287328, 46.0589537 ], [ -112.5287359, 46.0584177 ], [ -112.5287364, 46.0583254 ], [ -112.528741, 46.0575402 ], [ -112.5287416, 46.0574008 ], [ -112.5287495, 46.0560634 ], [ -112.5287507, 46.0558029 ], [ -112.5287562, 46.0548002 ], [ -112.5287564, 46.0547513 ], [ -112.5287524, 46.0544093 ], [ -112.5287511, 46.054308 ], [ -112.5287383, 46.0530064 ], [ -112.5287341, 46.0526553 ], [ -112.5287246, 46.0517593 ], [ -112.528719, 46.0511813 ], [ -112.5287188, 46.0511569 ], [ -112.5287106, 46.0503148 ], [ -112.5287082, 46.0501193 ], [ -112.5287004, 46.0494404 ], [ -112.5286901, 46.0485222 ], [ -112.5286835, 46.0479608 ], [ -112.5286787, 46.0475625 ], [ -112.5256092, 46.0475585 ], [ -112.5249028, 46.047558 ], [ -112.5240302, 46.0475572 ], [ -112.5238379, 46.0475571 ], [ -112.5235015, 46.0475569 ], [ -112.5188929, 46.0475551 ], [ -112.5186357, 46.047555 ], [ -112.5183265, 46.0475548 ], [ -112.5182408, 46.047555 ], [ -112.517472, 46.0475571 ], [ -112.5172044, 46.0475578 ], [ -112.5147966, 46.0475639 ], [ -112.513467, 46.0475667 ], [ -112.5131347, 46.0475669 ], [ -112.5089352, 46.0475701 ], [ -112.5081923, 46.0475721 ], [ -112.5079429, 46.0475726 ], [ -112.5079511, 46.0490051 ] ] ] ] } },
{ "type": "Feature", "properties": { "PLSSID": "MT200040N0080W0", "FRSTDIVID": "MT200040N0080W0SN250", "FRSTDIVTYP": "SN", "FRSTDIVTXT": "Section", "FRSTDIVNO": "25", "FRSTDIVDUP": "0", "FRSTDIVLAB": "25", "SURVTYP": null, "SURVTYPTXT": null, "SOURCEDATE": null, "SOURCEREF": null, "RECRDAREAT": null, "RECRDAREAN": 0.0, "GISACRE": 639.52532332600003, "SHAPE_Leng": 6425.8327471499997, "SHAPE_Area": 2588067.1619899999 }, "geometry": { "type": "MultiPolygon", "coordinates": [ [ [ [ -112.5494194, 46.0688974 ], [ -112.5494366, 46.0673198 ], [ -112.549455, 46.0656456 ], [ -112.5494576, 46.0654026 ], [ -112.5494776, 46.0635802 ], [ -112.5494947, 46.0620229 ], [ -112.5459752, 46.062002 ], [ -112.5443002, 46.061992 ], [ -112.5400688, 46.0619669 ], [ -112.5391058, 46.0619612 ], [ -112.5339113, 46.0619303 ], [ -112.5315738, 46.0619164 ], [ -112.5287169, 46.0618995 ], [ -112.5287159, 46.0620352 ], [ -112.5287133, 46.0623862 ], [ -112.528678, 46.0655275 ], [ -112.5286766, 46.0656515 ], [ -112.5286385, 46.0690399 ], [ -112.5286377, 46.0691557 ], [ -112.5286373, 46.0692678 ], [ -112.5286243, 46.0718262 ], [ -112.5286241, 46.0719058 ], [ -112.5286206, 46.0727545 ], [ -112.5286201, 46.0728839 ], [ -112.5286175, 46.0735071 ], [ -112.5286108, 46.0751555 ], [ -112.5286079, 46.0759318 ], [ -112.5286064, 46.0763533 ], [ -112.5293521, 46.0763645 ], [ -112.5316317, 46.0763986 ], [ -112.5337931, 46.076431 ], [ -112.5348694, 46.0764471 ], [ -112.5389799, 46.0764968 ], [ -112.5441579, 46.0765054 ], [ -112.5493359, 46.0765139 ], [ -112.5493756, 46.0728911 ], [ -112.5493832, 46.0722036 ], [ -112.5494013, 46.0705447 ], [ -112.5494153, 46.0692684 ], [ -112.5494194, 46.0688974 ] ] ] ] } },
{ "type": "Feature", "properties": { "PLSSID": "MT200040N0070W0", "FRSTDIVID": "MT200040N0070W0SN360", "FRSTDIVTYP": "SN", "FRSTDIVTXT": "Section", "FRSTDIVNO": "36", "FRSTDIVDUP": "0", "FRSTDIVLAB": "36", "SURVTYP": null, "SURVTYPTXT": null, "SOURCEDATE": null, "SOURCEREF": null, "RECRDAREAT": null, "RECRDAREAN": 0.0, "GISACRE": 640.454237014, "SHAPE_Leng": 6438.49974458, "SHAPE_Area": 2591826.3423100002 }, "geometry": { "type": "MultiPolygon", "coordinates": [ [ [ [ -112.4043355, 46.0501807 ], [ -112.4043355, 46.050326 ], [ -112.4043371, 46.0511942 ], [ -112.4043436, 46.0548103 ], [ -112.404354, 46.0584243 ], [ -112.4043644, 46.0620383 ], [ -112.4095748, 46.0620455 ], [ -112.4095878, 46.0620455 ], [ -112.4147852, 46.0620526 ], [ -112.4199826, 46.0620597 ], [ -112.4199956, 46.0620597 ], [ -112.425206, 46.0620669 ], [ -112.4251993, 46.0585512 ], [ -112.4251993, 46.0584481 ], [ -112.4251923, 46.0548292 ], [ -112.4251798, 46.05121 ], [ -112.4251673, 46.0475908 ], [ -112.4199551, 46.0475863 ], [ -112.4147429, 46.0475818 ], [ -112.4098638, 46.0475798 ], [ -112.4095379, 46.0475798 ], [ -112.4095338, 46.0475798 ], [ -112.4043328, 46.0475781 ], [ -112.4043355, 46.0501807 ] ] ] ] } },
{ "type": "Feature", "properties": { "PLSSID": "MT200030N0070W0", "FRSTDIVID": "MT200030N0070W0SN040", "FRSTDIVTYP": "SN", "FRSTDIVTXT": "Section", "FRSTDIVNO": "04", "FRSTDIVDUP": "0", "FRSTDIVLAB": "04", "SURVTYP": null, "SURVTYPTXT": null, "SOURCEDATE": null, "SOURCEREF": null, "RECRDAREAT": null, "RECRDAREAN": 0.0, "GISACRE": 654.58708503299999, "SHAPE_Leng": 6507.1455944199997, "SHAPE_Area": 2649019.9490800002 }, "geometry": { "type": "MultiPolygon", "coordinates": [ [ [ [ -112.4769747, 46.0327878 ], [ -112.4729874, 46.0327943 ], [ -112.4717878, 46.0327963 ], [ -112.4710202, 46.0327976 ], [ -112.4709735, 46.0327977 ], [ -112.4666009, 46.0328049 ], [ -112.4666015, 46.0328941 ], [ -112.4666122, 46.0344704 ], [ -112.4666135, 46.0346626 ], [ -112.4666247, 46.0363028 ], [ -112.4666255, 46.0364356 ], [ -112.4666266, 46.0365867 ], [ -112.4666294, 46.0370055 ], [ -112.4666334, 46.0375858 ], [ -112.4666402, 46.0385984 ], [ -112.466641, 46.0387142 ], [ -112.4666502, 46.0400663 ], [ -112.4666516, 46.0403399 ], [ -112.4666517, 46.0403685 ], [ -112.4666583, 46.0414875 ], [ -112.4666594, 46.0416786 ], [ -112.4666665, 46.0428882 ], [ -112.4666711, 46.0436901 ], [ -112.4666729, 46.0439932 ], [ -112.4666946, 46.047618 ], [ -112.4704599, 46.0476209 ], [ -112.4716496, 46.0476217 ], [ -112.4719095, 46.0476219 ], [ -112.4749173, 46.0476241 ], [ -112.4751697, 46.0476239 ], [ -112.4768592, 46.0476242 ], [ -112.4771245, 46.047623 ], [ -112.4775041, 46.0476212 ], [ -112.4791073, 46.0476149 ], [ -112.4795834, 46.0476128 ], [ -112.4798495, 46.0476116 ], [ -112.4820146, 46.0476062 ], [ -112.4822759, 46.0476056 ], [ -112.4844956, 46.0475996 ], [ -112.4846854, 46.0475987 ], [ -112.4856718, 46.0475941 ], [ -112.4860411, 46.0475923 ], [ -112.4862154, 46.0475915 ], [ -112.4871699, 46.0475873 ], [ -112.4874505, 46.0475867 ], [ -112.4874506, 46.0469758 ], [ -112.487451, 46.045504 ], [ -112.487451, 46.0453478 ], [ -112.4874512, 46.0448947 ], [ -112.4874513, 46.044292 ], [ -112.4874503, 46.0440664 ], [ -112.4874485, 46.0436303 ], [ -112.4874481, 46.0425124 ], [ -112.4874475, 46.040947 ], [ -112.4874474, 46.0406826 ], [ -112.4874446, 46.0400209 ], [ -112.4874411, 46.0392943 ], [ -112.4874399, 46.0390517 ], [ -112.4874373, 46.038525 ], [ -112.4874322, 46.037485 ], [ -112.487432, 46.037433 ], [ -112.4874302, 46.0370618 ], [ -112.4874269, 46.0364 ], [ -112.4874125, 46.0334409 ], [ -112.487414, 46.0327791 ], [ -112.4856936, 46.0327806 ], [ -112.4822602, 46.0327834 ], [ -112.4821943, 46.0327835 ], [ -112.4821658, 46.0327835 ], [ -112.4792161, 46.0327859 ], [ -112.4771989, 46.0327876 ], [ -112.4769747, 46.0327878 ] ] ] ] } },
{ "type": "Feature", "properties": { "PLSSID": "MT200040N0080W0", "FRSTDIVID": "MT200040N0080W0SN120", "FRSTDIVTYP": "SN", "FRSTDIVTXT": "Section", "FRSTDIVNO": "12", "FRSTDIVDUP": "0", "FRSTDIVLAB": "12", "SURVTYP": null, "SURVTYPTXT": null, "SOURCEDATE": null, "SOURCEREF": null, "RECRDAREAT": null, "RECRDAREAN": 0.0, "GISACRE": 629.82254324600001, "SHAPE_Leng": 6386.3225122399999, "SHAPE_Area": 2548801.40411 }, "geometry": { "type": "MultiPolygon", "coordinates": [ [ [ [ -112.5283894, 46.1054706 ], [ -112.5283591, 46.108886 ], [ -112.5283574, 46.1090872 ], [ -112.5283274, 46.1124677 ], [ -112.528326, 46.1127039 ], [ -112.52831, 46.1145121 ], [ -112.5282959, 46.1161011 ], [ -112.5282939, 46.1163204 ], [ -112.5282636, 46.1197344 ], [ -112.5333956, 46.1197105 ], [ -112.5385275, 46.1196866 ], [ -112.5436594, 46.1196627 ], [ -112.5487913, 46.1196388 ], [ -112.5488651, 46.1160436 ], [ -112.5489388, 46.1124483 ], [ -112.5490126, 46.108853 ], [ -112.5490864, 46.1052578 ], [ -112.5439128, 46.1052694 ], [ -112.5387392, 46.105281 ], [ -112.5335656, 46.1052926 ], [ -112.528392, 46.1053042 ], [ -112.5283894, 46.1054706 ] ] ] ] } },
{ "type": "Feature", "properties": { "PLSSID": "MT200040N0070W0", "FRSTDIVID": "MT200040N0070W0SN260", "FRSTDIVTYP": "SN", "FRSTDIVTXT": "Section", "FRSTDIVNO": "26", "FRSTDIVDUP": "0", "FRSTDIVLAB": "26", "SURVTYP": null, "SURVTYPTXT": null, "SOURCEDATE": null, "SOURCEREF": null, "RECRDAREAT": null, "RECRDAREAN": 0.0, "GISACRE": 669.06930217000001, "SHAPE_Leng": 6584.5816165899996, "SHAPE_Area": 2707627.40252 }, "geometry": { "type": "MultiPolygon", "coordinates": [ [ [ [ -112.4254321, 46.0656869 ], [ -112.4254285, 46.0659268 ], [ -112.4254046, 46.0674971 ], [ -112.425377, 46.0693073 ], [ -112.4253727, 46.0695805 ], [ -112.425278, 46.0733335 ], [ -112.4252747, 46.0734666 ], [ -112.4251833, 46.0770866 ], [ -112.430542, 46.0770885 ], [ -112.4359009, 46.0770904 ], [ -112.4407106, 46.077092 ], [ -112.4412527, 46.0770921 ], [ -112.4455203, 46.0770935 ], [ -112.4463393, 46.0770923 ], [ -112.4466045, 46.0770919 ], [ -112.4466057, 46.0766232 ], [ -112.4466061, 46.0764966 ], [ -112.4466078, 46.0758254 ], [ -112.4466098, 46.075171 ], [ -112.4466153, 46.0733903 ], [ -112.4466167, 46.0728919 ], [ -112.4466271, 46.069687 ], [ -112.4466272, 46.0692872 ], [ -112.4466298, 46.0659783 ], [ -112.4466297, 46.0656762 ], [ -112.4466325, 46.0622696 ], [ -112.4413548, 46.0622726 ], [ -112.4360772, 46.0622755 ], [ -112.4307807, 46.0622742 ], [ -112.4306416, 46.0622741 ], [ -112.4254842, 46.0622731 ], [ -112.4254321, 46.0656869 ] ] ] ] } },
{ "type": "Feature", "properties": { "PLSSID": "MT200030N0090W0", "FRSTDIVID": "MT200030N0090W0SN220", "FRSTDIVTYP": "SN", "FRSTDIVTXT": "Section", "FRSTDIVNO": "22", "FRSTDIVDUP": "0", "FRSTDIVLAB": "22", "SURVTYP": null, "SURVTYPTXT": null, "SOURCEDATE": null, "SOURCEREF": null, "RECRDAREAT": null, "RECRDAREAN": 0.0, "GISACRE": 644.12025888000005, "SHAPE_Leng": 6458.1503995499997, "SHAPE_Area": 2606662.2064499999 }, "geometry": { "type": "MultiPolygon", "coordinates": [ [ [ [ -112.7161831, 45.9900687 ], [ -112.7109673, 45.9900753 ], [ -112.7057515, 45.9900818 ], [ -112.7005357, 45.9900883 ], [ -112.6953187, 45.9900948 ], [ -112.6953237, 45.9937188 ], [ -112.6953276, 45.9973427 ], [ -112.6953315, 46.0009667 ], [ -112.6953354, 46.0045906 ], [ -112.7005618, 46.0045904 ], [ -112.7057881, 46.0045903 ], [ -112.7110145, 46.0045901 ], [ -112.7162408, 46.00459 ], [ -112.7162264, 46.0009596 ], [ -112.716212, 45.9973293 ], [ -112.7161975, 45.993699 ], [ -112.7161831, 45.9900687 ] ] ] ] } },
{ "type": "Feature", "properties": { "PLSSID": "MT200020N0070W0", "FRSTDIVID": "MT200020N0070W0SN150", "FRSTDIVTYP": "SN", "FRSTDIVTXT": "Section", "FRSTDIVNO": "15", "FRSTDIVDUP": "0", "FRSTDIVLAB": "15", "SURVTYP": null, "SURVTYPTXT": null, "SOURCEDATE": null, "SOURCEREF": null, "RECRDAREAT": null, "RECRDAREAN": 0.0, "GISACRE": 610.03611512999998, "SHAPE_Leng": 6288.6254710200001, "SHAPE_Area": 2468728.5704100002 }, "geometry": { "type": "MultiPolygon", "coordinates": [ [ [ [ -112.4463239, 45.9200022 ], [ -112.446328, 45.9203573 ], [ -112.4463655, 45.9236191 ], [ -112.4463661, 45.9239945 ], [ -112.4464032, 45.9272359 ], [ -112.4464077, 45.9276318 ], [ -112.4464446, 45.9308528 ], [ -112.4464452, 45.931269 ], [ -112.4506051, 45.9312702 ], [ -112.4511167, 45.9312703 ], [ -112.4557883, 45.9312719 ], [ -112.4609617, 45.9312796 ], [ -112.4661351, 45.9312874 ], [ -112.4660956, 45.9276451 ], [ -112.4660562, 45.9240028 ], [ -112.4660167, 45.9203605 ], [ -112.4659772, 45.9167183 ], [ -112.4607726, 45.9167189 ], [ -112.4570311, 45.9167194 ], [ -112.455568, 45.9167196 ], [ -112.450927, 45.9167199 ], [ -112.4500771, 45.9167199 ], [ -112.4462861, 45.9167201 ], [ -112.4463239, 45.9200022 ] ] ] ] } }
]
}
